-- --------------------------------------------------------
-- Host:                         127.0.0.1
-- Server version:               10.1.19-MariaDB - mariadb.org binary distribution
-- Server OS:                    Win32
-- HeidiSQL Version:             9.4.0.5125
-- --------------------------------------------------------

/*!40101 SET @OLD_CHARACTER_SET_CLIENT=@@CHARACTER_SET_CLIENT */;
/*!40101 SET NAMES utf8 */;
/*!50503 SET NAMES utf8mb4 */;
/*!40014 SET @OLD_FOREIGN_KEY_CHECKS=@@FOREIGN_KEY_CHECKS, FOREIGN_KEY_CHECKS=0 */;
/*!40101 SET @OLD_SQL_MODE=@@SQL_MODE, SQL_MODE='NO_AUTO_VALUE_ON_ZERO' */;

-- Dumping structure for table sppkti.mbti
CREATE TABLE IF NOT EXISTS `mbti` (
  `tipe_mbti` varchar(5) NOT NULL,
  `gambar` text NOT NULL,
  `keterangan` text NOT NULL,
  PRIMARY KEY (`tipe_mbti`)
) ENGINE=InnoDB DEFAULT CHARSET=latin1;

-- Dumping data for table sppkti.mbti: ~18 rows (approximately)
/*!40000 ALTER TABLE `mbti` DISABLE KEYS */;
INSERT INTO `mbti` (`tipe_mbti`, `gambar`, `keterangan`) VALUES
	('aa', 'blue@2x.png', '<p>asdf</p>\r\n'),
	('ENFJ', 'ENFJ.png', '<p><strong>Tipe ENFJ</strong><strong> (Meyakinkan)</strong></p>\r\n\r\n<ol xss=removed>\r\n <li>Kreatif, imajinatif, peka, sensitif, loyal.</li>\r\n <li>Pada umumnya peduli pada apa kata orang atau apa yang orang lain inginkan dan cenderung melakukan sesuatu dengan memperhatikan perasaan orang lain.</li>\r\n <li>Pandai bergaul, meyakinkan, ramah, <em>fun</em>, populer, simpatik. Responsif pada kritik dan pujian.</li>\r\n <li>Menyukai variasi dan tantangan baru.</li>\r\n <li>Butuh apresiasi dan penerimaan.</li>\r\n</ol>\r\n'),
	('ENFP', 'ENFP.png', '<p><strong>Tipe ENFP</strong> <strong>(Optimis)</strong></p>\r\n\r\n<ol xss=removed>\r\n <li>Ramah, hangat, enerjik, optimis, antusias, semangat tinggi, <em>fun</em>.</li>\r\n <li>Imaginatif, penuh ide, kreatif, inovatif.</li>\r\n <li>Mampu beradaptasi dengan beragam situasi dan perubahan.</li>\r\n <li>Pandai berkomunikasi, senang bersosialisasi & membawa suasana positif.</li>\r\n <li>Mudah membaca perasaan dan kebutuhan orang lain.</li>\r\n</ol>\r\n'),
	('ENTJ', 'ENTJ.png', '<p><strong>Tipe Orang ENTJ</strong><strong> (Pemimpin Alami)</strong></p>\r\n\r\n<ol xss=removed>\r\n <li>Tegas, asertif, to the point, jujur terus terang, obyektif, kritis, & punya standar tinggi.</li>\r\n <li>Dominan, kuat kemauannya, perfeksionis dan kompetitif.</li>\r\n <li>Tangguh, disiplin, dan sangat menghargai komitmen.</li>\r\n <li>Cenderung menutupi perasaan dan menyembunyikan kelemahan.</li>\r\n <li>Berkarisma, komunikasi baik, mampu menggerakkan orang.</li>\r\n <li>Berbakat pemimpin.</li>\r\n</ol>\r\n'),
	('ENTP', 'ENTP.png', '<p><strong>Tipe ENTP</strong><strong> (Inovatif </strong><strong>- Kreatif)</strong></p>\r\n\r\n<ol xss=removed>\r\n <li>Gesit, kreatif, inovatif, cerdik, logis, baik dalam banyak hal.</li>\r\n <li>Banyak bicara dan punya kemampuan debat yang baik. Bisa berargumentasi untuk senang-senang saja tanpa merasa bersalah.</li>\r\n <li>Fleksibel. Punya banyak cara untuk memecahkan masalah dan tantangan.</li>\r\n <li>Kurang konsisten. Cenderung untuk melakukan hal baru yang menarik hati setelah melakukan sesuatu yang lain.</li>\r\n <li>Punya keinginan kuat untuk mengembangkan diri.</li>\r\n</ol>\r\n'),
	('ESFJ', 'ESFJ.png', '<p><strong>Tipe ESFJ</strong><strong> (Harmonis)</strong></p>\r\n\r\n<ol xss=removed>\r\n <li>Hangat, banyak bicara, populer, dilahirkan untuk bekerjasama, suportif dan anggota kelompok yang aktif.</li>\r\n <li>Membutuhkan keseimbangan dan baik dalam menciptakan harmoni.</li>\r\n <li>Selalu melakukan sesuatu yang manis bagi orang lain. Kerja dengan baik dalam situasi yang mendukung dan memujinya.</li>\r\n <li>Santai, <em>easy going</em>, sederhana, tidak berfikir panjang.</li>\r\n <li>Teliti dan rajin merawat apa yang ia miliki.</li>\r\n</ol>\r\n'),
	('ESFP', 'ESFP.png', '<p><strong>Tipe ESFP</strong><strong> (Murah Hati)</strong></p>\r\n\r\n<ol xss=removed>\r\n <li><em>Outgoing, easygoing</em>, mudah berteman, bersahabat, sangat sosial, ramah, hangat, & menyenangkan.</li>\r\n <li>Optimis, ceria, antusias, fun, menghibur, suka menjadi perhatian.</li>\r\n <li>Punya <em>interpersonal skill</em> yang baik, murah hati, mudah simpatik dan mengenali perasaan orang lain. Menghindari konflik dan menjaga keharmonisan suatu hubungan.</li>\r\n <li>Mengetahui apa yang terjadi di sekelilingnya dan ikut serta dalam kegiatan tersebut.</li>\r\n <li>Sangat baik dalam keadaan yang membutuhkan <em>common sense</em>, tindakan cepat dan ketrampilan praktis.</li>\r\n</ol>\r\n'),
	('ESTJ', 'ESTJ.png', '<p><strong>Tipe Orang ESTJ</strong> <strong>(Konservatif </strong><strong>-</strong><strong> Disiplin)</strong></p>\r\n\r\n<ol>\r\n <li>Praktis, realistis, berpegang pada fakta, dengan dorongan alamiah untuk bisnis dan mekanistis.</li>\r\n <li>Sangat sistematis, procedural dan terencana.</li>\r\n <li>Disiplin, <em>on</em><em>-time</em> dan pekerja keras.</li>\r\n <li>Konservatif dan cenderung kaku.</li>\r\n <li>Tidak tertarik pada <em>subject</em> yang tidak berguna baginya, tapi dapat menyesuaikan diri jika diperlukan.</li>\r\n <li>Senang mengorganisir sesuatu. Bisa menjadi <em>administrator</em> yang baik jika mereka ingat untuk memperhatikan perasaan dan perspektif orang lain.</li>\r\n</ol>\r\n'),
	('ESTP', 'ESTP.png', '<p><strong>Tipe ESTP</strong><strong> (Spontan)</strong></p>\r\n\r\n<ol xss=removed>\r\n <li>Spontan, aktif, enerjik, cekatan, cepat, sigap, antusias, <em>fun</em> dan penuh variasi.</li>\r\n <li>Komunikator, asertif, <em>to</em><em>-the</em><em>-point</em>, ceplas-ceplos, berkarisma, punya interpersonal <em>skill</em> yang baik.</li>\r\n <li>Baik dalam pemecahan masalah langsung di tempat. Mampu menghadapi masalah, konflik dan kritik. Tidak khawatir, menikmati apapun yang terjadi.</li>\r\n <li>Cenderung untuk menyukai sesuatu yang mekanistis, kegiatan bersama dan olahraga.</li>\r\n <li>Mudah beradaptasi, toleran, pada umumnya konservatif tentang nilai-nilai. Tidak suka penjelasan terlalu panjang. Paling baik dalam hal-hal nyata yang dapat dilakukan.</li>\r\n</ol>\r\n'),
	('INFJ', 'INFJ.png', '<p><strong>Tipe INFJ</strong><strong> (Reflektif)</strong></p>\r\n\r\n<ol xss=removed>\r\n <li>Perhatian, empati, sensitif & berkomitmen terhadap sebuah hubungan.</li>\r\n <li>Sukses karena ketekunan, originalitas dan keinginan kuat untuk melakukan apa saja yang diperlukan termasuk memberikan yg terbaik dalam pekerjaan.</li>\r\n <li>Idealis, perfeksionis, memegang teguh prinsip.</li>\r\n <li><em>Visioner,</em> penuh ide, kreatif, suka merenung dan inspiring.</li>\r\n <li>Biasanya diikuti dan dihormati karena kejelasan visi serta dedikasi pada hal-hal baik.</li>\r\n</ol>\r\n'),
	('INFP', 'INFP.png', '<p><strong>Tipe INFP</strong><strong> (Idealis)</strong></p>\r\n\r\n<ol xss=removed>\r\n <li>Sangat perhatian dan peka dengan perasaan orang lain.</li>\r\n <li>Penuh dengan antusiasme dan kesetiaan, tapi biasanya hanya untuk orang dekat.</li>\r\n <li>Peduli pada banyak hal. Cenderung mengambil terlalu banyak dan menyelesaikan sebagian.</li>\r\n <li>Cenderung idealis dan perfeksionis.</li>\r\n <li>Berpikir <em>win-win solution</em>, mempercayai dan mengoptimalkan orang lain.</li>\r\n</ol>\r\n'),
	('INTJ', 'INTJ.png', '<p><strong>Tipe INTJ</strong><strong> (Independen)</strong></p>\r\n\r\n<ol xss=removed>\r\n <li><em>Visioner</em>, punya perencanaan praktis, & biasanya memiliki ide-ide original serta dorongan kuat untuk mencapainya.</li>\r\n <li>Mandiri dan percaya diri.</li>\r\n <li>Punya kemampuan analisa yang bagus serta menyederhanakan sesuatu yang rumit dan abstrak menjadi sesuatu yang praktis, mudah difahami & dipraktekkan.</li>\r\n <li>Skeptis, kritis, logis, menentukan (determinatif) dan kadang keras kepala.</li>\r\n <li>Punya keinginan untuk berkembang serta selalu ingin lebih maju dari orang lain.</li>\r\n <li>Kritik & konflik tidak menjadi masalah berarti.</li>\r\n</ol>\r\n'),
	('INTP', 'INTP.png', '<p><strong>Tipe INT</strong><strong>P (Konseptual)</strong></p>\r\n\r\n<ol xss=removed>\r\n <li>Sangat menghargai intelektualitas dan pengetahuan. Menikmati hal-hal teoritis dan ilmiah. Senang memecahkan masalah dengan logika dan analisa.</li>\r\n <li>Diam dan menahan diri. Lebih suka bekerja sendiri.</li>\r\n <li>Cenderung kritis, skeptis, mudah curiga dan pesimis.</li>\r\n <li>Tidak suka memimpin dan bisa menjadi pengikut yang tidak banyak menuntut.</li>\r\n <li>Cenderung memiliki minat yang jelas. Membutuhkan karir dimana minatnya bias berkembang dan bermanfaat. Jika menemukan sesuatu yang menarik minatnya, ia akan sangat serius dan antusias menekuninya.</li>\r\n</ol>\r\n'),
	('ISFJ', 'ISFJ.png', '<p><strong>Tipe ISFJ</strong><strong> (Setia)</strong></p>\r\n\r\n<ol xss=removed>\r\n <li>Penuh pertimbangan, hati-hati, teliti dan akurat.</li>\r\n <li>Serius, tenang, stabil namun sensitif.</li>\r\n <li>Ramah, perhatian pada perasaan & kebutuhan orang lain, setia, kooperatif, pendengar yang baik.</li>\r\n <li>Punya kemampuan mengorganisasi, detail, teliti, sangat bertanggungjawab & bisa diandalkan.</li>\r\n</ol>\r\n'),
	('ISFP', 'ISFP.png', '<p><strong>Tipe ISFP</strong><strong> (Artistik)</strong></p>\r\n\r\n<ol xss=removed>\r\n <li>Berpikiran simpel & praktis, fleksibel, sensitif, ramah, tidak menonjolkan diri, rendah hati pada kemampuannya.</li>\r\n <li>Menghindari konflik, tidak memaksakan pendapat atau nilai-nilainya pada orang lain.</li>\r\n <li>Biasanya tidak mau memimpin tetapi menjadi pengikut dan pelaksana yang setia.</li>\r\n <li>Seringkali santai menyelesaikan sesuatu, karena sangat menikmati apa yang terjadi saat ini.</li>\r\n <li>Menunjukkan perhatian lebih banyak melalui tindakan dibandingkan kata-kata.</li>\r\n</ol>\r\n'),
	('ISTJ', 'ISTJ.png', '<p><strong>Tipe ISTJ</strong><strong> (Bertanggungjawab)</strong></p>\r\n\r\n<ol xss=removed>\r\n <li>Serius, tenang, stabil & damai.</li>\r\n <li>Senang pada fakta, logis, obyektif, praktis & realistis.</li>\r\n <li><em>Task oriented</em>, tekun, teratur, menepati janji, dapat diandalkan & bertanggung jawab.</li>\r\n <li>Pendengar yang baik, setia, hanya mau berbagi dengan orang dekat.</li>\r\n <li>Memegang aturan, standar & prosedur dengan teguh.</li>\r\n</ol>\r\n'),
	('ISTP', 'ISTP.png', '<p><strong>Tipe ISTP</strong><strong> (Pragmatis)</strong></p>\r\n\r\n<ol xss=removed>\r\n <li>Tenang, pendiam, cenderung kaku, dingin, hati-hati, penuh pertimbangan.</li>\r\n <li>Logis, rasional, kritis, obyektif, mampu mengesampingkan perasaan.</li>\r\n <li>Mampu menghadapi perubahan mendadak dengan cepat dan tenang.</li>\r\n <li>Percaya diri, tegas dan mampu menghadapi perbedaan maupun kritik.</li>\r\n <li>Mampu menganalisa, mengorganisir, & mendelegasikan.</li>\r\n <li><em>Problem solver</em> yang baik terutama untuk masalah teknis & keadaan mendadak.</li>\r\n</ol>\r\n');
/*!40000 ALTER TABLE `mbti` ENABLE KEYS */;

-- Dumping structure for table sppkti.mbti_hasil
CREATE TABLE IF NOT EXISTS `mbti_hasil` (
  `id_mbti_hasil` int(11) NOT NULL AUTO_INCREMENT,
  `tipe_mbti` varchar(5) NOT NULL,
  `Introvert` varchar(3) NOT NULL,
  `Extrovert` varchar(3) NOT NULL,
  `Sensing` varchar(3) NOT NULL,
  `Intuition` varchar(3) NOT NULL,
  `Thinking` varchar(3) NOT NULL,
  `Feeling` varchar(3) NOT NULL,
  `Perceiving` varchar(3) NOT NULL,
  `Judging` varchar(3) NOT NULL,
  `id_user` int(11) NOT NULL,
  `id_mbti_kelas` int(11) NOT NULL,
  `presentase` tinyint(4) DEFAULT NULL,
  `status` enum('ACTIVE','INACTIVE') DEFAULT NULL,
  PRIMARY KEY (`id_mbti_hasil`),
  KEY `id_mbti` (`tipe_mbti`),
  KEY `id_user` (`id_user`),
  KEY `id_mbti_kelas` (`id_mbti_kelas`),
  CONSTRAINT `FK_mbti_hasil_mbti` FOREIGN KEY (`tipe_mbti`) REFERENCES `mbti` (`tipe_mbti`),
  CONSTRAINT `FK_mbti_hasil_mbti_kelas` FOREIGN KEY (`id_mbti_kelas`) REFERENCES `mbti_kelas` (`id_mbti_kelas`),
  CONSTRAINT `FK_mbti_hasil_users` FOREIGN KEY (`id_user`) REFERENCES `users` (`id`)
) ENGINE=InnoDB AUTO_INCREMENT=31 DEFAULT CHARSET=latin1;

-- Dumping data for table sppkti.mbti_hasil: ~28 rows (approximately)
/*!40000 ALTER TABLE `mbti_hasil` DISABLE KEYS */;
INSERT INTO `mbti_hasil` (`id_mbti_hasil`, `tipe_mbti`, `Introvert`, `Extrovert`, `Sensing`, `Intuition`, `Thinking`, `Feeling`, `Perceiving`, `Judging`, `id_user`, `id_mbti_kelas`, `presentase`, `status`) VALUES
	(1, 'ESFJ', '27', '73', '60', '40', '33', '67', '40', '60', 1, 1, NULL, 'INACTIVE'),
	(2, 'ISTP', '60', '40', '80', '20', '73', '27', '60', '40', 1, 3, NULL, 'INACTIVE'),
	(3, 'ISTP', '60', '40', '80', '20', '73', '27', '60', '40', 1, 3, NULL, 'INACTIVE'),
	(4, 'ENFP', '33', '67', '40', '60', '47', '53', '87', '13', 1, 1, NULL, 'INACTIVE'),
	(7, 'ISTP', '60', '40', '80', '20', '73', '27', '60', '40', 7, 3, NULL, 'INACTIVE'),
	(8, 'ENFJ', '', '', '', '', '', '', '', '', 1, 1, NULL, 'INACTIVE'),
	(9, 'ENFP', '', '', '', '', '', '', '', '', 1, 1, NULL, 'INACTIVE'),
	(10, 'ENTJ', '', '', '', '', '', '', '', '', 1, 1, NULL, 'INACTIVE'),
	(11, 'ENTP', '', '', '', '', '', '', '', '', 1, 1, NULL, 'INACTIVE'),
	(12, 'ESTP', '', '', '', '', '', '', '', '', 1, 5, NULL, 'INACTIVE'),
	(13, 'ESFP', '', '', '', '', '', '', '', '', 1, 1, NULL, 'INACTIVE'),
	(14, 'ESTJ', '', '', '', '', '', '', '', '', 1, 1, NULL, 'INACTIVE'),
	(15, 'ESTP', '', '', '', '', '', '', '', '', 1, 1, NULL, 'INACTIVE'),
	(16, 'INFJ', '', '', '', '', '', '', '', '', 1, 3, NULL, 'INACTIVE'),
	(17, 'ENTJ', '', '', '', '', '', '', '', '', 1, 2, NULL, 'INACTIVE'),
	(18, 'ENTP', '', '', '', '', '', '', '', '', 1, 2, NULL, 'INACTIVE'),
	(19, 'INTJ', '', '', '', '', '', '', '', '', 1, 2, NULL, 'INACTIVE'),
	(20, 'INTP', '', '', '', '', '', '', '', '', 1, 2, NULL, 'INACTIVE'),
	(21, 'ISTJ', '', '', '', '', '', '', '', '', 1, 3, NULL, 'INACTIVE'),
	(22, 'ESFJ', '', '', '', '', '', '', '', '', 1, 4, NULL, 'INACTIVE'),
	(23, 'ESTJ', '', '', '', '', '', '', '', '', 1, 4, NULL, 'INACTIVE'),
	(24, 'ISFJ', '', '', '', '', '', '', '', '', 1, 4, NULL, 'INACTIVE'),
	(25, 'ISTJ', '', '', '', '', '', '', '', '', 1, 4, NULL, 'INACTIVE'),
	(26, 'ESFP', '', '', '', '', '', '', '', '', 1, 5, NULL, 'INACTIVE'),
	(27, 'ISFP', '', '', '', '', '', '', '', '', 1, 5, NULL, 'INACTIVE'),
	(28, 'ISTP', '', '', '', '', '', '', '', '', 1, 5, NULL, 'INACTIVE'),
	(29, 'ISTP', '60', '40', '80', '20', '73', '27', '60', '40', 7, 3, 75, 'INACTIVE'),
	(30, 'ESTJ', '47', '53', '60', '40', '60', '40', '40', '60', 7, 1, 50, 'ACTIVE');
/*!40000 ALTER TABLE `mbti_hasil` ENABLE KEYS */;

-- Dumping structure for table sppkti.mbti_kelas
CREATE TABLE IF NOT EXISTS `mbti_kelas` (
  `id_mbti_kelas` int(11) NOT NULL AUTO_INCREMENT,
  `nama_kelas` varchar(50) NOT NULL,
  PRIMARY KEY (`id_mbti_kelas`)
) ENGINE=InnoDB AUTO_INCREMENT=6 DEFAULT CHARSET=latin1;

-- Dumping data for table sppkti.mbti_kelas: ~5 rows (approximately)
/*!40000 ALTER TABLE `mbti_kelas` DISABLE KEYS */;
INSERT INTO `mbti_kelas` (`id_mbti_kelas`, `nama_kelas`) VALUES
	(1, 'System Analyst'),
	(2, 'Software Designer'),
	(3, 'Programmer'),
	(4, 'Tester'),
	(5, 'Maintainer');
/*!40000 ALTER TABLE `mbti_kelas` ENABLE KEYS */;

-- Dumping structure for table sppkti.mbti_pernyataan
CREATE TABLE IF NOT EXISTS `mbti_pernyataan` (
  `id_pernyataan` int(11) NOT NULL AUTO_INCREMENT,
  `dikotomi` varchar(50) NOT NULL,
  `atribut1` varchar(50) NOT NULL,
  `pernyataan1` text NOT NULL,
  `atribut2` varchar(50) NOT NULL,
  `pernyataan2` text NOT NULL,
  PRIMARY KEY (`id_pernyataan`)
) ENGINE=InnoDB AUTO_INCREMENT=62 DEFAULT CHARSET=latin1;

-- Dumping data for table sppkti.mbti_pernyataan: ~60 rows (approximately)
/*!40000 ALTER TABLE `mbti_pernyataan` DISABLE KEYS */;
INSERT INTO `mbti_pernyataan` (`id_pernyataan`, `dikotomi`, `atribut1`, `pernyataan1`, `atribut2`, `pernyataan2`) VALUES
	(2, '4', 'Perceiving', 'Spontan, Fleksibel, tidak diikat waktu', 'Judging', 'Terencana dan memiliki deadline jelas'),
	(3, '1', 'Introvert', 'Lebih memilih berkomunikasi dengan menulis', 'Extrovert', 'Lebih memilih berkomunikasi dengan bicara'),
	(4, '4', 'Judging', 'Tidak menyukai hal-hal yang bersifat mendadak dan di luar perencanaan', 'Perceiving', 'Perubahan mendadak tidak jadi masalah'),
	(5, '3', 'Thinking', 'Obyektif', 'Feeling', 'Subyektif'),
	(6, '1', 'Extrovert', 'Menemukan dan mengembangkan ide dengan mendiskusikannya', 'Introvert', 'Menemukan dan mengembangkan ide dengan merenungkan'),
	(7, '2', 'Intuition', 'Bergerak dari gambaran umum baru ke detail', 'Sensing', 'Bergerak dari detail ke gambaran umum sebagai kesimpulan akhir'),
	(8, '1', 'Extrovert', 'Berorientasi pada dunia eksternal (kegiatan, orang)', 'Introvert', 'Berorientasi pada dunia internal (memori, pemikiran, ide)'),
	(9, '2', 'Sensing', 'Berbicara mengenai masalah yang dihadapi hari ini dan langkah-langkah praktis mengatasinya', 'Intuition', 'Berbicara mengenai visi masa depan dan konsep-konsep mengenai visi tersebut'),
	(10, '3', 'Feeling', 'Diyakinkan dengan penjelasan yang menyentuh perasaan', 'Thinking', 'Diyakinkan dengan penjelasan yang masuk akal'),
	(11, '1', 'Introvert', 'Fokus pada sedikit hobi namun mendalam', 'Extrovert', 'Fokus pada banyak hobi secara luas dan umum'),
	(12, '1', 'Introvert', 'Tertutup dan mandiri', 'Extrovert', 'Sosial dan ekspresif'),
	(13, '4', 'Perceiving', 'Aturan, jadwal dan target sangat mengikat dan membebani', 'Judging', 'Aturan, jadwal dan target akan sangat membantu dan memperjelas tindakan'),
	(14, '2', 'Sensing', 'Menggunakan pengalaman sebagai pedoman', 'Intuition', 'Menggunakan imajinasi dan perenungan sebagai pedoman'),
	(15, '3', 'Thinking', 'Berorientasi tugas dan job description', 'Feeling', 'Berorientasi pada manusia dan hubungan'),
	(16, '1', 'Introvert', 'Pertemuan dengan orang lain dan aktivitas sosial melelahkan', 'Extrovert', 'Bertemu orang dan aktivitas sosial membuat bersemangat'),
	(17, '2', 'Sensing', 'SOP sangat membantu', 'Intuition', 'SOP sangat membosankan'),
	(18, '3', 'Thinking', 'Mengambil keputusan berdasar logika dan aturan main', 'Feeling', 'Mengambil keputusan berdasar perasaan pribadi dan kondisi orang lain'),
	(19, '2', 'Intuition', 'Bebas dan dinamis', 'Sensing', 'Prosedural dan tradisional'),
	(20, '4', 'Judging', 'Berorientasi pada hasil', 'Perceiving', 'Berorientasi pada proses'),
	(21, '1', 'Introvert', 'Beraktifitas sendirian di rumah menyenangkan', 'Extrovert', 'Beraktifitas sendirian di rumah membosankan'),
	(22, '4', 'Perceiving', 'Membiarkan orang lain bertindak bebas asalkan tujuan tercapai', 'Judging', 'Mengatur orang lain dengan tata tertib agar tujuan tercapai'),
	(23, '2', 'Intuition', 'Memilih ide inspiratif lebih penting daripada fakta', 'Sensing', 'Memilih fakta lebih penting daripada ide inspiratif'),
	(24, '3', 'Thinking', 'Mengemukakan tujuan dan sasaran lebih dahulu', 'Feeling', 'Mengemukakan kesepakatan terlebih dahulu'),
	(25, '4', 'Judging', 'Fokus pada target dan mengabaikan hal-hal baru', 'Perceiving', 'Memperhatikan hal-hal baru dan siap menyesuaikan diri serta mengubah target'),
	(26, '2', 'Sensing', 'Kontinuitas dan stabilitas lebih diutamakan', 'Intuition', 'Perubahan dan variasi lebih diutamakan'),
	(27, '4', 'Perceiving', 'Pendirian masih bisa berubah tergantung situasi nantinya', 'Judging', 'Berpegang teguh pada pendirian'),
	(28, '2', 'Sensing', 'Bertindak step by step dengan timeframe yang jelas', 'Intuition', 'Bertindak dengan semangat tanpa menggunakan timeframe'),
	(29, '1', 'Extrovert', 'Berinisiatif tinggi hampir dalam berbagai hal meskipun tidak berhubungan dengan dirinya', 'Introvert', 'Berinisiatif bila situasi memaksa atau berhubungan dengan kepentingan sendiri'),
	(30, '1', 'Introvert', 'Lebih memilih tempat yang tenang dan pribadi untuk berkonsentrasi', 'Extrovert', 'Lebih memilih tempat yang ramai dan banyak interaksi / aktifitas'),
	(31, '3', 'Thinking', 'Menganalisa', 'Feeling', 'Berempati'),
	(32, '1', 'Introvert', 'Berpikir secara matang sebelum bertindak', 'Extrovert', 'Berani bertindak tanpa terlalu lama berfikir'),
	(33, '3', 'Feeling', 'Menghargai seseorang karena sifat dan perilakunya', 'Thinking', 'Menghargai seseorang karena skill dan faktor teknis'),
	(34, '4', 'Perceiving', 'Merasa nyaman bila situasi tetap terbuka terhadap pilihan-pilihan lain', 'Judging', 'Merasa tenang bila semua sudah diputuskan'),
	(35, '2', 'Sensing', 'Menarik kesimpulan dengan lama dan hati-hati', 'Intuition', 'menarik kesimpulan dengan cepat sesuai naluri'),
	(36, '1', 'Extrovert', 'Mengekspresikan semangat', 'Introvert', 'Menyimpan semangat dalam hati'),
	(37, '2', 'Sensing', 'Mengklarifikasi ide dan teori sebelum dipraktekkan', 'Intuition', 'Memahami ide dan teori saat mempraktekkannya langsung'),
	(38, '3', 'Thinking', 'Melibatkan perasaan itu tidak profesional', 'Feeling', 'Terlalu kaku pada peraturan dan pekerjaan itu kejam'),
	(39, '1', 'Introvert', 'Mencari kesempatan untuk berkomunikasi secara perorangan', 'Extrovert', 'Memilih berkomunikasi pada sekelompok orang'),
	(40, '3', 'Feeling', 'Yang penting situasi harmonis terjaga', 'Thinking', 'Yang penting tujuan tercapai'),
	(41, '4', 'Perceiving', 'Ketidakpastian itu seru, menegangkan dan membuat hati lebih senang', 'Judging', 'Ketidakpastian membuat bingung dan meresahkan'),
	(42, '2', 'Sensing', 'Berfokus pada masa kini (apa yang bisa diperbaiki sekarang)', 'Intuition', 'Berfokus pada masa depan (apa yang mungkin dicapai di masa depan)'),
	(43, '3', 'Thinking', 'Mempertanyakan', 'Feeling', 'Mengakomodasi'),
	(44, '2', 'Sensing', 'Secara konsisten mengamati dan mengingat detail', 'Intuition', 'Mengamati dan mengingat detail hanya bila berhubungan dengan pola'),
	(45, '4', 'Perceiving', 'Situasi last minute membuat bersemangat dan memunculkan potensi', 'Judging', 'Situasi last minute sangat menyiksa, membuat stress dan merupakan kesalahan'),
	(46, '1', 'Introvert', 'Lebih suka komunikasi tidak langsung (telp, surat, e-mail)', 'Extrovert', 'Lebih suka komunikasi langsung (tatap muka)'),
	(47, '2', 'Sensing', 'Praktis', 'Intuition', 'Konseptual'),
	(48, '4', 'Judging', 'Perubahan adalah musuh', 'Perceiving', 'Perubahan adalah semangat hidup'),
	(49, '3', 'Thinking', 'Sering dianggap keras kepala', 'Feeling', 'Sering dianggap terlalu memihak'),
	(50, '3', 'Feeling', 'Bersemangat saat menolong orang keluar dari kesalahan dan meluruskan', 'Thinking', 'Bersemangat saat mengkritik dan menemukan kesalahan'),
	(51, '4', 'Perceiving', 'Bertindak sesuai situasi dan kondisi yang terjadi saat itu', 'Judging', 'Bertindak sesuai apa yang sudah direncanakan'),
	(52, '2', 'Sensing', 'Menggunakan keterampilan yang sudah dikuasai', 'Intuition', 'Menyukai tantangan untuk menguasai keterampilan baru'),
	(53, '1', 'Extrovert', 'Membangun ide pada saat berbicara', 'Introvert', 'Membangun ide dengan matang baru membicarakannya'),
	(54, '2', 'Sensing', 'Memilih cara yang sudah ada dan sudah terbukti', 'Intuition', 'Memilih cara yang unik dan belum dipraktekkan orang lain'),
	(55, '4', 'Judging', 'Hidup harus sudah diatur dari awal', 'Perceiving', 'Hidup seharusnya mengalir sesuai kondisi'),
	(56, '3', 'Thinking', 'Standar harus ditegakkan di atas segalanya (itu menunjukkan kehormatan dan harga diri)', 'Feeling', 'Perasaan manusia lebih penting dari sekadar standar (yang adalah benda mati)'),
	(57, '4', 'Judging', 'Daftar dan checklist adalah panduan penting', 'Perceiving', 'Daftar dan checklist adalah tugas dan beban'),
	(58, '3', 'Thinking', 'Menuntut perlakuan yang adil dan sama pada semua orang', 'Feeling', 'Menuntut perlakuan khusus sesuai karakteristik masing-masing orang'),
	(59, '3', 'Thinking', 'Mementingkan sebab-akibat', 'Feeling', 'Mementingkan nilai-nilai personal'),
	(60, '4', 'Perceiving', 'Puas ketika mampu beradaptasi dengan momentum yang terjadi', 'Judging', 'Puas ketika mampu menjalankan semuanya sesuai rencana'),
	(61, '1', 'Extrovert', 'Spontan, Easy Going, fleksibel', 'Introvert', 'Berhati-hati, penuh pertimbangan, kaku');
/*!40000 ALTER TABLE `mbti_pernyataan` ENABLE KEYS */;

-- Dumping structure for table sppkti.qbank
CREATE TABLE IF NOT EXISTS `qbank` (
  `qid` int(11) NOT NULL AUTO_INCREMENT,
  `question` text NOT NULL,
  `description` text NOT NULL,
  `id_unit` varchar(5) NOT NULL,
  PRIMARY KEY (`qid`),
  KEY `id_unit` (`id_unit`),
  CONSTRAINT `FK_qbank_skkni_unit` FOREIGN KEY (`id_unit`) REFERENCES `skkni_unit` (`id_unit`)
) ENGINE=InnoDB AUTO_INCREMENT=21 DEFAULT CHARSET=latin1;

-- Dumping data for table sppkti.qbank: ~9 rows (approximately)
/*!40000 ALTER TABLE `qbank` DISABLE KEYS */;
INSERT INTO `qbank` (`qid`, `question`, `description`, `id_unit`) VALUES
	(12, '<p>tes matching quiz</p>\r\n', '<p>asdfasdfas</p>\r\n', 'UK001'),
	(13, '<p>soal ke 2</p>\r\n', '<p>2</p>\r\n', 'UK002'),
	(14, '<p>soal library</p>\r\n', '<p>3</p>\r\n', 'UK003'),
	(15, '<p>tes uk001</p>\r\n', '', 'UK001'),
	(16, '<p>tes lagi uk001</p>\r\n', '', 'UK001'),
	(17, '<p>mulai tes uk002</p>\r\n', '', 'UK002'),
	(18, '<p>tes lagi yuk uk002</p>\r\n', '', 'UK002'),
	(19, '<p>sekarang tes uk003</p>\r\n', '', 'UK003'),
	(20, '<p>testes uk003</p>\r\n', '', 'UK003');
/*!40000 ALTER TABLE `qbank` ENABLE KEYS */;

-- Dumping structure for table sppkti.quiz
CREATE TABLE IF NOT EXISTS `quiz` (
  `quid` int(11) NOT NULL AUTO_INCREMENT,
  `quiz_name` varchar(100) NOT NULL,
  `description` text NOT NULL,
  `id_skema` varchar(5) NOT NULL,
  `start_time` int(11) NOT NULL,
  `end_time` int(11) NOT NULL,
  `duration` int(11) NOT NULL,
  `pass_percentage` varchar(5) NOT NULL,
  `test_type` int(1) NOT NULL,
  `credit` varchar(10) NOT NULL,
  `view_answer` enum('1','0') NOT NULL,
  `max_attempts` int(3) NOT NULL,
  `correct_score` varchar(1000) NOT NULL,
  `incorrect_score` varchar(1000) NOT NULL,
  `qids_static` text,
  `qselect` int(11) NOT NULL DEFAULT '1',
  `camera_req` int(1) NOT NULL DEFAULT '0',
  `pract_test` int(11) NOT NULL DEFAULT '0',
  `status` enum('ACTIVE','INACTIVE') NOT NULL,
  PRIMARY KEY (`quid`),
  KEY `id_skema` (`id_skema`),
  CONSTRAINT `FK_quiz_skkni_skema` FOREIGN KEY (`id_skema`) REFERENCES `skkni_skema` (`id_skema`)
) ENGINE=InnoDB AUTO_INCREMENT=11 DEFAULT CHARSET=latin1;

-- Dumping data for table sppkti.quiz: ~7 rows (approximately)
/*!40000 ALTER TABLE `quiz` DISABLE KEYS */;
INSERT INTO `quiz` (`quid`, `quiz_name`, `description`, `id_skema`, `start_time`, `end_time`, `duration`, `pass_percentage`, `test_type`, `credit`, `view_answer`, `max_attempts`, `correct_score`, `incorrect_score`, `qids_static`, `qselect`, `camera_req`, `pract_test`, `status`) VALUES
	(2, 'coba ujian', '<p>coba doang</p>\r\n', 'SK01', 1476655200, 1476914340, 119, '9', 0, '0', '1', 100, '1', '0', '15,11,6,12', 0, 0, 0, 'INACTIVE'),
	(4, 'tes css', '', 'SK01', 1476741600, 1477691940, 123, '10', 0, '0', '0', 6, '1', '0', NULL, 0, 0, 0, 'INACTIVE'),
	(5, 'tes css', '', 'SK01', 1476741600, 1477691940, 123, '10', 0, '0', '0', 6, '1', '0', '15,12,11,2', 0, 0, 0, 'INACTIVE'),
	(7, 'tes hardskill 3 komponen penting', '<p>terdiri dari 3 bagian penting dari jurusan TI dalam bidang programming, yaitu Algoritma, Database, dan Desain</p>\r\n', 'SK01', 1475276400, 1477958400, 600, '20', 0, '0', '1', 100, '1', '0', '16,17,18,19,20,21,22,23,24', 0, 0, 0, 'INACTIVE'),
	(8, 'tes kecepatan waktu', '<p>siapkah untuk bisa menyelesaikan jawaban dengan waktu singkat?</p>\r\n', 'SK01', 1451606400, 1478131200, 14, '5', 0, '0', '1', 30, '1', '0', '24,23,21,18,17', 0, 0, 0, 'INACTIVE'),
	(9, 'aaa', 'aaa', 'SK01', 0, 0, 11, '11', 0, '', '1', 0, '1', '0', '13', 0, 0, 0, 'INACTIVE'),
	(10, 'OKE', 'OKE', 'SK01', 0, 0, 100, '1', 0, '', '1', 0, '1', '0', '13,12,14,18,16,19,17,15,20', 0, 0, 0, 'ACTIVE');
/*!40000 ALTER TABLE `quiz` ENABLE KEYS */;

-- Dumping structure for table sppkti.quiz_result
CREATE TABLE IF NOT EXISTS `quiz_result` (
  `rid` int(11) NOT NULL AUTO_INCREMENT,
  `urid` int(11) NOT NULL,
  `quid` int(11) NOT NULL,
  `qids` text NOT NULL,
  `id_unit` varchar(1000) DEFAULT NULL,
  `qids_range` varchar(1000) DEFAULT NULL,
  `oids` text NOT NULL,
  `start_time` int(11) NOT NULL,
  `end_time` int(11) NOT NULL,
  `last_response` int(11) NOT NULL,
  `time_spent` int(11) NOT NULL,
  `time_spent_ind` text NOT NULL,
  `score` float NOT NULL,
  `percentage` varchar(10) NOT NULL DEFAULT '0',
  `q_result` int(11) NOT NULL,
  `status` int(11) NOT NULL DEFAULT '0',
  `score_ind` varchar(2000) NOT NULL,
  PRIMARY KEY (`rid`),
  KEY `uid` (`urid`),
  KEY `quid` (`quid`),
  CONSTRAINT `FK_quiz_result_quiz` FOREIGN KEY (`quid`) REFERENCES `quiz` (`quid`),
  CONSTRAINT `FK_quiz_result_result` FOREIGN KEY (`urid`) REFERENCES `result` (`id`)
) ENGINE=InnoDB AUTO_INCREMENT=11 DEFAULT CHARSET=latin1;

-- Dumping data for table sppkti.quiz_result: ~6 rows (approximately)
/*!40000 ALTER TABLE `quiz_result` DISABLE KEYS */;
INSERT INTO `quiz_result` (`rid`, `urid`, `quid`, `qids`, `id_unit`, `qids_range`, `oids`, `start_time`, `end_time`, `last_response`, `time_spent`, `time_spent_ind`, `score`, `percentage`, `q_result`, `status`, `score_ind`) VALUES
	(5, 32, 10, '13,12,14,18,16,19,17,15,20', 'UK002,UK001,UK003', '0-2,3-5,6-8', '23,17,25,43,33,44,36,30,49', 1494384689, 1494384748, 1494384689, 59, '7,3,3,3,3,3,3,3,0', 7, '77.7777777', 1, 1, '0,0,1,1,1,1,1,1,1'),
	(6, 32, 10, '13,12,14,18,16,19,17,15,20', 'UK002,UK001,UK003', '0-2,3-5,6-8', '21,18,25,42,35,44,39,31,51', 1494384841, 1494384877, 1494384841, 36, '9,3,3,3,3,2,3,2,0', 2, '22.2222222', 1, 1, '0,0,1,0,0,1,0,0,0'),
	(7, 33, 10, '13,12,14,18,16,19,17,15,20', 'UK002,UK001,UK003', '0-2,3-5,6-8', '23,19,25,43,35,46,36,31,51', 1494385011, 1494385040, 1494385011, 29, '8,2,3,2,1,2,2,3,0', 3, '33.3333333', 1, 1, '0,0,1,1,0,0,1,0,0'),
	(8, 33, 10, '13,12,14,18,16,19,17,15,20', 'UK002,UK001,UK003', '0-2,3-5,6-8', '20,16,24,41,34,46,38,31,51', 1494385047, 1494385076, 1494385047, 29, '6,3,2,1,3,2,2,3,0', 2, '22.2222222', 1, 1, '1,1,0,0,0,0,0,0,0'),
	(9, 33, 10, '13,12,14,18,16,19,17,15,20', 'UK002,UK001,UK003', '0-2,3-5,6-8', '20,18,25,43,33,44,36,30,49', 1494385159, 1494385223, 1494385159, 64, '21,4,2,5,3,3,7,4,0', 8, '88.8888888', 1, 1, '1,0,1,1,1,1,1,1,1'),
	(10, 33, 10, '13,12,14,18,16,19,17,15,20', 'UK002,UK001,UK003', '0-2,3-5,6-8', '22,18,26,41,33,46,38,29,48', 1494560721, 1494560751, 1494560721, 30, '4,3,3,3,1,3,2,3,0', 1, '11.1111111', 1, 1, '0,0,0,0,1,0,0,0,0');
/*!40000 ALTER TABLE `quiz_result` ENABLE KEYS */;

-- Dumping structure for table sppkti.q_options
CREATE TABLE IF NOT EXISTS `q_options` (
  `oid` int(11) NOT NULL AUTO_INCREMENT,
  `qid` int(11) NOT NULL,
  `option_value` text NOT NULL,
  `score` enum('1','0') NOT NULL,
  PRIMARY KEY (`oid`),
  KEY `qid` (`qid`),
  CONSTRAINT `FK_q_options_qbank` FOREIGN KEY (`qid`) REFERENCES `qbank` (`qid`)
) ENGINE=InnoDB AUTO_INCREMENT=52 DEFAULT CHARSET=latin1;

-- Dumping data for table sppkti.q_options: ~36 rows (approximately)
/*!40000 ALTER TABLE `q_options` DISABLE KEYS */;
INSERT INTO `q_options` (`oid`, `qid`, `option_value`, `score`) VALUES
	(16, 12, 'asdfas', '1'),
	(17, 12, 'sdf', '0'),
	(18, 12, 'asdfdsfa', '0'),
	(19, 12, 'asfdsadfasdfasf', '0'),
	(20, 13, '<p>aa</p>\r\n', '1'),
	(21, 13, '<p>bb</p>\r\n', '0'),
	(22, 13, '<p>cc</p>\r\n', '0'),
	(23, 13, '<p>dd</p>\r\n', '0'),
	(24, 14, '<p>kosong</p>\r\n', '0'),
	(25, 14, '<p>pilih</p>\r\n', '1'),
	(26, 14, '<p>kosong</p>\r\n', '0'),
	(27, 14, '<p>kosong</p>\r\n', '0'),
	(28, 15, '<p>bye</p>\r\n', '0'),
	(29, 15, '<p>bye</p>\r\n', '0'),
	(30, 15, '<p>oke oce</p>\r\n', '1'),
	(31, 15, '<p>bye</p>\r\n', '0'),
	(32, 16, '<p>salah</p>\r\n', '0'),
	(33, 16, '<p>sip</p>\r\n', '1'),
	(34, 16, '<p>salah</p>\r\n', '0'),
	(35, 16, '<p>salah</p>\r\n', '0'),
	(36, 17, '<p>benar</p>\r\n', '1'),
	(37, 17, '<p>tidak</p>\r\n', '0'),
	(38, 17, '<p>tidak</p>\r\n', '0'),
	(39, 17, '<p>tidak</p>\r\n', '0'),
	(40, 18, '<p>bukan</p>\r\n', '0'),
	(41, 18, '<p>bukan</p>\r\n', '0'),
	(42, 18, '<p>bukan</p>\r\n', '0'),
	(43, 18, '<p>aku</p>\r\n', '1'),
	(44, 19, '<p>iya</p>\r\n', '1'),
	(45, 19, '<p>mm</p>\r\n', '0'),
	(46, 19, '<p>mm</p>\r\n', '0'),
	(47, 19, '<p>mm</p>\r\n', '0'),
	(48, 20, '<p>nn</p>\r\n', '0'),
	(49, 20, '<p>oke ya</p>\r\n', '1'),
	(50, 20, '<p>nn</p>\r\n', '0'),
	(51, 20, '<p>nn</p>\r\n', '0');
/*!40000 ALTER TABLE `q_options` ENABLE KEYS */;

-- Dumping structure for table sppkti.relasi
CREATE TABLE IF NOT EXISTS `relasi` (
  `id_relasi` int(11) NOT NULL AUTO_INCREMENT,
  `id_unit` varchar(5) NOT NULL DEFAULT '0',
  `id_skema` varchar(5) NOT NULL DEFAULT '0',
  PRIMARY KEY (`id_relasi`),
  KEY `id_unit` (`id_unit`),
  KEY `id_skema` (`id_skema`),
  CONSTRAINT `FK_relasi_skkni_skema` FOREIGN KEY (`id_skema`) REFERENCES `skkni_skema` (`id_skema`),
  CONSTRAINT `FK_relasi_skkni_unit` FOREIGN KEY (`id_unit`) REFERENCES `skkni_unit` (`id_unit`)
) ENGINE=InnoDB AUTO_INCREMENT=162 DEFAULT CHARSET=latin1;

-- Dumping data for table sppkti.relasi: ~161 rows (approximately)
/*!40000 ALTER TABLE `relasi` DISABLE KEYS */;
INSERT INTO `relasi` (`id_relasi`, `id_unit`, `id_skema`) VALUES
	(1, 'UK001', 'SK01'),
	(2, 'UK002', 'SK01'),
	(3, 'UK003', 'SK01'),
	(4, 'UK004', 'SK01'),
	(5, 'UK005', 'SK01'),
	(6, 'UK006', 'SK01'),
	(7, 'UK007', 'SK01'),
	(8, 'UK008', 'SK01'),
	(9, 'UK009', 'SK01'),
	(10, 'UK010', 'SK01'),
	(11, 'UK011', 'SK01'),
	(12, 'UK012', 'SK01'),
	(13, 'UK013', 'SK01'),
	(14, 'UK014', 'SK01'),
	(15, 'UK015', 'SK01'),
	(16, 'UK016', 'SK01'),
	(17, 'UK017', 'SK01'),
	(18, 'UK018', 'SK01'),
	(19, 'UK019', 'SK02'),
	(20, 'UK020', 'SK02'),
	(21, 'UK006', 'SK02'),
	(22, 'UK021', 'SK02'),
	(23, 'UK008', 'SK02'),
	(24, 'UK022', 'SK02'),
	(25, 'UK023', 'SK02'),
	(26, 'UK024', 'SK02'),
	(27, 'UK025', 'SK02'),
	(28, 'UK026', 'SK02'),
	(29, 'UK003', 'SK03'),
	(30, 'UK019', 'SK03'),
	(31, 'UK027', 'SK03'),
	(32, 'UK028', 'SK03'),
	(33, 'UK029', 'SK03'),
	(34, 'UK006', 'SK03'),
	(35, 'UK007', 'SK03'),
	(36, 'UK021', 'SK03'),
	(37, 'UK030', 'SK03'),
	(38, 'UK008', 'SK03'),
	(39, 'UK022', 'SK03'),
	(40, 'UK023', 'SK03'),
	(41, 'UK009', 'SK03'),
	(42, 'UK025', 'SK03'),
	(43, 'UK026', 'SK03'),
	(44, 'UK031', 'SK03'),
	(45, 'UK032', 'SK03'),
	(46, 'UK033', 'SK03'),
	(47, 'UK019', 'SK04'),
	(48, 'UK034', 'SK04'),
	(49, 'UK035', 'SK04'),
	(50, 'UK029', 'SK04'),
	(51, 'UK036', 'SK04'),
	(52, 'UK021', 'SK04'),
	(53, 'UK030', 'SK04'),
	(54, 'UK008', 'SK04'),
	(55, 'UK022', 'SK04'),
	(56, 'UK023', 'SK04'),
	(57, 'UK024', 'SK04'),
	(58, 'UK025', 'SK04'),
	(59, 'UK001', 'SK05'),
	(60, 'UK002', 'SK05'),
	(61, 'UK003', 'SK05'),
	(62, 'UK019', 'SK05'),
	(63, 'UK035', 'SK05'),
	(64, 'UK029', 'SK05'),
	(65, 'UK021', 'SK05'),
	(66, 'UK030', 'SK05'),
	(67, 'UK022', 'SK05'),
	(68, 'UK023', 'SK05'),
	(69, 'UK024', 'SK05'),
	(70, 'UK037', 'SK05'),
	(71, 'UK009', 'SK05'),
	(72, 'UK038', 'SK05'),
	(73, 'UK026', 'SK05'),
	(74, 'UK014', 'SK05'),
	(75, 'UK018', 'SK05'),
	(76, 'UK033', 'SK05'),
	(77, 'UK019', 'SK06'),
	(78, 'UK034', 'SK06'),
	(79, 'UK035', 'SK06'),
	(80, 'UK036', 'SK06'),
	(81, 'UK021', 'SK06'),
	(82, 'UK037', 'SK06'),
	(83, 'UK008', 'SK06'),
	(84, 'UK025', 'SK06'),
	(85, 'UK001', 'SK07'),
	(86, 'UK002', 'SK07'),
	(87, 'UK003', 'SK07'),
	(88, 'UK019', 'SK07'),
	(89, 'UK020', 'SK07'),
	(90, 'UK035', 'SK07'),
	(91, 'UK029', 'SK07'),
	(92, 'UK006', 'SK07'),
	(93, 'UK021', 'SK07'),
	(94, 'UK030', 'SK07'),
	(95, 'UK008', 'SK07'),
	(96, 'UK024', 'SK07'),
	(97, 'UK037', 'SK07'),
	(98, 'UK025', 'SK07'),
	(99, 'UK026', 'SK07'),
	(100, 'UK039', 'SK07'),
	(101, 'UK031', 'SK07'),
	(102, 'UK032', 'SK07'),
	(103, 'UK040', 'SK08'),
	(104, 'UK042', 'SK08'),
	(105, 'UK045', 'SK08'),
	(106, 'UK046', 'SK08'),
	(107, 'UK047', 'SK08'),
	(108, 'UK057', 'SK08'),
	(109, 'UK058', 'SK08'),
	(110, 'UK001', 'SK09'),
	(111, 'UK003', 'SK09'),
	(112, 'UK019', 'SK09'),
	(113, 'UK035', 'SK09'),
	(114, 'UK029', 'SK09'),
	(115, 'UK021', 'SK09'),
	(116, 'UK030', 'SK09'),
	(117, 'UK024', 'SK09'),
	(118, 'UK026', 'SK09'),
	(119, 'UK040', 'SK09'),
	(120, 'UK041', 'SK09'),
	(121, 'UK042', 'SK09'),
	(122, 'UK043', 'SK09'),
	(123, 'UK044', 'SK09'),
	(124, 'UK045', 'SK09'),
	(125, 'UK046', 'SK09'),
	(126, 'UK047', 'SK09'),
	(127, 'UK048', 'SK09'),
	(128, 'UK002', 'SK10'),
	(129, 'UK003', 'SK10'),
	(130, 'UK027', 'SK10'),
	(131, 'UK005', 'SK10'),
	(132, 'UK028', 'SK10'),
	(133, 'UK049', 'SK10'),
	(134, 'UK050', 'SK10'),
	(135, 'UK051', 'SK10'),
	(136, 'UK032', 'SK10'),
	(137, 'UK052', 'SK10'),
	(138, 'UK006', 'SK10'),
	(139, 'UK007', 'SK10'),
	(140, 'UK030', 'SK10'),
	(141, 'UK008', 'SK10'),
	(142, 'UK022', 'SK10'),
	(143, 'UK023', 'SK10'),
	(144, 'UK037', 'SK10'),
	(145, 'UK001', 'SK11'),
	(146, 'UK003', 'SK11'),
	(147, 'UK020', 'SK11'),
	(148, 'UK035', 'SK11'),
	(149, 'UK029', 'SK11'),
	(150, 'UK052', 'SK11'),
	(151, 'UK021', 'SK11'),
	(152, 'UK030', 'SK11'),
	(153, 'UK008', 'SK11'),
	(154, 'UK024', 'SK11'),
	(155, 'UK025', 'SK11'),
	(156, 'UK026', 'SK11'),
	(157, 'UK031', 'SK11'),
	(158, 'UK053', 'SK11'),
	(159, 'UK054', 'SK11'),
	(160, 'UK055', 'SK11'),
	(161, 'UK056', 'SK11');
/*!40000 ALTER TABLE `relasi` ENABLE KEYS */;

-- Dumping structure for table sppkti.result
CREATE TABLE IF NOT EXISTS `result` (
  `id` int(11) NOT NULL AUTO_INCREMENT,
  `id_user` int(11) NOT NULL,
  `id_mbti_hasil` int(11) NOT NULL,
  `id_skema` varchar(5) NOT NULL,
  `presentase` tinyint(4) NOT NULL,
  `status` enum('CURRENT','PAST','RESET') NOT NULL DEFAULT 'RESET',
  PRIMARY KEY (`id`),
  KEY `id_user` (`id_user`),
  KEY `id_skema` (`id_skema`),
  KEY `id_mbti_hasil` (`id_mbti_hasil`),
  CONSTRAINT `FK_result_mbti_hasil` FOREIGN KEY (`id_mbti_hasil`) REFERENCES `mbti_hasil` (`id_mbti_hasil`),
  CONSTRAINT `FK_result_skkni_skema` FOREIGN KEY (`id_skema`) REFERENCES `skkni_skema` (`id_skema`),
  CONSTRAINT `FK_result_users` FOREIGN KEY (`id_user`) REFERENCES `users` (`id`)
) ENGINE=InnoDB AUTO_INCREMENT=34 DEFAULT CHARSET=latin1;

-- Dumping data for table sppkti.result: ~32 rows (approximately)
/*!40000 ALTER TABLE `result` DISABLE KEYS */;
INSERT INTO `result` (`id`, `id_user`, `id_mbti_hasil`, `id_skema`, `presentase`, `status`) VALUES
	(1, 1, 1, 'SK01', 0, 'RESET'),
	(2, 1, 4, 'SK01', 0, 'RESET'),
	(3, 1, 8, 'SK01', 0, 'RESET'),
	(4, 1, 9, 'SK01', 0, 'RESET'),
	(5, 1, 10, 'SK01', 0, 'RESET'),
	(6, 1, 11, 'SK01', 0, 'RESET'),
	(7, 1, 13, 'SK01', 0, 'RESET'),
	(8, 1, 14, 'SK01', 0, 'RESET'),
	(9, 1, 15, 'SK01', 0, 'RESET'),
	(10, 1, 29, 'SK03', 0, 'RESET'),
	(11, 1, 29, 'SK03', 0, 'RESET'),
	(12, 1, 16, 'SK03', 0, 'RESET'),
	(13, 1, 27, 'SK02', 0, 'RESET'),
	(14, 1, 2, 'SK02', 0, 'RESET'),
	(15, 1, 7, 'SK02', 0, 'RESET'),
	(16, 1, 20, 'SK05', 0, 'RESET'),
	(17, 1, 19, 'SK05', 0, 'RESET'),
	(18, 1, 17, 'SK05', 0, 'RESET'),
	(19, 1, 18, 'SK05', 0, 'RESET'),
	(20, 1, 16, 'SK04', 0, 'RESET'),
	(21, 1, 11, 'SK04', 0, 'RESET'),
	(22, 1, 10, 'SK04', 0, 'RESET'),
	(23, 1, 28, 'SK07', 0, 'RESET'),
	(24, 1, 29, 'SK07', 0, 'RESET'),
	(25, 1, 23, 'SK07', 0, 'RESET'),
	(26, 1, 13, 'SK07', 0, 'RESET'),
	(27, 1, 18, 'SK06', 0, 'RESET'),
	(28, 1, 16, 'SK06', 0, 'RESET'),
	(29, 1, 22, 'SK06', 0, 'RESET'),
	(30, 7, 29, 'SK01', 100, 'RESET'),
	(31, 7, 30, 'SK01', 100, 'PAST'),
	(32, 7, 30, 'SK01', 100, 'PAST'),
	(33, 7, 30, 'SK01', 100, 'CURRENT');
/*!40000 ALTER TABLE `result` ENABLE KEYS */;

-- Dumping structure for table sppkti.skkni_dataset
CREATE TABLE IF NOT EXISTS `skkni_dataset` (
  `id_dataset` int(11) NOT NULL AUTO_INCREMENT,
  `id_hasil` int(11) NOT NULL,
  `id_unit` varchar(5) NOT NULL,
  `nilai` tinyint(3) NOT NULL,
  PRIMARY KEY (`id_dataset`),
  KEY `FK_skkni_dataset_skkni_unit` (`id_unit`),
  KEY `key` (`id_hasil`),
  CONSTRAINT `FK_skkni_dataset_result` FOREIGN KEY (`id_hasil`) REFERENCES `result` (`id`),
  CONSTRAINT `FK_skkni_dataset_skkni_unit` FOREIGN KEY (`id_unit`) REFERENCES `skkni_unit` (`id_unit`)
) ENGINE=InnoDB AUTO_INCREMENT=1915 DEFAULT CHARSET=latin1;

-- Dumping data for table sppkti.skkni_dataset: ~1,624 rows (approximately)
/*!40000 ALTER TABLE `skkni_dataset` DISABLE KEYS */;
INSERT INTO `skkni_dataset` (`id_dataset`, `id_hasil`, `id_unit`, `nilai`) VALUES
	(1, 1, 'UK001', 74),
	(2, 1, 'UK002', 91),
	(3, 1, 'UK003', 70),
	(4, 1, 'UK004', 98),
	(5, 1, 'UK005', 95),
	(6, 1, 'UK006', 90),
	(7, 1, 'UK007', 99),
	(8, 1, 'UK008', 72),
	(9, 1, 'UK009', 100),
	(10, 1, 'UK010', 76),
	(11, 1, 'UK011', 85),
	(12, 1, 'UK012', 88),
	(13, 1, 'UK013', 95),
	(14, 1, 'UK014', 75),
	(15, 1, 'UK015', 91),
	(16, 1, 'UK016', 70),
	(17, 1, 'UK017', 73),
	(18, 1, 'UK018', 98),
	(19, 1, 'UK019', 99),
	(20, 1, 'UK020', 43),
	(21, 1, 'UK021', 1),
	(22, 1, 'UK022', 29),
	(23, 1, 'UK023', 32),
	(24, 1, 'UK024', 44),
	(25, 1, 'UK025', 28),
	(26, 1, 'UK026', 62),
	(27, 1, 'UK027', 20),
	(28, 1, 'UK028', 15),
	(29, 1, 'UK029', 12),
	(30, 1, 'UK030', 74),
	(31, 1, 'UK031', 57),
	(32, 1, 'UK032', 15),
	(33, 1, 'UK033', 26),
	(34, 1, 'UK034', 1),
	(35, 1, 'UK035', 91),
	(36, 1, 'UK036', 53),
	(37, 1, 'UK037', 92),
	(38, 1, 'UK038', 27),
	(39, 1, 'UK039', 18),
	(40, 1, 'UK040', 89),
	(41, 1, 'UK041', 81),
	(42, 1, 'UK042', 87),
	(43, 1, 'UK043', 86),
	(44, 1, 'UK044', 31),
	(45, 1, 'UK045', 14),
	(46, 1, 'UK046', 64),
	(47, 1, 'UK047', 91),
	(48, 1, 'UK048', 39),
	(49, 1, 'UK049', 65),
	(50, 1, 'UK050', 94),
	(51, 1, 'UK051', 81),
	(52, 1, 'UK052', 23),
	(53, 1, 'UK053', 54),
	(54, 1, 'UK054', 60),
	(55, 1, 'UK055', 51),
	(56, 1, 'UK056', 42),
	(57, 1, 'UK057', 55),
	(58, 1, 'UK058', 97),
	(59, 2, 'UK001', 85),
	(60, 2, 'UK002', 71),
	(61, 2, 'UK003', 97),
	(62, 2, 'UK004', 97),
	(63, 2, 'UK005', 92),
	(64, 2, 'UK006', 92),
	(65, 2, 'UK007', 77),
	(66, 2, 'UK008', 91),
	(67, 2, 'UK009', 90),
	(68, 2, 'UK010', 86),
	(69, 2, 'UK011', 97),
	(70, 2, 'UK012', 78),
	(71, 2, 'UK013', 79),
	(72, 2, 'UK014', 71),
	(73, 2, 'UK015', 85),
	(74, 2, 'UK016', 97),
	(75, 2, 'UK017', 72),
	(76, 2, 'UK018', 82),
	(77, 2, 'UK019', 33),
	(78, 2, 'UK020', 47),
	(79, 2, 'UK021', 100),
	(80, 2, 'UK022', 15),
	(81, 2, 'UK023', 6),
	(82, 2, 'UK024', 31),
	(83, 2, 'UK025', 50),
	(84, 2, 'UK026', 42),
	(85, 2, 'UK027', 95),
	(86, 2, 'UK028', 27),
	(87, 2, 'UK029', 56),
	(88, 2, 'UK030', 78),
	(89, 2, 'UK031', 69),
	(90, 2, 'UK032', 69),
	(91, 2, 'UK033', 65),
	(92, 2, 'UK034', 33),
	(93, 2, 'UK035', 50),
	(94, 2, 'UK036', 40),
	(95, 2, 'UK037', 74),
	(96, 2, 'UK038', 68),
	(97, 2, 'UK039', 10),
	(98, 2, 'UK040', 77),
	(99, 2, 'UK041', 29),
	(100, 2, 'UK042', 90),
	(101, 2, 'UK043', 73),
	(102, 2, 'UK044', 62),
	(103, 2, 'UK045', 29),
	(104, 2, 'UK046', 60),
	(105, 2, 'UK047', 8),
	(106, 2, 'UK048', 31),
	(107, 2, 'UK049', 18),
	(108, 2, 'UK050', 87),
	(109, 2, 'UK051', 39),
	(110, 2, 'UK052', 68),
	(111, 2, 'UK053', 96),
	(112, 2, 'UK054', 29),
	(113, 2, 'UK055', 36),
	(114, 2, 'UK056', 6),
	(115, 2, 'UK057', 6),
	(116, 2, 'UK058', 98),
	(117, 3, 'UK001', 77),
	(118, 3, 'UK002', 79),
	(119, 3, 'UK003', 85),
	(120, 3, 'UK004', 85),
	(121, 3, 'UK005', 91),
	(122, 3, 'UK006', 94),
	(123, 3, 'UK007', 91),
	(124, 3, 'UK008', 100),
	(125, 3, 'UK009', 100),
	(126, 3, 'UK010', 79),
	(127, 3, 'UK011', 89),
	(128, 3, 'UK012', 100),
	(129, 3, 'UK013', 96),
	(130, 3, 'UK014', 76),
	(131, 3, 'UK015', 94),
	(132, 3, 'UK016', 89),
	(133, 3, 'UK017', 83),
	(134, 3, 'UK018', 81),
	(135, 3, 'UK019', 15),
	(136, 3, 'UK020', 51),
	(137, 3, 'UK021', 54),
	(138, 3, 'UK022', 9),
	(139, 3, 'UK023', 16),
	(140, 3, 'UK024', 70),
	(141, 3, 'UK025', 32),
	(142, 3, 'UK026', 26),
	(143, 3, 'UK027', 79),
	(144, 3, 'UK028', 80),
	(145, 3, 'UK029', 54),
	(146, 3, 'UK030', 19),
	(147, 3, 'UK031', 51),
	(148, 3, 'UK032', 91),
	(149, 3, 'UK033', 38),
	(150, 3, 'UK034', 75),
	(151, 3, 'UK035', 29),
	(152, 3, 'UK036', 61),
	(153, 3, 'UK037', 59),
	(154, 3, 'UK038', 25),
	(155, 3, 'UK039', 60),
	(156, 3, 'UK040', 1),
	(157, 3, 'UK041', 37),
	(158, 3, 'UK042', 57),
	(159, 3, 'UK043', 41),
	(160, 3, 'UK044', 70),
	(161, 3, 'UK045', 45),
	(162, 3, 'UK046', 2),
	(163, 3, 'UK047', 18),
	(164, 3, 'UK048', 77),
	(165, 3, 'UK049', 3),
	(166, 3, 'UK050', 47),
	(167, 3, 'UK051', 90),
	(168, 3, 'UK052', 81),
	(169, 3, 'UK053', 87),
	(170, 3, 'UK054', 25),
	(171, 3, 'UK055', 1),
	(172, 3, 'UK056', 92),
	(173, 3, 'UK057', 13),
	(174, 3, 'UK058', 21),
	(175, 4, 'UK001', 85),
	(176, 4, 'UK002', 91),
	(177, 4, 'UK003', 88),
	(178, 4, 'UK004', 91),
	(179, 4, 'UK005', 95),
	(180, 4, 'UK006', 76),
	(181, 4, 'UK007', 82),
	(182, 4, 'UK008', 86),
	(183, 4, 'UK009', 100),
	(184, 4, 'UK010', 72),
	(185, 4, 'UK011', 80),
	(186, 4, 'UK012', 73),
	(187, 4, 'UK013', 82),
	(188, 4, 'UK014', 82),
	(189, 4, 'UK015', 89),
	(190, 4, 'UK016', 76),
	(191, 4, 'UK017', 71),
	(192, 4, 'UK018', 93),
	(193, 4, 'UK019', 94),
	(194, 4, 'UK020', 21),
	(195, 4, 'UK021', 44),
	(196, 4, 'UK022', 26),
	(197, 4, 'UK023', 51),
	(198, 4, 'UK024', 96),
	(199, 4, 'UK025', 51),
	(200, 4, 'UK026', 47),
	(201, 4, 'UK027', 6),
	(202, 4, 'UK028', 79),
	(203, 4, 'UK029', 74),
	(204, 4, 'UK030', 50),
	(205, 4, 'UK031', 83),
	(206, 4, 'UK032', 55),
	(207, 4, 'UK033', 8),
	(208, 4, 'UK034', 95),
	(209, 4, 'UK035', 50),
	(210, 4, 'UK036', 58),
	(211, 4, 'UK037', 2),
	(212, 4, 'UK038', 90),
	(213, 4, 'UK039', 32),
	(214, 4, 'UK040', 72),
	(215, 4, 'UK041', 52),
	(216, 4, 'UK042', 95),
	(217, 4, 'UK043', 100),
	(218, 4, 'UK044', 32),
	(219, 4, 'UK045', 5),
	(220, 4, 'UK046', 19),
	(221, 4, 'UK047', 75),
	(222, 4, 'UK048', 23),
	(223, 4, 'UK049', 58),
	(224, 4, 'UK050', 22),
	(225, 4, 'UK051', 29),
	(226, 4, 'UK052', 78),
	(227, 4, 'UK053', 57),
	(228, 4, 'UK054', 12),
	(229, 4, 'UK055', 85),
	(230, 4, 'UK056', 83),
	(231, 4, 'UK057', 0),
	(232, 4, 'UK058', 51),
	(233, 5, 'UK001', 74),
	(234, 5, 'UK002', 91),
	(235, 5, 'UK003', 80),
	(236, 5, 'UK004', 84),
	(237, 5, 'UK005', 81),
	(238, 5, 'UK006', 77),
	(239, 5, 'UK007', 86),
	(240, 5, 'UK008', 88),
	(241, 5, 'UK009', 79),
	(242, 5, 'UK010', 95),
	(243, 5, 'UK011', 72),
	(244, 5, 'UK012', 99),
	(245, 5, 'UK013', 73),
	(246, 5, 'UK014', 78),
	(247, 5, 'UK015', 99),
	(248, 5, 'UK016', 75),
	(249, 5, 'UK017', 85),
	(250, 5, 'UK018', 98),
	(251, 5, 'UK019', 59),
	(252, 5, 'UK020', 34),
	(253, 5, 'UK021', 75),
	(254, 5, 'UK022', 62),
	(255, 5, 'UK023', 98),
	(256, 5, 'UK024', 4),
	(257, 5, 'UK025', 52),
	(258, 5, 'UK026', 72),
	(259, 5, 'UK027', 58),
	(260, 5, 'UK028', 37),
	(261, 5, 'UK029', 6),
	(262, 5, 'UK030', 6),
	(263, 5, 'UK031', 37),
	(264, 5, 'UK032', 93),
	(265, 5, 'UK033', 9),
	(266, 5, 'UK034', 99),
	(267, 5, 'UK035', 82),
	(268, 5, 'UK036', 81),
	(269, 5, 'UK037', 82),
	(270, 5, 'UK038', 33),
	(271, 5, 'UK039', 88),
	(272, 5, 'UK040', 59),
	(273, 5, 'UK041', 97),
	(274, 5, 'UK042', 46),
	(275, 5, 'UK043', 3),
	(276, 5, 'UK044', 39),
	(277, 5, 'UK045', 76),
	(278, 5, 'UK046', 19),
	(279, 5, 'UK047', 25),
	(280, 5, 'UK048', 78),
	(281, 5, 'UK049', 90),
	(282, 5, 'UK050', 89),
	(283, 5, 'UK051', 0),
	(284, 5, 'UK052', 87),
	(285, 5, 'UK053', 62),
	(286, 5, 'UK054', 39),
	(287, 5, 'UK055', 25),
	(288, 5, 'UK056', 24),
	(289, 5, 'UK057', 63),
	(290, 5, 'UK058', 3),
	(291, 6, 'UK001', 84),
	(292, 6, 'UK002', 100),
	(293, 6, 'UK003', 74),
	(294, 6, 'UK004', 90),
	(295, 6, 'UK005', 88),
	(296, 6, 'UK006', 92),
	(297, 6, 'UK007', 98),
	(298, 6, 'UK008', 89),
	(299, 6, 'UK009', 75),
	(300, 6, 'UK010', 86),
	(301, 6, 'UK011', 74),
	(302, 6, 'UK012', 94),
	(303, 6, 'UK013', 72),
	(304, 6, 'UK014', 100),
	(305, 6, 'UK015', 85),
	(306, 6, 'UK016', 84),
	(307, 6, 'UK017', 96),
	(308, 6, 'UK018', 76),
	(309, 6, 'UK019', 28),
	(310, 6, 'UK020', 49),
	(311, 6, 'UK021', 43),
	(312, 6, 'UK022', 76),
	(313, 6, 'UK023', 16),
	(314, 6, 'UK024', 23),
	(315, 6, 'UK025', 29),
	(316, 6, 'UK026', 77),
	(317, 6, 'UK027', 37),
	(318, 6, 'UK028', 53),
	(319, 6, 'UK029', 40),
	(320, 6, 'UK030', 82),
	(321, 6, 'UK031', 62),
	(322, 6, 'UK032', 73),
	(323, 6, 'UK033', 22),
	(324, 6, 'UK034', 99),
	(325, 6, 'UK035', 12),
	(326, 6, 'UK036', 66),
	(327, 6, 'UK037', 73),
	(328, 6, 'UK038', 89),
	(329, 6, 'UK039', 62),
	(330, 6, 'UK040', 68),
	(331, 6, 'UK041', 39),
	(332, 6, 'UK042', 61),
	(333, 6, 'UK043', 32),
	(334, 6, 'UK044', 62),
	(335, 6, 'UK045', 17),
	(336, 6, 'UK046', 74),
	(337, 6, 'UK047', 94),
	(338, 6, 'UK048', 84),
	(339, 6, 'UK049', 55),
	(340, 6, 'UK050', 38),
	(341, 6, 'UK051', 69),
	(342, 6, 'UK052', 17),
	(343, 6, 'UK053', 49),
	(344, 6, 'UK054', 11),
	(345, 6, 'UK055', 30),
	(346, 6, 'UK056', 96),
	(347, 6, 'UK057', 45),
	(348, 6, 'UK058', 4),
	(349, 7, 'UK001', 100),
	(350, 7, 'UK002', 71),
	(351, 7, 'UK003', 83),
	(352, 7, 'UK004', 93),
	(353, 7, 'UK005', 84),
	(354, 7, 'UK006', 94),
	(355, 7, 'UK007', 96),
	(356, 7, 'UK008', 81),
	(357, 7, 'UK009', 100),
	(358, 7, 'UK010', 70),
	(359, 7, 'UK011', 92),
	(360, 7, 'UK012', 83),
	(361, 7, 'UK013', 76),
	(362, 7, 'UK014', 72),
	(363, 7, 'UK015', 85),
	(364, 7, 'UK016', 72),
	(365, 7, 'UK017', 81),
	(366, 7, 'UK018', 95),
	(367, 7, 'UK019', 13),
	(368, 7, 'UK020', 88),
	(369, 7, 'UK021', 23),
	(370, 7, 'UK022', 59),
	(371, 7, 'UK023', 12),
	(372, 7, 'UK024', 94),
	(373, 7, 'UK025', 98),
	(374, 7, 'UK026', 22),
	(375, 7, 'UK027', 42),
	(376, 7, 'UK028', 85),
	(377, 7, 'UK029', 32),
	(378, 7, 'UK030', 5),
	(379, 7, 'UK031', 49),
	(380, 7, 'UK032', 70),
	(381, 7, 'UK033', 49),
	(382, 7, 'UK034', 95),
	(383, 7, 'UK035', 32),
	(384, 7, 'UK036', 8),
	(385, 7, 'UK037', 20),
	(386, 7, 'UK038', 23),
	(387, 7, 'UK039', 36),
	(388, 7, 'UK040', 10),
	(389, 7, 'UK041', 69),
	(390, 7, 'UK042', 76),
	(391, 7, 'UK043', 59),
	(392, 7, 'UK044', 35),
	(393, 7, 'UK045', 65),
	(394, 7, 'UK046', 87),
	(395, 7, 'UK047', 47),
	(396, 7, 'UK048', 92),
	(397, 7, 'UK049', 32),
	(398, 7, 'UK050', 41),
	(399, 7, 'UK051', 97),
	(400, 7, 'UK052', 39),
	(401, 7, 'UK053', 40),
	(402, 7, 'UK054', 72),
	(403, 7, 'UK055', 57),
	(404, 7, 'UK056', 87),
	(405, 7, 'UK057', 12),
	(406, 7, 'UK058', 64),
	(407, 8, 'UK001', 76),
	(408, 8, 'UK002', 99),
	(409, 8, 'UK003', 76),
	(410, 8, 'UK004', 86),
	(411, 8, 'UK005', 82),
	(412, 8, 'UK006', 92),
	(413, 8, 'UK007', 96),
	(414, 8, 'UK008', 76),
	(415, 8, 'UK009', 72),
	(416, 8, 'UK010', 94),
	(417, 8, 'UK011', 95),
	(418, 8, 'UK012', 71),
	(419, 8, 'UK013', 92),
	(420, 8, 'UK014', 76),
	(421, 8, 'UK015', 78),
	(422, 8, 'UK016', 97),
	(423, 8, 'UK017', 80),
	(424, 8, 'UK018', 89),
	(425, 8, 'UK019', 98),
	(426, 8, 'UK020', 2),
	(427, 8, 'UK021', 31),
	(428, 8, 'UK022', 12),
	(429, 8, 'UK023', 13),
	(430, 8, 'UK024', 36),
	(431, 8, 'UK025', 68),
	(432, 8, 'UK026', 27),
	(433, 8, 'UK027', 45),
	(434, 8, 'UK028', 22),
	(435, 8, 'UK029', 89),
	(436, 8, 'UK030', 17),
	(437, 8, 'UK031', 15),
	(438, 8, 'UK032', 44),
	(439, 8, 'UK033', 90),
	(440, 8, 'UK034', 43),
	(441, 8, 'UK035', 98),
	(442, 8, 'UK036', 37),
	(443, 8, 'UK037', 19),
	(444, 8, 'UK038', 12),
	(445, 8, 'UK039', 11),
	(446, 8, 'UK040', 86),
	(447, 8, 'UK041', 74),
	(448, 8, 'UK042', 86),
	(449, 8, 'UK043', 30),
	(450, 8, 'UK044', 24),
	(451, 8, 'UK045', 100),
	(452, 8, 'UK046', 72),
	(453, 8, 'UK047', 75),
	(454, 8, 'UK048', 36),
	(455, 8, 'UK049', 95),
	(456, 8, 'UK050', 31),
	(457, 8, 'UK051', 18),
	(458, 8, 'UK052', 56),
	(459, 8, 'UK053', 4),
	(460, 8, 'UK054', 72),
	(461, 8, 'UK055', 82),
	(462, 8, 'UK056', 70),
	(463, 8, 'UK057', 26),
	(464, 8, 'UK058', 53),
	(465, 9, 'UK001', 81),
	(466, 9, 'UK002', 73),
	(467, 9, 'UK003', 72),
	(468, 9, 'UK004', 96),
	(469, 9, 'UK005', 71),
	(470, 9, 'UK006', 89),
	(471, 9, 'UK007', 84),
	(472, 9, 'UK008', 78),
	(473, 9, 'UK009', 88),
	(474, 9, 'UK010', 88),
	(475, 9, 'UK011', 96),
	(476, 9, 'UK012', 97),
	(477, 9, 'UK013', 77),
	(478, 9, 'UK014', 97),
	(479, 9, 'UK015', 78),
	(480, 9, 'UK016', 79),
	(481, 9, 'UK017', 90),
	(482, 9, 'UK018', 94),
	(483, 9, 'UK019', 13),
	(484, 9, 'UK020', 59),
	(485, 9, 'UK021', 9),
	(486, 9, 'UK022', 22),
	(487, 9, 'UK023', 43),
	(488, 9, 'UK024', 35),
	(489, 9, 'UK025', 26),
	(490, 9, 'UK026', 47),
	(491, 9, 'UK027', 64),
	(492, 9, 'UK028', 68),
	(493, 9, 'UK029', 38),
	(494, 9, 'UK030', 40),
	(495, 9, 'UK031', 73),
	(496, 9, 'UK032', 17),
	(497, 9, 'UK033', 16),
	(498, 9, 'UK034', 35),
	(499, 9, 'UK035', 14),
	(500, 9, 'UK036', 92),
	(501, 9, 'UK037', 84),
	(502, 9, 'UK038', 16),
	(503, 9, 'UK039', 89),
	(504, 9, 'UK040', 51),
	(505, 9, 'UK041', 12),
	(506, 9, 'UK042', 19),
	(507, 9, 'UK043', 39),
	(508, 9, 'UK044', 5),
	(509, 9, 'UK045', 23),
	(510, 9, 'UK046', 27),
	(511, 9, 'UK047', 66),
	(512, 9, 'UK048', 12),
	(513, 9, 'UK049', 89),
	(514, 9, 'UK050', 75),
	(515, 9, 'UK051', 13),
	(516, 9, 'UK052', 84),
	(517, 9, 'UK053', 31),
	(518, 9, 'UK054', 46),
	(519, 9, 'UK055', 80),
	(520, 9, 'UK056', 77),
	(521, 9, 'UK057', 21),
	(522, 9, 'UK058', 76),
	(523, 10, 'UK001', 11),
	(524, 10, 'UK002', 1),
	(525, 10, 'UK003', 95),
	(526, 10, 'UK004', 48),
	(527, 10, 'UK005', 5),
	(528, 10, 'UK006', 75),
	(529, 10, 'UK007', 95),
	(530, 10, 'UK008', 100),
	(531, 10, 'UK009', 72),
	(532, 10, 'UK010', 35),
	(533, 10, 'UK011', 50),
	(534, 10, 'UK012', 9),
	(535, 10, 'UK013', 18),
	(536, 10, 'UK014', 11),
	(537, 10, 'UK015', 52),
	(538, 10, 'UK016', 16),
	(539, 10, 'UK017', 81),
	(540, 10, 'UK018', 58),
	(541, 10, 'UK019', 73),
	(542, 10, 'UK020', 3),
	(543, 10, 'UK021', 98),
	(544, 10, 'UK022', 80),
	(545, 10, 'UK023', 100),
	(546, 10, 'UK024', 5),
	(547, 10, 'UK025', 70),
	(548, 10, 'UK026', 84),
	(549, 10, 'UK027', 82),
	(550, 10, 'UK028', 72),
	(551, 10, 'UK029', 71),
	(552, 10, 'UK030', 87),
	(553, 10, 'UK031', 71),
	(554, 10, 'UK032', 82),
	(555, 10, 'UK033', 84),
	(556, 10, 'UK034', 73),
	(557, 10, 'UK035', 12),
	(558, 10, 'UK036', 94),
	(559, 10, 'UK037', 27),
	(560, 10, 'UK038', 57),
	(561, 10, 'UK039', 38),
	(562, 10, 'UK040', 99),
	(563, 10, 'UK041', 92),
	(564, 10, 'UK042', 15),
	(565, 10, 'UK043', 2),
	(566, 10, 'UK044', 39),
	(567, 10, 'UK045', 36),
	(568, 10, 'UK046', 9),
	(569, 10, 'UK047', 78),
	(570, 10, 'UK048', 51),
	(571, 10, 'UK049', 9),
	(572, 10, 'UK050', 48),
	(573, 10, 'UK051', 86),
	(574, 10, 'UK052', 18),
	(575, 10, 'UK053', 7),
	(576, 10, 'UK054', 90),
	(577, 10, 'UK055', 99),
	(578, 10, 'UK056', 75),
	(579, 10, 'UK057', 78),
	(580, 10, 'UK058', 45),
	(581, 11, 'UK001', 37),
	(582, 11, 'UK002', 5),
	(583, 11, 'UK003', 74),
	(584, 11, 'UK004', 73),
	(585, 11, 'UK005', 74),
	(586, 11, 'UK006', 83),
	(587, 11, 'UK007', 91),
	(588, 11, 'UK008', 95),
	(589, 11, 'UK009', 79),
	(590, 11, 'UK010', 77),
	(591, 11, 'UK011', 35),
	(592, 11, 'UK012', 32),
	(593, 11, 'UK013', 81),
	(594, 11, 'UK014', 36),
	(595, 11, 'UK015', 61),
	(596, 11, 'UK016', 34),
	(597, 11, 'UK017', 43),
	(598, 11, 'UK018', 6),
	(599, 11, 'UK019', 82),
	(600, 11, 'UK020', 45),
	(601, 11, 'UK021', 98),
	(602, 11, 'UK022', 77),
	(603, 11, 'UK023', 78),
	(604, 11, 'UK024', 76),
	(605, 11, 'UK025', 84),
	(606, 11, 'UK026', 91),
	(607, 11, 'UK027', 73),
	(608, 11, 'UK028', 96),
	(609, 11, 'UK029', 96),
	(610, 11, 'UK030', 95),
	(611, 11, 'UK031', 82),
	(612, 11, 'UK032', 95),
	(613, 11, 'UK033', 76),
	(614, 11, 'UK034', 42),
	(615, 11, 'UK035', 14),
	(616, 11, 'UK036', 27),
	(617, 11, 'UK037', 32),
	(618, 11, 'UK038', 86),
	(619, 11, 'UK039', 80),
	(620, 11, 'UK040', 28),
	(621, 11, 'UK041', 37),
	(622, 11, 'UK042', 98),
	(623, 11, 'UK043', 31),
	(624, 11, 'UK044', 46),
	(625, 11, 'UK045', 9),
	(626, 11, 'UK046', 11),
	(627, 11, 'UK047', 17),
	(628, 11, 'UK048', 90),
	(629, 11, 'UK049', 71),
	(630, 11, 'UK050', 11),
	(631, 11, 'UK051', 35),
	(632, 11, 'UK052', 18),
	(633, 11, 'UK053', 94),
	(634, 11, 'UK054', 33),
	(635, 11, 'UK055', 30),
	(636, 11, 'UK056', 41),
	(637, 11, 'UK057', 99),
	(638, 11, 'UK058', 59),
	(639, 12, 'UK001', 100),
	(640, 12, 'UK002', 17),
	(641, 12, 'UK003', 87),
	(642, 12, 'UK004', 25),
	(643, 12, 'UK005', 92),
	(644, 12, 'UK006', 87),
	(645, 12, 'UK007', 98),
	(646, 12, 'UK008', 74),
	(647, 12, 'UK009', 70),
	(648, 12, 'UK010', 18),
	(649, 12, 'UK011', 77),
	(650, 12, 'UK012', 64),
	(651, 12, 'UK013', 77),
	(652, 12, 'UK014', 12),
	(653, 12, 'UK015', 31),
	(654, 12, 'UK016', 56),
	(655, 12, 'UK017', 15),
	(656, 12, 'UK018', 98),
	(657, 12, 'UK019', 78),
	(658, 12, 'UK020', 24),
	(659, 12, 'UK021', 89),
	(660, 12, 'UK022', 95),
	(661, 12, 'UK023', 96),
	(662, 12, 'UK024', 54),
	(663, 12, 'UK025', 74),
	(664, 12, 'UK026', 78),
	(665, 12, 'UK027', 95),
	(666, 12, 'UK028', 94),
	(667, 12, 'UK029', 76),
	(668, 12, 'UK030', 83),
	(669, 12, 'UK031', 81),
	(670, 12, 'UK032', 96),
	(671, 12, 'UK033', 93),
	(672, 12, 'UK034', 87),
	(673, 12, 'UK035', 18),
	(674, 12, 'UK036', 7),
	(675, 12, 'UK037', 29),
	(676, 12, 'UK038', 69),
	(677, 12, 'UK039', 52),
	(678, 12, 'UK040', 27),
	(679, 12, 'UK041', 76),
	(680, 12, 'UK042', 48),
	(681, 12, 'UK043', 9),
	(682, 12, 'UK044', 81),
	(683, 12, 'UK045', 62),
	(684, 12, 'UK046', 33),
	(685, 12, 'UK047', 12),
	(686, 12, 'UK048', 51),
	(687, 12, 'UK049', 86),
	(688, 12, 'UK050', 86),
	(689, 12, 'UK051', 31),
	(690, 12, 'UK052', 75),
	(691, 12, 'UK053', 94),
	(692, 12, 'UK054', 13),
	(693, 12, 'UK055', 90),
	(694, 12, 'UK056', 34),
	(695, 12, 'UK057', 83),
	(696, 12, 'UK058', 77),
	(697, 13, 'UK001', 59),
	(698, 13, 'UK002', 65),
	(699, 13, 'UK003', 100),
	(700, 13, 'UK004', 84),
	(701, 13, 'UK005', 61),
	(702, 13, 'UK006', 85),
	(703, 13, 'UK007', 42),
	(704, 13, 'UK008', 99),
	(705, 13, 'UK009', 67),
	(706, 13, 'UK010', 26),
	(707, 13, 'UK011', 55),
	(708, 13, 'UK012', 18),
	(709, 13, 'UK013', 100),
	(710, 13, 'UK014', 76),
	(711, 13, 'UK015', 37),
	(712, 13, 'UK016', 14),
	(713, 13, 'UK017', 30),
	(714, 13, 'UK018', 33),
	(715, 13, 'UK019', 80),
	(716, 13, 'UK020', 98),
	(717, 13, 'UK021', 95),
	(718, 13, 'UK022', 96),
	(719, 13, 'UK023', 83),
	(720, 13, 'UK024', 73),
	(721, 13, 'UK025', 77),
	(722, 13, 'UK026', 89),
	(723, 13, 'UK027', 13),
	(724, 13, 'UK028', 82),
	(725, 13, 'UK029', 81),
	(726, 13, 'UK030', 52),
	(727, 13, 'UK031', 38),
	(728, 13, 'UK032', 62),
	(729, 13, 'UK033', 23),
	(730, 13, 'UK034', 87),
	(731, 13, 'UK035', 66),
	(732, 13, 'UK036', 61),
	(733, 13, 'UK037', 73),
	(734, 13, 'UK038', 52),
	(735, 13, 'UK039', 94),
	(736, 13, 'UK040', 39),
	(737, 13, 'UK041', 2),
	(738, 13, 'UK042', 83),
	(739, 13, 'UK043', 69),
	(740, 13, 'UK044', 5),
	(741, 13, 'UK045', 33),
	(742, 13, 'UK046', 62),
	(743, 13, 'UK047', 87),
	(744, 13, 'UK048', 18),
	(745, 13, 'UK049', 37),
	(746, 13, 'UK050', 24),
	(747, 13, 'UK051', 95),
	(748, 13, 'UK052', 89),
	(749, 13, 'UK053', 37),
	(750, 13, 'UK054', 55),
	(751, 13, 'UK055', 91),
	(752, 13, 'UK056', 76),
	(753, 13, 'UK057', 3),
	(754, 13, 'UK058', 88),
	(755, 14, 'UK001', 20),
	(756, 14, 'UK002', 88),
	(757, 14, 'UK003', 58),
	(758, 14, 'UK004', 6),
	(759, 14, 'UK005', 81),
	(760, 14, 'UK006', 96),
	(761, 14, 'UK007', 75),
	(762, 14, 'UK008', 84),
	(763, 14, 'UK009', 20),
	(764, 14, 'UK010', 76),
	(765, 14, 'UK011', 73),
	(766, 14, 'UK012', 92),
	(767, 14, 'UK013', 34),
	(768, 14, 'UK014', 21),
	(769, 14, 'UK015', 26),
	(770, 14, 'UK016', 77),
	(771, 14, 'UK017', 69),
	(772, 14, 'UK018', 29),
	(773, 14, 'UK019', 87),
	(774, 14, 'UK020', 96),
	(775, 14, 'UK021', 77),
	(776, 14, 'UK022', 88),
	(777, 14, 'UK023', 80),
	(778, 14, 'UK024', 86),
	(779, 14, 'UK025', 83),
	(780, 14, 'UK026', 77),
	(781, 14, 'UK027', 81),
	(782, 14, 'UK028', 63),
	(783, 14, 'UK029', 24),
	(784, 14, 'UK030', 77),
	(785, 14, 'UK031', 70),
	(786, 14, 'UK032', 50),
	(787, 14, 'UK033', 14),
	(788, 14, 'UK034', 31),
	(789, 14, 'UK035', 24),
	(790, 14, 'UK036', 100),
	(791, 14, 'UK037', 11),
	(792, 14, 'UK038', 45),
	(793, 14, 'UK039', 13),
	(794, 14, 'UK040', 44),
	(795, 14, 'UK041', 61),
	(796, 14, 'UK042', 29),
	(797, 14, 'UK043', 60),
	(798, 14, 'UK044', 69),
	(799, 14, 'UK045', 61),
	(800, 14, 'UK046', 41),
	(801, 14, 'UK047', 37),
	(802, 14, 'UK048', 8),
	(803, 14, 'UK049', 57),
	(804, 14, 'UK050', 92),
	(805, 14, 'UK051', 65),
	(806, 14, 'UK052', 47),
	(807, 14, 'UK053', 47),
	(808, 14, 'UK054', 39),
	(809, 14, 'UK055', 15),
	(810, 14, 'UK056', 19),
	(811, 14, 'UK057', 78),
	(812, 14, 'UK058', 95),
	(813, 15, 'UK001', 11),
	(814, 15, 'UK002', 8),
	(815, 15, 'UK003', 45),
	(816, 15, 'UK004', 15),
	(817, 15, 'UK005', 25),
	(818, 15, 'UK006', 85),
	(819, 15, 'UK007', 97),
	(820, 15, 'UK008', 73),
	(821, 15, 'UK009', 77),
	(822, 15, 'UK010', 29),
	(823, 15, 'UK011', 29),
	(824, 15, 'UK012', 43),
	(825, 15, 'UK013', 40),
	(826, 15, 'UK014', 79),
	(827, 15, 'UK015', 91),
	(828, 15, 'UK016', 19),
	(829, 15, 'UK017', 35),
	(830, 15, 'UK018', 83),
	(831, 15, 'UK019', 93),
	(832, 15, 'UK020', 100),
	(833, 15, 'UK021', 80),
	(834, 15, 'UK022', 93),
	(835, 15, 'UK023', 80),
	(836, 15, 'UK024', 98),
	(837, 15, 'UK025', 88),
	(838, 15, 'UK026', 84),
	(839, 15, 'UK027', 59),
	(840, 15, 'UK028', 56),
	(841, 15, 'UK029', 86),
	(842, 15, 'UK030', 22),
	(843, 15, 'UK031', 100),
	(844, 15, 'UK032', 3),
	(845, 15, 'UK033', 30),
	(846, 15, 'UK034', 92),
	(847, 15, 'UK035', 53),
	(848, 15, 'UK036', 92),
	(849, 15, 'UK037', 67),
	(850, 15, 'UK038', 89),
	(851, 15, 'UK039', 66),
	(852, 15, 'UK040', 30),
	(853, 15, 'UK041', 17),
	(854, 15, 'UK042', 97),
	(855, 15, 'UK043', 35),
	(856, 15, 'UK044', 79),
	(857, 15, 'UK045', 54),
	(858, 15, 'UK046', 51),
	(859, 15, 'UK047', 6),
	(860, 15, 'UK048', 47),
	(861, 15, 'UK049', 98),
	(862, 15, 'UK050', 35),
	(863, 15, 'UK051', 78),
	(864, 15, 'UK052', 94),
	(865, 15, 'UK053', 21),
	(866, 15, 'UK054', 84),
	(867, 15, 'UK055', 97),
	(868, 15, 'UK056', 28),
	(869, 15, 'UK057', 45),
	(870, 15, 'UK058', 82),
	(871, 16, 'UK001', 87),
	(872, 16, 'UK002', 73),
	(873, 16, 'UK003', 83),
	(874, 16, 'UK004', 63),
	(875, 16, 'UK005', 10),
	(876, 16, 'UK006', 49),
	(877, 16, 'UK007', 36),
	(878, 16, 'UK008', 12),
	(879, 16, 'UK009', 85),
	(880, 16, 'UK010', 4),
	(881, 16, 'UK011', 97),
	(882, 16, 'UK012', 64),
	(883, 16, 'UK013', 23),
	(884, 16, 'UK014', 96),
	(885, 16, 'UK015', 45),
	(886, 16, 'UK016', 1),
	(887, 16, 'UK017', 27),
	(888, 16, 'UK018', 85),
	(889, 16, 'UK019', 87),
	(890, 16, 'UK020', 60),
	(891, 16, 'UK021', 73),
	(892, 16, 'UK022', 73),
	(893, 16, 'UK023', 84),
	(894, 16, 'UK024', 77),
	(895, 16, 'UK025', 68),
	(896, 16, 'UK026', 77),
	(897, 16, 'UK027', 95),
	(898, 16, 'UK028', 28),
	(899, 16, 'UK029', 84),
	(900, 16, 'UK030', 70),
	(901, 16, 'UK031', 17),
	(902, 16, 'UK032', 56),
	(903, 16, 'UK033', 83),
	(904, 16, 'UK034', 2),
	(905, 16, 'UK035', 97),
	(906, 16, 'UK036', 42),
	(907, 16, 'UK037', 72),
	(908, 16, 'UK038', 80),
	(909, 16, 'UK039', 30),
	(910, 16, 'UK040', 71),
	(911, 16, 'UK041', 33),
	(912, 16, 'UK042', 56),
	(913, 16, 'UK043', 13),
	(914, 16, 'UK044', 77),
	(915, 16, 'UK045', 68),
	(916, 16, 'UK046', 79),
	(917, 16, 'UK047', 61),
	(918, 16, 'UK048', 44),
	(919, 16, 'UK049', 8),
	(920, 16, 'UK050', 62),
	(921, 16, 'UK051', 44),
	(922, 16, 'UK052', 7),
	(923, 16, 'UK053', 1),
	(924, 16, 'UK054', 14),
	(925, 16, 'UK055', 85),
	(926, 16, 'UK056', 51),
	(927, 16, 'UK057', 45),
	(928, 16, 'UK058', 96),
	(929, 17, 'UK001', 87),
	(930, 17, 'UK002', 72),
	(931, 17, 'UK003', 96),
	(932, 17, 'UK004', 14),
	(933, 17, 'UK005', 77),
	(934, 17, 'UK006', 67),
	(935, 17, 'UK007', 18),
	(936, 17, 'UK008', 31),
	(937, 17, 'UK009', 76),
	(938, 17, 'UK010', 58),
	(939, 17, 'UK011', 93),
	(940, 17, 'UK012', 55),
	(941, 17, 'UK013', 11),
	(942, 17, 'UK014', 90),
	(943, 17, 'UK015', 3),
	(944, 17, 'UK016', 44),
	(945, 17, 'UK017', 18),
	(946, 17, 'UK018', 78),
	(947, 17, 'UK019', 100),
	(948, 17, 'UK020', 9),
	(949, 17, 'UK021', 89),
	(950, 17, 'UK022', 77),
	(951, 17, 'UK023', 93),
	(952, 17, 'UK024', 73),
	(953, 17, 'UK025', 20),
	(954, 17, 'UK026', 98),
	(955, 17, 'UK027', 81),
	(956, 17, 'UK028', 55),
	(957, 17, 'UK029', 73),
	(958, 17, 'UK030', 74),
	(959, 17, 'UK031', 9),
	(960, 17, 'UK032', 2),
	(961, 17, 'UK033', 71),
	(962, 17, 'UK034', 28),
	(963, 17, 'UK035', 73),
	(964, 17, 'UK036', 64),
	(965, 17, 'UK037', 77),
	(966, 17, 'UK038', 74),
	(967, 17, 'UK039', 80),
	(968, 17, 'UK040', 98),
	(969, 17, 'UK041', 42),
	(970, 17, 'UK042', 11),
	(971, 17, 'UK043', 65),
	(972, 17, 'UK044', 13),
	(973, 17, 'UK045', 80),
	(974, 17, 'UK046', 100),
	(975, 17, 'UK047', 62),
	(976, 17, 'UK048', 71),
	(977, 17, 'UK049', 10),
	(978, 17, 'UK050', 14),
	(979, 17, 'UK051', 18),
	(980, 17, 'UK052', 78),
	(981, 17, 'UK053', 55),
	(982, 17, 'UK054', 41),
	(983, 17, 'UK055', 31),
	(984, 17, 'UK056', 96),
	(985, 17, 'UK057', 85),
	(986, 17, 'UK058', 14),
	(987, 18, 'UK001', 84),
	(988, 18, 'UK002', 79),
	(989, 18, 'UK003', 76),
	(990, 18, 'UK004', 17),
	(991, 18, 'UK005', 62),
	(992, 18, 'UK006', 48),
	(993, 18, 'UK007', 39),
	(994, 18, 'UK008', 85),
	(995, 18, 'UK009', 77),
	(996, 18, 'UK010', 51),
	(997, 18, 'UK011', 58),
	(998, 18, 'UK012', 1),
	(999, 18, 'UK013', 29),
	(1000, 18, 'UK014', 70),
	(1001, 18, 'UK015', 49),
	(1002, 18, 'UK016', 1),
	(1003, 18, 'UK017', 25),
	(1004, 18, 'UK018', 73),
	(1005, 18, 'UK019', 81),
	(1006, 18, 'UK020', 70),
	(1007, 18, 'UK021', 72),
	(1008, 18, 'UK022', 80),
	(1009, 18, 'UK023', 97),
	(1010, 18, 'UK024', 82),
	(1011, 18, 'UK025', 25),
	(1012, 18, 'UK026', 95),
	(1013, 18, 'UK027', 32),
	(1014, 18, 'UK028', 97),
	(1015, 18, 'UK029', 92),
	(1016, 18, 'UK030', 75),
	(1017, 18, 'UK031', 36),
	(1018, 18, 'UK032', 74),
	(1019, 18, 'UK033', 70),
	(1020, 18, 'UK034', 47),
	(1021, 18, 'UK035', 76),
	(1022, 18, 'UK036', 57),
	(1023, 18, 'UK037', 70),
	(1024, 18, 'UK038', 79),
	(1025, 18, 'UK039', 63),
	(1026, 18, 'UK040', 79),
	(1027, 18, 'UK041', 24),
	(1028, 18, 'UK042', 76),
	(1029, 18, 'UK043', 80),
	(1030, 18, 'UK044', 25),
	(1031, 18, 'UK045', 66),
	(1032, 18, 'UK046', 44),
	(1033, 18, 'UK047', 44),
	(1034, 18, 'UK048', 30),
	(1035, 18, 'UK049', 73),
	(1036, 18, 'UK050', 44),
	(1037, 18, 'UK051', 80),
	(1038, 18, 'UK052', 78),
	(1039, 18, 'UK053', 42),
	(1040, 18, 'UK054', 35),
	(1041, 18, 'UK055', 57),
	(1042, 18, 'UK056', 2),
	(1043, 18, 'UK057', 20),
	(1044, 18, 'UK058', 27),
	(1045, 19, 'UK001', 100),
	(1046, 19, 'UK002', 97),
	(1047, 19, 'UK003', 71),
	(1048, 19, 'UK004', 79),
	(1049, 19, 'UK005', 75),
	(1050, 19, 'UK006', 71),
	(1051, 19, 'UK007', 42),
	(1052, 19, 'UK008', 100),
	(1053, 19, 'UK009', 72),
	(1054, 19, 'UK010', 33),
	(1055, 19, 'UK011', 29),
	(1056, 19, 'UK012', 50),
	(1057, 19, 'UK013', 74),
	(1058, 19, 'UK014', 73),
	(1059, 19, 'UK015', 12),
	(1060, 19, 'UK016', 38),
	(1061, 19, 'UK017', 89),
	(1062, 19, 'UK018', 96),
	(1063, 19, 'UK019', 97),
	(1064, 19, 'UK020', 23),
	(1065, 19, 'UK021', 78),
	(1066, 19, 'UK022', 99),
	(1067, 19, 'UK023', 72),
	(1068, 19, 'UK024', 74),
	(1069, 19, 'UK025', 11),
	(1070, 19, 'UK026', 77),
	(1071, 19, 'UK027', 63),
	(1072, 19, 'UK028', 74),
	(1073, 19, 'UK029', 73),
	(1074, 19, 'UK030', 70),
	(1075, 19, 'UK031', 2),
	(1076, 19, 'UK032', 7),
	(1077, 19, 'UK033', 85),
	(1078, 19, 'UK034', 19),
	(1079, 19, 'UK035', 76),
	(1080, 19, 'UK036', 77),
	(1081, 19, 'UK037', 70),
	(1082, 19, 'UK038', 71),
	(1083, 19, 'UK039', 71),
	(1084, 19, 'UK040', 90),
	(1085, 19, 'UK041', 85),
	(1086, 19, 'UK042', 48),
	(1087, 19, 'UK043', 44),
	(1088, 19, 'UK044', 7),
	(1089, 19, 'UK045', 72),
	(1090, 19, 'UK046', 80),
	(1091, 19, 'UK047', 89),
	(1092, 19, 'UK048', 37),
	(1093, 19, 'UK049', 86),
	(1094, 19, 'UK050', 86),
	(1095, 19, 'UK051', 1),
	(1096, 19, 'UK052', 40),
	(1097, 19, 'UK053', 98),
	(1098, 19, 'UK054', 100),
	(1099, 19, 'UK055', 30),
	(1100, 19, 'UK056', 24),
	(1101, 19, 'UK057', 29),
	(1102, 19, 'UK058', 6),
	(1103, 20, 'UK001', 72),
	(1104, 20, 'UK002', 50),
	(1105, 20, 'UK003', 54),
	(1106, 20, 'UK004', 41),
	(1107, 20, 'UK005', 72),
	(1108, 20, 'UK006', 26),
	(1109, 20, 'UK007', 92),
	(1110, 20, 'UK008', 96),
	(1111, 20, 'UK009', 28),
	(1112, 20, 'UK010', 12),
	(1113, 20, 'UK011', 15),
	(1114, 20, 'UK012', 78),
	(1115, 20, 'UK013', 87),
	(1116, 20, 'UK014', 17),
	(1117, 20, 'UK015', 47),
	(1118, 20, 'UK016', 100),
	(1119, 20, 'UK017', 46),
	(1120, 20, 'UK018', 1),
	(1121, 20, 'UK019', 87),
	(1122, 20, 'UK020', 87),
	(1123, 20, 'UK021', 85),
	(1124, 20, 'UK022', 92),
	(1125, 20, 'UK023', 91),
	(1126, 20, 'UK024', 76),
	(1127, 20, 'UK025', 70),
	(1128, 20, 'UK026', 94),
	(1129, 20, 'UK027', 55),
	(1130, 20, 'UK028', 40),
	(1131, 20, 'UK029', 82),
	(1132, 20, 'UK030', 91),
	(1133, 20, 'UK031', 36),
	(1134, 20, 'UK032', 27),
	(1135, 20, 'UK033', 68),
	(1136, 20, 'UK034', 89),
	(1137, 20, 'UK035', 95),
	(1138, 20, 'UK036', 74),
	(1139, 20, 'UK037', 28),
	(1140, 20, 'UK038', 82),
	(1141, 20, 'UK039', 19),
	(1142, 20, 'UK040', 92),
	(1143, 20, 'UK041', 20),
	(1144, 20, 'UK042', 85),
	(1145, 20, 'UK043', 17),
	(1146, 20, 'UK044', 88),
	(1147, 20, 'UK045', 91),
	(1148, 20, 'UK046', 83),
	(1149, 20, 'UK047', 97),
	(1150, 20, 'UK048', 89),
	(1151, 20, 'UK049', 36),
	(1152, 20, 'UK050', 34),
	(1153, 20, 'UK051', 31),
	(1154, 20, 'UK052', 30),
	(1155, 20, 'UK053', 2),
	(1156, 20, 'UK054', 49),
	(1157, 20, 'UK055', 41),
	(1158, 20, 'UK056', 96),
	(1159, 20, 'UK057', 88),
	(1160, 20, 'UK058', 86),
	(1161, 21, 'UK001', 0),
	(1162, 21, 'UK002', 19),
	(1163, 21, 'UK003', 38),
	(1164, 21, 'UK004', 54),
	(1165, 21, 'UK005', 29),
	(1166, 21, 'UK006', 86),
	(1167, 21, 'UK007', 51),
	(1168, 21, 'UK008', 74),
	(1169, 21, 'UK009', 0),
	(1170, 21, 'UK010', 29),
	(1171, 21, 'UK011', 73),
	(1172, 21, 'UK012', 75),
	(1173, 21, 'UK013', 35),
	(1174, 21, 'UK014', 34),
	(1175, 21, 'UK015', 1),
	(1176, 21, 'UK016', 96),
	(1177, 21, 'UK017', 5),
	(1178, 21, 'UK018', 35),
	(1179, 21, 'UK019', 95),
	(1180, 21, 'UK020', 86),
	(1181, 21, 'UK021', 80),
	(1182, 21, 'UK022', 74),
	(1183, 21, 'UK023', 73),
	(1184, 21, 'UK024', 71),
	(1185, 21, 'UK025', 98),
	(1186, 21, 'UK026', 11),
	(1187, 21, 'UK027', 40),
	(1188, 21, 'UK028', 61),
	(1189, 21, 'UK029', 70),
	(1190, 21, 'UK030', 72),
	(1191, 21, 'UK031', 62),
	(1192, 21, 'UK032', 14),
	(1193, 21, 'UK033', 33),
	(1194, 21, 'UK034', 80),
	(1195, 21, 'UK035', 77),
	(1196, 21, 'UK036', 93),
	(1197, 21, 'UK037', 10),
	(1198, 21, 'UK038', 81),
	(1199, 21, 'UK039', 22),
	(1200, 21, 'UK040', 3),
	(1201, 21, 'UK041', 5),
	(1202, 21, 'UK042', 79),
	(1203, 21, 'UK043', 4),
	(1204, 21, 'UK044', 5),
	(1205, 21, 'UK045', 38),
	(1206, 21, 'UK046', 13),
	(1207, 21, 'UK047', 69),
	(1208, 21, 'UK048', 43),
	(1209, 21, 'UK049', 83),
	(1210, 21, 'UK050', 19),
	(1211, 21, 'UK051', 61),
	(1212, 21, 'UK052', 25),
	(1213, 21, 'UK053', 59),
	(1214, 21, 'UK054', 81),
	(1215, 21, 'UK055', 78),
	(1216, 21, 'UK056', 11),
	(1217, 21, 'UK057', 40),
	(1218, 21, 'UK058', 31),
	(1219, 22, 'UK001', 66),
	(1220, 22, 'UK002', 10),
	(1221, 22, 'UK003', 48),
	(1222, 22, 'UK004', 55),
	(1223, 22, 'UK005', 23),
	(1224, 22, 'UK006', 82),
	(1225, 22, 'UK007', 53),
	(1226, 22, 'UK008', 97),
	(1227, 22, 'UK009', 96),
	(1228, 22, 'UK010', 35),
	(1229, 22, 'UK011', 79),
	(1230, 22, 'UK012', 14),
	(1231, 22, 'UK013', 81),
	(1232, 22, 'UK014', 29),
	(1233, 22, 'UK015', 98),
	(1234, 22, 'UK016', 67),
	(1235, 22, 'UK017', 24),
	(1236, 22, 'UK018', 74),
	(1237, 22, 'UK019', 78),
	(1238, 22, 'UK020', 31),
	(1239, 22, 'UK021', 77),
	(1240, 22, 'UK022', 78),
	(1241, 22, 'UK023', 84),
	(1242, 22, 'UK024', 82),
	(1243, 22, 'UK025', 78),
	(1244, 22, 'UK026', 3),
	(1245, 22, 'UK027', 72),
	(1246, 22, 'UK028', 82),
	(1247, 22, 'UK029', 79),
	(1248, 22, 'UK030', 87),
	(1249, 22, 'UK031', 76),
	(1250, 22, 'UK032', 88),
	(1251, 22, 'UK033', 80),
	(1252, 22, 'UK034', 100),
	(1253, 22, 'UK035', 95),
	(1254, 22, 'UK036', 82),
	(1255, 22, 'UK037', 72),
	(1256, 22, 'UK038', 86),
	(1257, 22, 'UK039', 61),
	(1258, 22, 'UK040', 80),
	(1259, 22, 'UK041', 56),
	(1260, 22, 'UK042', 31),
	(1261, 22, 'UK043', 35),
	(1262, 22, 'UK044', 85),
	(1263, 22, 'UK045', 26),
	(1264, 22, 'UK046', 93),
	(1265, 22, 'UK047', 77),
	(1266, 22, 'UK048', 93),
	(1267, 22, 'UK049', 31),
	(1268, 22, 'UK050', 80),
	(1269, 22, 'UK051', 6),
	(1270, 22, 'UK052', 87),
	(1271, 22, 'UK053', 67),
	(1272, 22, 'UK054', 52),
	(1273, 22, 'UK055', 98),
	(1274, 22, 'UK056', 1),
	(1275, 22, 'UK057', 81),
	(1276, 22, 'UK058', 18),
	(1277, 23, 'UK001', 92),
	(1278, 23, 'UK002', 76),
	(1279, 23, 'UK003', 91),
	(1280, 23, 'UK004', 38),
	(1281, 23, 'UK005', 100),
	(1282, 23, 'UK006', 95),
	(1283, 23, 'UK007', 80),
	(1284, 23, 'UK008', 76),
	(1285, 23, 'UK009', 3),
	(1286, 23, 'UK010', 65),
	(1287, 23, 'UK011', 8),
	(1288, 23, 'UK012', 27),
	(1289, 23, 'UK013', 56),
	(1290, 23, 'UK014', 7),
	(1291, 23, 'UK015', 3),
	(1292, 23, 'UK016', 65),
	(1293, 23, 'UK017', 79),
	(1294, 23, 'UK018', 93),
	(1295, 23, 'UK019', 88),
	(1296, 23, 'UK020', 99),
	(1297, 23, 'UK021', 83),
	(1298, 23, 'UK022', 55),
	(1299, 23, 'UK023', 25),
	(1300, 23, 'UK024', 77),
	(1301, 23, 'UK025', 92),
	(1302, 23, 'UK026', 94),
	(1303, 23, 'UK027', 98),
	(1304, 23, 'UK028', 12),
	(1305, 23, 'UK029', 81),
	(1306, 23, 'UK030', 100),
	(1307, 23, 'UK031', 76),
	(1308, 23, 'UK032', 92),
	(1309, 23, 'UK033', 59),
	(1310, 23, 'UK034', 99),
	(1311, 23, 'UK035', 100),
	(1312, 23, 'UK036', 58),
	(1313, 23, 'UK037', 73),
	(1314, 23, 'UK038', 13),
	(1315, 23, 'UK039', 91),
	(1316, 23, 'UK040', 84),
	(1317, 23, 'UK041', 13),
	(1318, 23, 'UK042', 26),
	(1319, 23, 'UK043', 33),
	(1320, 23, 'UK044', 6),
	(1321, 23, 'UK045', 39),
	(1322, 23, 'UK046', 74),
	(1323, 23, 'UK047', 38),
	(1324, 23, 'UK048', 36),
	(1325, 23, 'UK049', 10),
	(1326, 23, 'UK050', 38),
	(1327, 23, 'UK051', 81),
	(1328, 23, 'UK052', 32),
	(1329, 23, 'UK053', 99),
	(1330, 23, 'UK054', 55),
	(1331, 23, 'UK055', 7),
	(1332, 23, 'UK056', 3),
	(1333, 23, 'UK057', 25),
	(1334, 23, 'UK058', 8),
	(1335, 24, 'UK001', 74),
	(1336, 24, 'UK002', 73),
	(1337, 24, 'UK003', 89),
	(1338, 24, 'UK004', 33),
	(1339, 24, 'UK005', 51),
	(1340, 24, 'UK006', 88),
	(1341, 24, 'UK007', 33),
	(1342, 24, 'UK008', 73),
	(1343, 24, 'UK009', 11),
	(1344, 24, 'UK010', 15),
	(1345, 24, 'UK011', 8),
	(1346, 24, 'UK012', 82),
	(1347, 24, 'UK013', 44),
	(1348, 24, 'UK014', 84),
	(1349, 24, 'UK015', 9),
	(1350, 24, 'UK016', 25),
	(1351, 24, 'UK017', 45),
	(1352, 24, 'UK018', 23),
	(1353, 24, 'UK019', 72),
	(1354, 24, 'UK020', 93),
	(1355, 24, 'UK021', 88),
	(1356, 24, 'UK022', 45),
	(1357, 24, 'UK023', 29),
	(1358, 24, 'UK024', 76),
	(1359, 24, 'UK025', 97),
	(1360, 24, 'UK026', 72),
	(1361, 24, 'UK027', 40),
	(1362, 24, 'UK028', 94),
	(1363, 24, 'UK029', 93),
	(1364, 24, 'UK030', 76),
	(1365, 24, 'UK031', 90),
	(1366, 24, 'UK032', 93),
	(1367, 24, 'UK033', 20),
	(1368, 24, 'UK034', 46),
	(1369, 24, 'UK035', 93),
	(1370, 24, 'UK036', 5),
	(1371, 24, 'UK037', 90),
	(1372, 24, 'UK038', 89),
	(1373, 24, 'UK039', 99),
	(1374, 24, 'UK040', 65),
	(1375, 24, 'UK041', 14),
	(1376, 24, 'UK042', 10),
	(1377, 24, 'UK043', 95),
	(1378, 24, 'UK044', 89),
	(1379, 24, 'UK045', 7),
	(1380, 24, 'UK046', 20),
	(1381, 24, 'UK047', 94),
	(1382, 24, 'UK048', 62),
	(1383, 24, 'UK049', 44),
	(1384, 24, 'UK050', 78),
	(1385, 24, 'UK051', 67),
	(1386, 24, 'UK052', 18),
	(1387, 24, 'UK053', 71),
	(1388, 24, 'UK054', 92),
	(1389, 24, 'UK055', 35),
	(1390, 24, 'UK056', 42),
	(1391, 24, 'UK057', 86),
	(1392, 24, 'UK058', 22),
	(1393, 25, 'UK001', 91),
	(1394, 25, 'UK002', 91),
	(1395, 25, 'UK003', 80),
	(1396, 25, 'UK004', 78),
	(1397, 25, 'UK005', 94),
	(1398, 25, 'UK006', 95),
	(1399, 25, 'UK007', 13),
	(1400, 25, 'UK008', 75),
	(1401, 25, 'UK009', 79),
	(1402, 25, 'UK010', 15),
	(1403, 25, 'UK011', 71),
	(1404, 25, 'UK012', 54),
	(1405, 25, 'UK013', 46),
	(1406, 25, 'UK014', 54),
	(1407, 25, 'UK015', 3),
	(1408, 25, 'UK016', 43),
	(1409, 25, 'UK017', 68),
	(1410, 25, 'UK018', 32),
	(1411, 25, 'UK019', 87),
	(1412, 25, 'UK020', 99),
	(1413, 25, 'UK021', 90),
	(1414, 25, 'UK022', 35),
	(1415, 25, 'UK023', 30),
	(1416, 25, 'UK024', 91),
	(1417, 25, 'UK025', 73),
	(1418, 25, 'UK026', 99),
	(1419, 25, 'UK027', 69),
	(1420, 25, 'UK028', 76),
	(1421, 25, 'UK029', 78),
	(1422, 25, 'UK030', 70),
	(1423, 25, 'UK031', 91),
	(1424, 25, 'UK032', 92),
	(1425, 25, 'UK033', 87),
	(1426, 25, 'UK034', 81),
	(1427, 25, 'UK035', 94),
	(1428, 25, 'UK036', 71),
	(1429, 25, 'UK037', 72),
	(1430, 25, 'UK038', 23),
	(1431, 25, 'UK039', 99),
	(1432, 25, 'UK040', 29),
	(1433, 25, 'UK041', 68),
	(1434, 25, 'UK042', 62),
	(1435, 25, 'UK043', 63),
	(1436, 25, 'UK044', 57),
	(1437, 25, 'UK045', 84),
	(1438, 25, 'UK046', 81),
	(1439, 25, 'UK047', 81),
	(1440, 25, 'UK048', 12),
	(1441, 25, 'UK049', 28),
	(1442, 25, 'UK050', 14),
	(1443, 25, 'UK051', 96),
	(1444, 25, 'UK052', 6),
	(1445, 25, 'UK053', 25),
	(1446, 25, 'UK054', 46),
	(1447, 25, 'UK055', 4),
	(1448, 25, 'UK056', 99),
	(1449, 25, 'UK057', 45),
	(1450, 25, 'UK058', 12),
	(1451, 26, 'UK001', 86),
	(1452, 26, 'UK002', 100),
	(1453, 26, 'UK003', 73),
	(1454, 26, 'UK004', 96),
	(1455, 26, 'UK005', 40),
	(1456, 26, 'UK006', 89),
	(1457, 26, 'UK007', 92),
	(1458, 26, 'UK008', 79),
	(1459, 26, 'UK009', 10),
	(1460, 26, 'UK010', 1),
	(1461, 26, 'UK011', 12),
	(1462, 26, 'UK012', 3),
	(1463, 26, 'UK013', 62),
	(1464, 26, 'UK014', 77),
	(1465, 26, 'UK015', 44),
	(1466, 26, 'UK016', 47),
	(1467, 26, 'UK017', 41),
	(1468, 26, 'UK018', 97),
	(1469, 26, 'UK019', 72),
	(1470, 26, 'UK020', 83),
	(1471, 26, 'UK021', 84),
	(1472, 26, 'UK022', 20),
	(1473, 26, 'UK023', 77),
	(1474, 26, 'UK024', 80),
	(1475, 26, 'UK025', 76),
	(1476, 26, 'UK026', 87),
	(1477, 26, 'UK027', 72),
	(1478, 26, 'UK028', 96),
	(1479, 26, 'UK029', 90),
	(1480, 26, 'UK030', 90),
	(1481, 26, 'UK031', 90),
	(1482, 26, 'UK032', 90),
	(1483, 26, 'UK033', 26),
	(1484, 26, 'UK034', 56),
	(1485, 26, 'UK035', 94),
	(1486, 26, 'UK036', 29),
	(1487, 26, 'UK037', 100),
	(1488, 26, 'UK038', 88),
	(1489, 26, 'UK039', 95),
	(1490, 26, 'UK040', 19),
	(1491, 26, 'UK041', 30),
	(1492, 26, 'UK042', 70),
	(1493, 26, 'UK043', 3),
	(1494, 26, 'UK044', 21),
	(1495, 26, 'UK045', 17),
	(1496, 26, 'UK046', 63),
	(1497, 26, 'UK047', 8),
	(1498, 26, 'UK048', 69),
	(1499, 26, 'UK049', 7),
	(1500, 26, 'UK050', 75),
	(1501, 26, 'UK051', 20),
	(1502, 26, 'UK052', 47),
	(1503, 26, 'UK053', 98),
	(1504, 26, 'UK054', 65),
	(1505, 26, 'UK055', 12),
	(1506, 26, 'UK056', 90),
	(1507, 26, 'UK057', 35),
	(1508, 26, 'UK058', 43),
	(1509, 27, 'UK001', 6),
	(1510, 27, 'UK002', 82),
	(1511, 27, 'UK003', 15),
	(1512, 27, 'UK004', 70),
	(1513, 27, 'UK005', 73),
	(1514, 27, 'UK006', 57),
	(1515, 27, 'UK007', 86),
	(1516, 27, 'UK008', 86),
	(1517, 27, 'UK009', 34),
	(1518, 27, 'UK010', 100),
	(1519, 27, 'UK011', 44),
	(1520, 27, 'UK012', 51),
	(1521, 27, 'UK013', 63),
	(1522, 27, 'UK014', 44),
	(1523, 27, 'UK015', 37),
	(1524, 27, 'UK016', 76),
	(1525, 27, 'UK017', 81),
	(1526, 27, 'UK018', 76),
	(1527, 27, 'UK019', 88),
	(1528, 27, 'UK020', 86),
	(1529, 27, 'UK021', 88),
	(1530, 27, 'UK022', 28),
	(1531, 27, 'UK023', 62),
	(1532, 27, 'UK024', 90),
	(1533, 27, 'UK025', 76),
	(1534, 27, 'UK026', 87),
	(1535, 27, 'UK027', 37),
	(1536, 27, 'UK028', 47),
	(1537, 27, 'UK029', 36),
	(1538, 27, 'UK030', 84),
	(1539, 27, 'UK031', 35),
	(1540, 27, 'UK032', 68),
	(1541, 27, 'UK033', 28),
	(1542, 27, 'UK034', 71),
	(1543, 27, 'UK035', 86),
	(1544, 27, 'UK036', 73),
	(1545, 27, 'UK037', 91),
	(1546, 27, 'UK038', 85),
	(1547, 27, 'UK039', 33),
	(1548, 27, 'UK040', 86),
	(1549, 27, 'UK041', 78),
	(1550, 27, 'UK042', 7),
	(1551, 27, 'UK043', 78),
	(1552, 27, 'UK044', 52),
	(1553, 27, 'UK045', 30),
	(1554, 27, 'UK046', 7),
	(1555, 27, 'UK047', 31),
	(1556, 27, 'UK048', 19),
	(1557, 27, 'UK049', 47),
	(1558, 27, 'UK050', 69),
	(1559, 27, 'UK051', 91),
	(1560, 27, 'UK052', 46),
	(1561, 27, 'UK053', 99),
	(1562, 27, 'UK054', 26),
	(1563, 27, 'UK055', 2),
	(1564, 27, 'UK056', 42),
	(1565, 27, 'UK057', 7),
	(1566, 27, 'UK058', 63),
	(1567, 28, 'UK001', 65),
	(1568, 28, 'UK002', 67),
	(1569, 28, 'UK003', 47),
	(1570, 28, 'UK004', 15),
	(1571, 28, 'UK005', 23),
	(1572, 28, 'UK006', 30),
	(1573, 28, 'UK007', 37),
	(1574, 28, 'UK008', 90),
	(1575, 28, 'UK009', 76),
	(1576, 28, 'UK010', 91),
	(1577, 28, 'UK011', 51),
	(1578, 28, 'UK012', 51),
	(1579, 28, 'UK013', 69),
	(1580, 28, 'UK014', 58),
	(1581, 28, 'UK015', 9),
	(1582, 28, 'UK016', 53),
	(1583, 28, 'UK017', 99),
	(1584, 28, 'UK018', 91),
	(1585, 28, 'UK019', 96),
	(1586, 28, 'UK020', 7),
	(1587, 28, 'UK021', 74),
	(1588, 28, 'UK022', 100),
	(1589, 28, 'UK023', 100),
	(1590, 28, 'UK024', 99),
	(1591, 28, 'UK025', 72),
	(1592, 28, 'UK026', 44),
	(1593, 28, 'UK027', 25),
	(1594, 28, 'UK028', 61),
	(1595, 28, 'UK029', 31),
	(1596, 28, 'UK030', 32),
	(1597, 28, 'UK031', 83),
	(1598, 28, 'UK032', 78),
	(1599, 28, 'UK033', 80),
	(1600, 28, 'UK034', 77),
	(1601, 28, 'UK035', 83),
	(1602, 28, 'UK036', 96),
	(1603, 28, 'UK037', 100),
	(1604, 28, 'UK038', 29),
	(1605, 28, 'UK039', 34),
	(1606, 28, 'UK040', 65),
	(1607, 28, 'UK041', 88),
	(1608, 28, 'UK042', 6),
	(1609, 28, 'UK043', 21),
	(1610, 28, 'UK044', 54),
	(1611, 28, 'UK045', 92),
	(1612, 28, 'UK046', 67),
	(1613, 28, 'UK047', 28),
	(1614, 28, 'UK048', 36),
	(1615, 28, 'UK049', 7),
	(1616, 28, 'UK050', 67),
	(1617, 28, 'UK051', 27),
	(1618, 28, 'UK052', 45),
	(1619, 28, 'UK053', 83),
	(1620, 28, 'UK054', 18),
	(1621, 28, 'UK055', 40),
	(1622, 28, 'UK056', 66),
	(1623, 28, 'UK057', 13),
	(1624, 28, 'UK058', 80),
	(1625, 29, 'UK001', 39),
	(1626, 29, 'UK002', 32),
	(1627, 29, 'UK003', 48),
	(1628, 29, 'UK004', 60),
	(1629, 29, 'UK005', 45),
	(1630, 29, 'UK006', 29),
	(1631, 29, 'UK007', 82),
	(1632, 29, 'UK008', 75),
	(1633, 29, 'UK009', 31),
	(1634, 29, 'UK010', 91),
	(1635, 29, 'UK011', 63),
	(1636, 29, 'UK012', 67),
	(1637, 29, 'UK013', 18),
	(1638, 29, 'UK014', 1),
	(1639, 29, 'UK015', 87),
	(1640, 29, 'UK016', 61),
	(1641, 29, 'UK017', 79),
	(1642, 29, 'UK018', 96),
	(1643, 29, 'UK019', 70),
	(1644, 29, 'UK020', 12),
	(1645, 29, 'UK021', 80),
	(1646, 29, 'UK022', 57),
	(1647, 29, 'UK023', 3),
	(1648, 29, 'UK024', 81),
	(1649, 29, 'UK025', 87),
	(1650, 29, 'UK026', 20),
	(1651, 29, 'UK027', 39),
	(1652, 29, 'UK028', 74),
	(1653, 29, 'UK029', 68),
	(1654, 29, 'UK030', 71),
	(1655, 29, 'UK031', 6),
	(1656, 29, 'UK032', 52),
	(1657, 29, 'UK033', 40),
	(1658, 29, 'UK034', 83),
	(1659, 29, 'UK035', 86),
	(1660, 29, 'UK036', 77),
	(1661, 29, 'UK037', 99),
	(1662, 29, 'UK038', 18),
	(1663, 29, 'UK039', 72),
	(1664, 29, 'UK040', 51),
	(1665, 29, 'UK041', 4),
	(1666, 29, 'UK042', 35),
	(1667, 29, 'UK043', 13),
	(1668, 29, 'UK044', 41),
	(1669, 29, 'UK045', 90),
	(1670, 29, 'UK046', 75),
	(1671, 29, 'UK047', 74),
	(1672, 29, 'UK048', 53),
	(1673, 29, 'UK049', 24),
	(1674, 29, 'UK050', 74),
	(1675, 29, 'UK051', 99),
	(1676, 29, 'UK052', 97),
	(1677, 29, 'UK053', 28),
	(1678, 29, 'UK054', 15),
	(1679, 29, 'UK055', 87),
	(1680, 29, 'UK056', 31),
	(1681, 29, 'UK057', 74),
	(1682, 29, 'UK058', 33),
	(1683, 30, 'UK001', 100),
	(1684, 30, 'UK002', 100),
	(1685, 30, 'UK003', 100),
	(1686, 30, 'UK004', 100),
	(1687, 30, 'UK005', 100),
	(1688, 30, 'UK006', 100),
	(1689, 30, 'UK007', 100),
	(1690, 30, 'UK008', 100),
	(1691, 30, 'UK009', 100),
	(1692, 30, 'UK010', 100),
	(1693, 30, 'UK011', 100),
	(1694, 30, 'UK012', 100),
	(1695, 30, 'UK013', 100),
	(1696, 30, 'UK014', 100),
	(1697, 30, 'UK015', 100),
	(1698, 30, 'UK016', 100),
	(1699, 30, 'UK017', 100),
	(1700, 30, 'UK018', 100),
	(1701, 30, 'UK019', 0),
	(1702, 30, 'UK020', 0),
	(1703, 30, 'UK021', 0),
	(1704, 30, 'UK022', 0),
	(1705, 30, 'UK023', 0),
	(1706, 30, 'UK024', 0),
	(1707, 30, 'UK025', 0),
	(1708, 30, 'UK026', 0),
	(1709, 30, 'UK027', 0),
	(1710, 30, 'UK028', 0),
	(1711, 30, 'UK029', 0),
	(1712, 30, 'UK030', 0),
	(1713, 30, 'UK031', 0),
	(1714, 30, 'UK032', 0),
	(1715, 30, 'UK033', 0),
	(1716, 30, 'UK034', 0),
	(1717, 30, 'UK035', 0),
	(1718, 30, 'UK036', 0),
	(1719, 30, 'UK037', 0),
	(1720, 30, 'UK038', 0),
	(1721, 30, 'UK039', 0),
	(1722, 30, 'UK040', 0),
	(1723, 30, 'UK041', 0),
	(1724, 30, 'UK042', 0),
	(1725, 30, 'UK043', 0),
	(1726, 30, 'UK044', 0),
	(1727, 30, 'UK045', 0),
	(1728, 30, 'UK046', 0),
	(1729, 30, 'UK047', 0),
	(1730, 30, 'UK048', 0),
	(1731, 30, 'UK049', 0),
	(1732, 30, 'UK050', 0),
	(1733, 30, 'UK051', 0),
	(1734, 30, 'UK052', 0),
	(1735, 30, 'UK053', 0),
	(1736, 30, 'UK054', 0),
	(1737, 30, 'UK055', 0),
	(1738, 30, 'UK056', 0),
	(1739, 30, 'UK057', 0),
	(1740, 30, 'UK058', 0),
	(1741, 31, 'UK001', 0),
	(1742, 31, 'UK002', 0),
	(1743, 31, 'UK003', 0),
	(1744, 31, 'UK004', 0),
	(1745, 31, 'UK005', 0),
	(1746, 31, 'UK006', 0),
	(1747, 31, 'UK007', 0),
	(1748, 31, 'UK008', 0),
	(1749, 31, 'UK009', 0),
	(1750, 31, 'UK010', 0),
	(1751, 31, 'UK011', 0),
	(1752, 31, 'UK012', 0),
	(1753, 31, 'UK013', 0),
	(1754, 31, 'UK014', 0),
	(1755, 31, 'UK015', 0),
	(1756, 31, 'UK016', 0),
	(1757, 31, 'UK017', 0),
	(1758, 31, 'UK018', 0),
	(1759, 31, 'UK019', 0),
	(1760, 31, 'UK020', 0),
	(1761, 31, 'UK021', 0),
	(1762, 31, 'UK022', 0),
	(1763, 31, 'UK023', 0),
	(1764, 31, 'UK024', 0),
	(1765, 31, 'UK025', 0),
	(1766, 31, 'UK026', 0),
	(1767, 31, 'UK027', 0),
	(1768, 31, 'UK028', 0),
	(1769, 31, 'UK029', 0),
	(1770, 31, 'UK030', 0),
	(1771, 31, 'UK031', 0),
	(1772, 31, 'UK032', 0),
	(1773, 31, 'UK033', 0),
	(1774, 31, 'UK034', 0),
	(1775, 31, 'UK035', 0),
	(1776, 31, 'UK036', 0),
	(1777, 31, 'UK037', 0),
	(1778, 31, 'UK038', 0),
	(1779, 31, 'UK039', 0),
	(1780, 31, 'UK040', 0),
	(1781, 31, 'UK041', 0),
	(1782, 31, 'UK042', 0),
	(1783, 31, 'UK043', 0),
	(1784, 31, 'UK044', 0),
	(1785, 31, 'UK045', 0),
	(1786, 31, 'UK046', 0),
	(1787, 31, 'UK047', 0),
	(1788, 31, 'UK048', 0),
	(1789, 31, 'UK049', 100),
	(1790, 31, 'UK050', 100),
	(1791, 31, 'UK051', 100),
	(1792, 31, 'UK052', 100),
	(1793, 31, 'UK053', 100),
	(1794, 31, 'UK054', 100),
	(1795, 31, 'UK055', 100),
	(1796, 31, 'UK056', 100),
	(1797, 31, 'UK057', 100),
	(1798, 31, 'UK058', 100),
	(1799, 32, 'UK001', 0),
	(1800, 32, 'UK002', 0),
	(1801, 32, 'UK003', 0),
	(1802, 32, 'UK004', 0),
	(1803, 32, 'UK005', 0),
	(1804, 32, 'UK006', 0),
	(1805, 32, 'UK007', 0),
	(1806, 32, 'UK008', 0),
	(1807, 32, 'UK009', 0),
	(1808, 32, 'UK010', 0),
	(1809, 32, 'UK011', 0),
	(1810, 32, 'UK012', 0),
	(1811, 32, 'UK013', 0),
	(1812, 32, 'UK014', 0),
	(1813, 32, 'UK015', 0),
	(1814, 32, 'UK016', 0),
	(1815, 32, 'UK017', 0),
	(1816, 32, 'UK018', 0),
	(1817, 32, 'UK019', 0),
	(1818, 32, 'UK020', 0),
	(1819, 32, 'UK021', 0),
	(1820, 32, 'UK022', 0),
	(1821, 32, 'UK023', 0),
	(1822, 32, 'UK024', 0),
	(1823, 32, 'UK025', 0),
	(1824, 32, 'UK026', 0),
	(1825, 32, 'UK027', 0),
	(1826, 32, 'UK028', 0),
	(1827, 32, 'UK029', 0),
	(1828, 32, 'UK030', 0),
	(1829, 32, 'UK031', 0),
	(1830, 32, 'UK032', 0),
	(1831, 32, 'UK033', 0),
	(1832, 32, 'UK034', 0),
	(1833, 32, 'UK035', 0),
	(1834, 32, 'UK036', 0),
	(1835, 32, 'UK037', 0),
	(1836, 32, 'UK038', 0),
	(1837, 32, 'UK039', 0),
	(1838, 32, 'UK040', 100),
	(1839, 32, 'UK041', 100),
	(1840, 32, 'UK042', 100),
	(1841, 32, 'UK043', 100),
	(1842, 32, 'UK044', 100),
	(1843, 32, 'UK045', 100),
	(1844, 32, 'UK046', 100),
	(1845, 32, 'UK047', 100),
	(1846, 32, 'UK048', 100),
	(1847, 32, 'UK049', 100),
	(1848, 32, 'UK050', 100),
	(1849, 32, 'UK051', 0),
	(1850, 32, 'UK052', 0),
	(1851, 32, 'UK053', 0),
	(1852, 32, 'UK054', 0),
	(1853, 32, 'UK055', 0),
	(1854, 32, 'UK056', 0),
	(1855, 32, 'UK057', 0),
	(1856, 32, 'UK058', 0),
	(1857, 33, 'UK001', 0),
	(1858, 33, 'UK002', 0),
	(1859, 33, 'UK003', 0),
	(1860, 33, 'UK004', 0),
	(1861, 33, 'UK005', 0),
	(1862, 33, 'UK006', 77),
	(1863, 33, 'UK007', 87),
	(1864, 33, 'UK008', 0),
	(1865, 33, 'UK009', 68),
	(1866, 33, 'UK010', 0),
	(1867, 33, 'UK011', 0),
	(1868, 33, 'UK012', 85),
	(1869, 33, 'UK013', 0),
	(1870, 33, 'UK014', 90),
	(1871, 33, 'UK015', 80),
	(1872, 33, 'UK016', 0),
	(1873, 33, 'UK017', 0),
	(1874, 33, 'UK018', 0),
	(1875, 33, 'UK019', 0),
	(1876, 33, 'UK020', 0),
	(1877, 33, 'UK021', 0),
	(1878, 33, 'UK022', 0),
	(1879, 33, 'UK023', 0),
	(1880, 33, 'UK024', 0),
	(1881, 33, 'UK025', 0),
	(1882, 33, 'UK026', 0),
	(1883, 33, 'UK027', 0),
	(1884, 33, 'UK028', 0),
	(1885, 33, 'UK029', 0),
	(1886, 33, 'UK030', 0),
	(1887, 33, 'UK031', 0),
	(1888, 33, 'UK032', 0),
	(1889, 33, 'UK033', 79),
	(1890, 33, 'UK034', 0),
	(1891, 33, 'UK035', 0),
	(1892, 33, 'UK036', 0),
	(1893, 33, 'UK037', 8),
	(1894, 33, 'UK038', 0),
	(1895, 33, 'UK039', 0),
	(1896, 33, 'UK040', 0),
	(1897, 33, 'UK041', 67),
	(1898, 33, 'UK042', 0),
	(1899, 33, 'UK043', 0),
	(1900, 33, 'UK044', 0),
	(1901, 33, 'UK045', 98),
	(1902, 33, 'UK046', 0),
	(1903, 33, 'UK047', 0),
	(1904, 33, 'UK048', 0),
	(1905, 33, 'UK049', 0),
	(1906, 33, 'UK050', 0),
	(1907, 33, 'UK051', 78),
	(1908, 33, 'UK052', 0),
	(1909, 33, 'UK053', 0),
	(1910, 33, 'UK054', 0),
	(1911, 33, 'UK055', 89),
	(1912, 33, 'UK056', 0),
	(1913, 33, 'UK057', 60),
	(1914, 33, 'UK058', 0);
/*!40000 ALTER TABLE `skkni_dataset` ENABLE KEYS */;

-- Dumping structure for table sppkti.skkni_skema
CREATE TABLE IF NOT EXISTS `skkni_skema` (
  `id_skema` varchar(5) NOT NULL,
  `nama_skema` varchar(50) NOT NULL,
  `foto` text NOT NULL,
  `deskripsi` text NOT NULL,
  PRIMARY KEY (`id_skema`)
) ENGINE=InnoDB DEFAULT CHARSET=latin1;

-- Dumping data for table sppkti.skkni_skema: ~11 rows (approximately)
/*!40000 ALTER TABLE `skkni_skema` DISABLE KEYS */;
INSERT INTO `skkni_skema` (`id_skema`, `nama_skema`, `foto`, `deskripsi`) VALUES
	('SK01', 'Analyst Programmer', '441956790.jpg', '<table class="table table-bordered">\r\n <tbody>\r\n  <tr>\r\n   <th colspan="2"><strong>Harus memiliki Pengetahuan Dasar</strong></th>\r\n  </tr>\r\n  <tr>\r\n   <td>1.</td>\r\n   <td>Algoritma Pemrograman</td>\r\n  </tr>\r\n  <tr>\r\n   <td>2.</td>\r\n   <td>Testing Software</td>\r\n  </tr>\r\n  <tr>\r\n   <td>3.</td>\r\n   <td>Perancangan Database (DBMS)</td>\r\n  </tr>\r\n  <tr>\r\n   <td>4.</td>\r\n   <td>Project Management</td>\r\n  </tr>\r\n  <tr>\r\n   <td>5.</td>\r\n   <td>Konsep Keamanan Database</td>\r\n  </tr>\r\n  <tr>\r\n   <td>6.</td>\r\n   <td>Perancangan Sistem Informasi</td>\r\n  </tr>\r\n  <tr>\r\n   <td>7.</td>\r\n   <td>Pemrograman Terstruktur</td>\r\n  </tr>\r\n  <tr>\r\n   <td>8.</td>\r\n   <td>Pemrograman OOP</td>\r\n  </tr>\r\n  <tr>\r\n   <th colspan="2"><strong>Harus memiliki Keterampilan Dasar</strong></th>\r\n  </tr>\r\n  <tr>\r\n   <td>1.</td>\r\n   <td>Melakukan instalasi dan konfigurasi software sistem operasi</td>\r\n  </tr>\r\n  <tr>\r\n   <td>2.</td>\r\n   <td>Melakukan instalasi, konfigurasi dan menggunakansoftware alat bantu pengembangan program</td>\r\n  </tr>\r\n  <tr>\r\n   <td>3.</td>\r\n   <td>Melakukan instalasi, konfigurasi dan menggunakansoftware alat bantuDesain System</td>\r\n  </tr>\r\n  <tr>\r\n   <td>4.</td>\r\n   <td>Melakukan instalasi, konfigurasi dan menggunakan software alat bantupemantauan kesalahan (bug)</td>\r\n  </tr>\r\n  <tr>\r\n   <td>5.</td>\r\n   <td>Membaca dan membuatdokumen spesifikasi teknis</td>\r\n  </tr>\r\n  <tr>\r\n   <td>6.</td>\r\n   <td>Berkoordinasi dengan anggota tim yang lain dalam proyek</td>\r\n  </tr>\r\n </tbody>\r\n</table>\r\n'),
	('SK02', 'Junior Programmer', '1023082479.jpg', '<table class="huruf table table-bordered">\r\n <tbody>\r\n  <tr>\r\n   <th colspan="2"><strong>Harus memiliki Pengetahuan Dasar</strong></th>\r\n  </tr>\r\n  <tr>\r\n   <td>1.</td>\r\n   <td>AlgoritmaPemrograman</td>\r\n  </tr>\r\n  <tr>\r\n   <td>2.</td>\r\n   <td>Bahasa Pemrograman</td>\r\n  </tr>\r\n  <tr>\r\n   <td>3.</td>\r\n   <td>Konsep Database</td>\r\n  </tr>\r\n  <tr>\r\n   <td>4.</td>\r\n   <td>PemrogramanTerstruktur</td>\r\n  </tr>\r\n  <tr>\r\n   <td>5.</td>\r\n   <td>Pemrograman OOP</td>\r\n  </tr>\r\n  <tr>\r\n   <th colspan="2"><strong>Harus memiliki Keterampilan Dasar</strong></th>\r\n  </tr>\r\n  <tr>\r\n   <td>1.</td>\r\n   <td>Melakukan instalasi, konfigurasi dan menggunakansoftware alat bantu pengembangan program</td>\r\n  </tr>\r\n  <tr>\r\n   <td>2.</td>\r\n   <td>Berkoordinasi dengan anggota tim yang lain dalam proyek</td>\r\n  </tr>\r\n  <tr>\r\n   <td>3.</td>\r\n   <td>Melakukan pengukuran atas effort yang dibutuhkan dalam membuat suatu modul</td>\r\n  </tr>\r\n  <tr>\r\n   <td>4.</td>\r\n   <td>Melakukan instalasi dan konfigurasi software alat bantuemulator mobile</td>\r\n  </tr>\r\n </tbody>\r\n</table>'),
	('SK03', 'Programmer', '1180357062.jpg', '<table class="table table-bordered">\r\n <tbody>\r\n  <tr>\r\n   <th colspan="2"><strong>Harus memiliki Pengetahuan Dasar</strong></th>\r\n  </tr>\r\n  <tr>\r\n   <td>1.</td>\r\n   <td>Algoritma Pemrograman</td>\r\n  </tr>\r\n  <tr>\r\n   <td>2.</td>\r\n   <td>Scripting dan Programming</td>\r\n  </tr>\r\n  <tr>\r\n   <td>3.</td>\r\n   <td>Konsep Database</td>\r\n  </tr>\r\n  <tr>\r\n   <td>4.</td>\r\n   <td>Pemrograman Terstruktur</td>\r\n  </tr>\r\n  <tr>\r\n   <td>5.</td>\r\n   <td>Pemrograman OOP</td>\r\n  </tr>\r\n  <tr>\r\n   <td>6.</td>\r\n   <td>Testing Software</td>\r\n  </tr>\r\n  <tr>\r\n   <td>7.</td>\r\n   <td>Pemrograman basis data (SQL)</td>\r\n  </tr>\r\n  <tr>\r\n   <td>8.</td>\r\n   <td>Konsep Keamanan Database</td>\r\n  </tr>\r\n  <tr>\r\n   <td>9.</td>\r\n   <td>DasarTeknologi Informasi</td>\r\n  </tr>\r\n  <tr>\r\n   <td>10.</td>\r\n   <td>Pengembangan Aplikasi Web</td>\r\n  </tr>\r\n  <tr>\r\n   <td>11.</td>\r\n   <td>Jaringan dan Keamanan</td>\r\n  </tr>\r\n  <tr>\r\n   <td>12.</td>\r\n   <td>Sistem Operasi</td>\r\n  </tr>\r\n  <tr>\r\n   <td>13.</td>\r\n   <td>Manajemen Data</td>\r\n  </tr>\r\n  <tr>\r\n   <td>14.</td>\r\n   <td>Pengembangan Software</td>\r\n  </tr>\r\n  <tr>\r\n   <th colspan="2"><strong>Harus memiliki Keterampilan Dasar</strong></th>\r\n  </tr>\r\n  <tr>\r\n   <td>1.</td>\r\n   <td>Melakukan instalasi dan konfigurasi software sistem operasi</td>\r\n  </tr>\r\n  <tr>\r\n   <td>2.</td>\r\n   <td>Melakukan instalasi, konfigurasi dan menggunakansoftware alat bantu pengembangan program</td>\r\n  </tr>\r\n  <tr>\r\n   <td>3.</td>\r\n   <td>Melakukan instalasi, konfigurasi dan menggunakansoftware alat bantu pengembangan mobile data</td>\r\n  </tr>\r\n  <tr>\r\n   <td>4.</td>\r\n   <td>Melakukan instalasi, konfigurasi dan menggunakan software alat bantu pembuatan mobile interface</td>\r\n  </tr>\r\n  <tr>\r\n   <td>5.</td>\r\n   <td>Melakukan instalasi, konfigurasi dan menggunakan software alat bantupemantauan kesalahan (bug)</td>\r\n  </tr>\r\n  <tr>\r\n   <td>6.</td>\r\n   <td>Membaca dokumen spesifikasi teknis</td>\r\n   <td></td>\r\n  </tr>\r\n  <tr>\r\n   <td>7.</td>\r\n   <td>Berkoordinasi dengan anggota tim yang lain dalam proyek</td>\r\n  </tr>\r\n  <tr>\r\n   <td>8.</td>\r\n   <td>Melakukan pengukuran atas effort yang dibutuhkan dalammembuat suatu modul</td>\r\n  </tr>\r\n  <tr>\r\n   <td>9.</td>\r\n   <td>Melakukan instalasi dan konfigurasi library, komponen& framework yang diperlukan</td>\r\n  </tr>\r\n  <tr>\r\n   <td>10.</td>\r\n   <td>Melakukan pengamanan software melalui mekanisme pemrograman yang aman / secure</td>\r\n  </tr>\r\n </tbody>\r\n</table>\r\n'),
	('SK04', 'Junior Database Programmer', '860057115.jpg', '<table class="huruf table table-bordered">\r\n <tbody>\r\n  <tr>\r\n   <th colspan="2"><strong>Harus memiliki Pengetahuan Dasar</strong></th>\r\n  </tr>\r\n  <tr>\r\n   <td>1.</td>\r\n   <td>Algoritma Pemrograman</td>\r\n  </tr>\r\n  <tr>\r\n   <td>2.</td>\r\n   <td>Bahasa Pemrograman</td>\r\n  </tr>\r\n  <tr>\r\n   <td>3.</td>\r\n   <td>Konsep Database</td>\r\n  </tr>\r\n  <tr>\r\n   <td>4.</td>\r\n   <td>Pemrograman Terstruktur</td>\r\n  </tr>\r\n  <tr>\r\n   <td>5.</td>\r\n   <td>Pemrograman OOP</td>\r\n  </tr>\r\n  <tr>\r\n   <td>6.</td>\r\n   <td>Pemrograman basis data (SQL) dasar</td>\r\n  </tr>\r\n  <tr>\r\n   <th colspan="2"><strong>Harus memiliki Keterampilan Dasar</strong></th>\r\n  </tr>\r\n  <tr>\r\n   <td>1.</td>\r\n   <td>Menggunakan software alat bantu pengembangan program</td>\r\n  </tr>\r\n  <tr>\r\n   <td>2.</td>\r\n   <td>Menggunakan software alat bantu pengembangan mobile data</td>\r\n  </tr>\r\n  <tr>\r\n   <td>3.</td>\r\n   <td>Menggunakan software alat bantu pembuatan mobile interface</td>\r\n  </tr>\r\n  <tr>\r\n   <td>4.</td>\r\n   <td>Menggunakan software alat bantu pemantauan kesalahan (bug)</td>\r\n  </tr>\r\n  <tr>\r\n   <td>5.</td>\r\n   <td>Membaca dokumen spesifikasi teknis</td>\r\n  </tr>\r\n  <tr>\r\n   <td>6.</td>\r\n   <td>Berkoordinasi dengan anggota tim yang lain dalam proyek</td>\r\n  </tr>\r\n </tbody>\r\n</table>'),
	('SK05', 'Database Programmer', '325457099.jpg', '<table class="huruf table table-bordered">\r\n <tbody>\r\n  <tr>\r\n   <th colspan="2"><strong>Harus memiliki Pengetahuan Dasar</strong></th>\r\n  </tr>\r\n  <tr>\r\n   <td>1.</td>\r\n   <td>Algoritma Pemrograman</td>\r\n  </tr>\r\n  <tr>\r\n   <td>2.</td>\r\n   <td>Bahasa Pemrograman</td>\r\n  </tr>\r\n  <tr>\r\n   <td>3.</td>\r\n   <td>Konsep Database</td>\r\n  </tr>\r\n  <tr>\r\n   <td>4.</td>\r\n   <td>Pemrograman Terstruktur</td>\r\n  </tr>\r\n  <tr>\r\n   <td>5.</td>\r\n   <td>Pemrograman OOP</td>\r\n  </tr>\r\n  <tr>\r\n   <td>6.</td>\r\n   <td>Testing Software</td>\r\n  </tr>\r\n  <tr>\r\n   <td>7.</td>\r\n   <td>Pemrograman basis data (SQL)</td>\r\n  </tr>\r\n  <tr>\r\n   <td>8.</td>\r\n   <td>Project Management</td>\r\n  </tr>\r\n  <tr>\r\n   <td>9.</td>\r\n   <td>Konsep keamanan software</td>\r\n  </tr>\r\n  <tr>\r\n   <th colspan="2"><strong>Harus memiliki Keterampilan Dasar</strong></th>\r\n  </tr>\r\n  <tr>\r\n   <td>1.</td>\r\n   <td>Melakukan instalasi dan konfigurasi software sistem operasi</td>\r\n  </tr>\r\n  <tr>\r\n   <td>2.</td>\r\n   <td>Melakukan instalasi, konfigurasi dan menggunakansoftware alat bantu pengembangan program</td>\r\n  </tr>\r\n  <tr>\r\n   <td>3.</td>\r\n   <td>Melakukan instalasi, konfigurasi dan menggunakansoftware alat bantu pengembangan mobile data</td>\r\n  </tr>\r\n  <tr>\r\n   <td>4.</td>\r\n   <td>Melakukan instalasi, konfigurasi dan menggunakan software alat bantu pembuatan mobile interface</td>\r\n  </tr>\r\n  <tr>\r\n   <td>5.</td>\r\n   <td>Melakukan instalasi, konfigurasi dan menggunakan software alat bantupemantauan kesalahan (bug)</td>\r\n  </tr>\r\n  <tr>\r\n   <td>6.</td>\r\n   <td>Membaca dokumen spesifikasi teknis</td>\r\n  </tr>\r\n  <tr>\r\n   <td>7.</td>\r\n   <td>Berkoordinasi dengan anggota tim yang lain dalam proyek</td>\r\n  </tr>\r\n  <tr>\r\n   <td>8.</td>\r\n   <td>Melakukan pengukuran atas effort yang dibutuhkan dalam membuat suatu modul</td>\r\n  </tr>\r\n  <tr>\r\n   <td>9.</td>\r\n   <td>Melakukan instalasi dan konfigurasi library, komponen & framework yang diperlukan</td>\r\n  </tr>\r\n  <tr>\r\n   <td>10.</td>\r\n   <td>Melakukan pengamanan software melalui mekanisme pemrograman yang aman / secure</td>\r\n  </tr>\r\n  <tr>\r\n   <td>11.</td>\r\n   <td>Melakukan efsiensi pemorgraman</td>\r\n  </tr>\r\n </tbody>\r\n</table>'),
	('SK06', 'Junior Web Programmer', '1009503216.jpg', '<table class="huruf table table-bordered">\r\n <tbody>\r\n  <tr>\r\n   <th colspan="2"><strong>Harus memiliki Pengetahuan Dasar</strong></th>\r\n  </tr>\r\n  <tr>\r\n   <td>1.</td>\r\n   <td>Konsep relational database</td>\r\n  </tr>\r\n  <tr>\r\n   <td>2.</td>\r\n   <td>Konsep security dasar</td>\r\n  </tr>\r\n  <tr>\r\n   <td>3.</td>\r\n   <td>Konsep client server programming</td>\r\n  </tr>\r\n  <tr>\r\n   <th colspan="2">\r\n   <h3><strong>Harus memeiliki Keterampilan Dasar</strong></h3>\r\n   </th>\r\n  </tr>\r\n  <tr>\r\n   <td>1.</td>\r\n   <td>Keterampilan dasar pemrograman web HTML</td>\r\n  </tr>\r\n  <tr>\r\n   <td>2.</td>\r\n   <td>Keterampilan menggunakan DBMS</td>\r\n  </tr>\r\n  <tr>\r\n   <td>3.</td>\r\n   <td>Kemampuan Query Dasar</td>\r\n  </tr>\r\n  <tr>\r\n   <td>4.</td>\r\n   <td>Keterampilan membuat pemrograman terstruktur</td>\r\n  </tr>\r\n </tbody>\r\n</table>'),
	('SK07', 'Web Programmer', '340557536.jpg', '<table class="huruf table table-bordered">\r\n <tbody>\r\n  <tr>\r\n   <th colspan="2"><strong>Harus memiliki Pengetahuan Dasar</strong></th>\r\n  </tr>\r\n  <tr>\r\n   <td>1.</td>\r\n   <td>Algoritma Pemrograman</td>\r\n  </tr>\r\n  <tr>\r\n   <td>2.</td>\r\n   <td>Bahasa Pemrograman</td>\r\n  </tr>\r\n  <tr>\r\n   <td>3.</td>\r\n   <td>Konsep Database</td>\r\n  </tr>\r\n  <tr>\r\n   <td>4.</td>\r\n   <td>Pemrograman Terstruktur</td>\r\n  </tr>\r\n  <tr>\r\n   <td>5.</td>\r\n   <td>Pemrograman OOP</td>\r\n  </tr>\r\n  <tr>\r\n   <td>6.</td>\r\n   <td>Testing Software</td>\r\n  </tr>\r\n  <tr>\r\n   <td>7.</td>\r\n   <td>Pemrograman basis data (SQL)</td>\r\n  </tr>\r\n  <tr>\r\n   <td>8.</td>\r\n   <td>Project Management</td>\r\n  </tr>\r\n  <tr>\r\n   <td>9.</td>\r\n   <td>Konsep keamanan software</td>\r\n  </tr>\r\n  <tr>\r\n   <th colspan="2"><strong>Harus memiliki Keterampilan Dasar</strong></th>\r\n  </tr>\r\n  <tr>\r\n   <td>1.</td>\r\n   <td>Melakukan instalasi dan konfigurasi software sistem operasi</td>\r\n  </tr>\r\n  <tr>\r\n   <td>2.</td>\r\n   <td>Melakukan instalasi, konfigurasi dan menggunakan software alat bantu pengembangan program</td>\r\n  </tr>\r\n  <tr>\r\n   <td>3.</td>\r\n   <td>Melakukan instalasi, konfigurasi dan menggunakansoftware alat bantu pengembangan mobile data</td>\r\n  </tr>\r\n  <tr>\r\n   <td>4.</td>\r\n   <td>Melakukan instalasi, konfigurasi dan menggunakan software alat bantu pembuatan mobile interface</td>\r\n  </tr>\r\n  <tr>\r\n   <td>5.</td>\r\n   <td>Melakukan instalasi, konfigurasi dan menggunakan software alat bantupemantauan kesalahan (bug)</td>\r\n  </tr>\r\n  <tr>\r\n   <td>6.</td>\r\n   <td>Membaca dokumen spesifikasi teknis</td>\r\n  </tr>\r\n  <tr>\r\n   <td>7.</td>\r\n   <td>Berkoordinasi dengan anggota tim yang lain dalam proyek</td>\r\n  </tr>\r\n  <tr>\r\n   <td>8.</td>\r\n   <td>Melakukan pengukuran atas effort yang dibutuhkan dalam membuat suatu modul</td>\r\n  </tr>\r\n  <tr>\r\n   <td>9.</td>\r\n   <td>Melakukan instalasi dan konfigurasi library, komponen & framework yang diperlukan</td>\r\n  </tr>\r\n  <tr>\r\n   <td>10.</td>\r\n   <td>Melakukan pengamanan software melalui mekanisme pemrograman yang aman / secure</td>\r\n  </tr>\r\n  <tr>\r\n   <td>11.</td>\r\n   <td>Melakukan efsiensi pemorgraman</td>\r\n  </tr>\r\n </tbody>\r\n</table>'),
	('SK08', 'Junior Mobile Programmer', '468744299.jpg', '<table class="huruf table table-bordered">\r\n <tbody>\r\n  <tr>\r\n   <th colspan="2"><strong>Harus memiliki Pengetahuan Dasar</strong></th>\r\n  </tr>\r\n  <tr>\r\n   <td>1.</td>\r\n   <td>Pengetahuan tentang etika pemograman</td>\r\n  </tr>\r\n  <tr>\r\n   <td>2.</td>\r\n   <td>Konsep basisdata</td>\r\n  </tr>\r\n  <tr>\r\n   <td>3.</td>\r\n   <td>Konsep DBMS</td>\r\n  </tr>\r\n  <tr>\r\n   <td>4.</td>\r\n   <td>Protocol secure sockets layer</td>\r\n  </tr>\r\n  <tr>\r\n   <th colspan="2"><strong>Harus memiliki Keterampilan Dasar</strong></th>\r\n  </tr>\r\n  <tr>\r\n   <td>1.</td>\r\n   <td>Membuat algoritma pemograman</td>\r\n  </tr>\r\n  <tr>\r\n   <td>2.</td>\r\n   <td>Membuat program dengan bahasa terstruktur</td>\r\n  </tr>\r\n  <tr>\r\n   <td>3.</td>\r\n   <td>Mengidentifikasi struktur data</td>\r\n  </tr>\r\n  <tr>\r\n   <td>4.</td>\r\n   <td>Mengoperaikan bahasa pemograman mobile computing</td>\r\n  </tr>\r\n  <tr>\r\n   <td>5.</td>\r\n   <td>Mengoperasikan sistem computer</td>\r\n  </tr>\r\n  <tr>\r\n   <td>6.</td>\r\n   <td>Mengoperasikan sistem software aplikasi basis data</td>\r\n  </tr>\r\n  <tr>\r\n   <td>7.</td>\r\n   <td>Mengidentifikasi mobile security</td>\r\n  </tr>\r\n </tbody>\r\n</table>'),
	('SK09', 'Mobile Programmer', '1143626268.jpg', '<table class="huruf table table-bordered">\r\n <tbody>\r\n  <tr>\r\n   <th colspan="2"><strong>Harus memiliki Pengetahuan Dasar</strong></th>\r\n  </tr>\r\n  <tr>\r\n   <td>1.</td>\r\n   <td>Algoritma Pemrograman</td>\r\n  </tr>\r\n  <tr>\r\n   <td>2.</td>\r\n   <td>Bahasa Pemrograman</td>\r\n  </tr>\r\n  <tr>\r\n   <td>3.</td>\r\n   <td>Konsep Database & Mobile Database</td>\r\n  </tr>\r\n  <tr>\r\n   <td>4.</td>\r\n   <td>Pemrograman Terstruktur</td>\r\n  </tr>\r\n  <tr>\r\n   <td>5.</td>\r\n   <td>Pemrograman OOP</td>\r\n  </tr>\r\n  <tr>\r\n   <td>6.</td>\r\n   <td>Testing Software</td>\r\n  </tr>\r\n  <tr>\r\n   <td>7.</td>\r\n   <td>Pemrograman basis data (SQL)</td>\r\n  </tr>\r\n  <tr>\r\n   <td>8.</td>\r\n   <td>Project Management</td>\r\n  </tr>\r\n  <tr>\r\n   <th colspan="2">\r\n   <h3><strong>Harus memeiliki Keterampilan Dasar</strong></h3>\r\n   </th>\r\n  </tr>\r\n  <tr>\r\n   <td>1.</td>\r\n   <td>Melakukan instalasi dan konfigurasi software sistem operasi</td>\r\n  </tr>\r\n  <tr>\r\n   <td>2.</td>\r\n   <td>Melakukan instalasi, konfigurasi dan menggunakansoftware alat bantu pengembangan program</td>\r\n  </tr>\r\n  <tr>\r\n   <td>3.</td>\r\n   <td>Melakukan instalasi, konfigurasi dan menggunakan software alat bantu pengembangan mobile data</td>\r\n  </tr>\r\n  <tr>\r\n   <td>4.</td>\r\n   <td>Melakukan instalasi, konfigurasi dan menggunakan software alat bantu pembuatan mobile interface</td>\r\n  </tr>\r\n  <tr>\r\n   <td>5.</td>\r\n   <td>Melakukan instalasi, konfigurasi dan menggunakan software alat bantu pemantauan kesalahan (bug)</td>\r\n  </tr>\r\n  <tr>\r\n   <td>6.</td>\r\n   <td>Berkoordinasi dengan anggota tim yang lain dalam proyek</td>\r\n  </tr>\r\n  <tr>\r\n   <td>7.</td>\r\n   <td>Melakukan pengukuran atas effort yang dibutuhkan dalam membuat suatu modul</td>\r\n  </tr>\r\n  <tr>\r\n   <td>8.</td>\r\n   <td>Memahami berbagai tipe ponsel beserta fitur yang dimiliki</td>\r\n  </tr>\r\n  <tr>\r\n   <td>9.</td>\r\n   <td>Melakukan instalasi dan konfigurasi software alat bantu emulator mobile</td>\r\n  </tr>\r\n  <tr>\r\n   <td>10.</td>\r\n   <td>Menggunakan software alat bantu emulator mobile</td>\r\n  </tr>\r\n  <tr>\r\n   <td>11.</td>\r\n   <td>Melakukan instalasi dan konfigurasi library, komponen & framework yang diperlukan</td>\r\n  </tr>\r\n  <tr>\r\n   <td>12.</td>\r\n   <td>Membaca dokumen spesifikasi teknis</td>\r\n  </tr>\r\n  <tr>\r\n   <td>13.</td>\r\n   <td>Memahami berbagai macam fitur mobile seperti LBS, GPS, Dasar mobile security, variasi O/S mobile</td>\r\n  </tr>\r\n  <tr>\r\n   <td>14.</td>\r\n   <td>Melakukan interfacing ke berbagai Mobile API</td>\r\n  </tr>\r\n </tbody>\r\n</table>'),
	('SK10', 'Client Server Programmer', '86892444.jpg', '<table class="huruf table table-bordered">\r\n <tbody>\r\n  <tr>\r\n   <th colspan="2"><strong>Harus memiliki Pengetahuan Dasar</strong></th>\r\n  </tr>\r\n  <tr>\r\n   <td>1.</td>\r\n   <td>Algoritma Pemrograman</td>\r\n  </tr>\r\n  <tr>\r\n   <td>2.</td>\r\n   <td>Bahasa Pemrograman</td>\r\n  </tr>\r\n  <tr>\r\n   <td>3.</td>\r\n   <td>Konsep Database & Mobile Database</td>\r\n  </tr>\r\n  <tr>\r\n   <td>4.</td>\r\n   <td>Pemrograman Terstruktur</td>\r\n  </tr>\r\n  <tr>\r\n   <td>5.</td>\r\n   <td>Pemrograman OOP</td>\r\n  </tr>\r\n  <tr>\r\n   <td>6.</td>\r\n   <td>Testing Software</td>\r\n  </tr>\r\n  <tr>\r\n   <td>7.</td>\r\n   <td>Pemrograman basis data (SQL)</td>\r\n  </tr>\r\n  <tr>\r\n   <td>8.</td>\r\n   <td>Project Management</td>\r\n  </tr>\r\n  <tr>\r\n   <th colspan="2"><strong>Harus memiliki Keterampilan Dasar</strong></th>\r\n  </tr>\r\n  <tr>\r\n   <td>1.</td>\r\n   <td>Melakukan instalasi dan konfigurasi software sistem operasi</td>\r\n  </tr>\r\n  <tr>\r\n   <td>2.</td>\r\n   <td>Melakukan instalasi, konfigurasi dan menggunakansoftware alat bantu pengembangan program</td>\r\n  </tr>\r\n  <tr>\r\n   <td>3.</td>\r\n   <td>Melakukan instalasi, konfigurasi dan menggunakansoftware alat bantu pengembangan mobile data</td>\r\n  </tr>\r\n  <tr>\r\n   <td>4.</td>\r\n   <td>Melakukan instalasi, konfigurasi dan menggunakan software alat bantu pembuatan mobile interface</td>\r\n  </tr>\r\n  <tr>\r\n   <td>5.</td>\r\n   <td>Melakukan instalasi, konfigurasi dan menggunakan software alat bantupemantauan kesalahan (bug)</td>\r\n  </tr>\r\n  <tr>\r\n   <td>6.</td>\r\n   <td>Berkoordinasi dengan anggota tim yang lain dalam proyek</td>\r\n  </tr>\r\n  <tr>\r\n   <td>7.</td>\r\n   <td>Melakukan pengukuran atas effort yang dibutuhkan dalam membuat suatu modul</td>\r\n  </tr>\r\n  <tr>\r\n   <td>8.</td>\r\n   <td>Memahami berbagai tipe ponsel beserta fitur yang dimiliki</td>\r\n  </tr>\r\n  <tr>\r\n   <td>9.</td>\r\n   <td>Melakukan instalasi dan konfigurasi software alat bantu emulator mobile</td>\r\n  </tr>\r\n  <tr>\r\n   <td>10.</td>\r\n   <td>Menggunakan software alat bantu emulator mobile</td>\r\n  </tr>\r\n  <tr>\r\n   <td>11.</td>\r\n   <td>Melakukan instalasi dan konfigurasi library, komponen & framework yang diperlukan</td>\r\n  </tr>\r\n  <tr>\r\n   <td>12.</td>\r\n   <td>Membaca dokumen spesifikasi teknis</td>\r\n  </tr>\r\n  <tr>\r\n   <td>13.</td>\r\n   <td>Memahami berbagai macam fitur mobile seperti LBS, GPS, Dasar mobile security, variasi O/S mobile</td>\r\n  </tr>\r\n  <tr>\r\n   <td>14.</td>\r\n   <td>Melakukan interfacing ke berbagai Mobile API</td>\r\n  </tr>\r\n </tbody>\r\n</table>'),
	('SK11', 'Cloud Programmer', '485143300.jpg', '<table class="huruf table table-bordered">\r\n <tbody>\r\n  <tr>\r\n   <th colspan="2"><strong>Harus memiliki Pengetahuan Dasar</strong></th>\r\n  </tr>\r\n  <tr>\r\n   <td>1</td>\r\n   <td>Algoritma Pemrograman</td>\r\n  </tr>\r\n  <tr>\r\n   <td>2</td>\r\n   <td>Bahasa Pemrograman</td>\r\n  </tr>\r\n  <tr>\r\n   <td>3</td>\r\n   <td>Konsep Database</td>\r\n  </tr>\r\n  <tr>\r\n   <td>4</td>\r\n   <td>Pemrograman Terstruktur</td>\r\n  </tr>\r\n  <tr>\r\n   <td>5</td>\r\n   <td>Pemrograman OOP</td>\r\n  </tr>\r\n  <tr>\r\n   <td>6</td>\r\n   <td>Testing Software</td>\r\n  </tr>\r\n  <tr>\r\n   <td>7</td>\r\n   <td>Pemrograman basis data (SQL)</td>\r\n  </tr>\r\n  <tr>\r\n   <td>8</td>\r\n   <td>Project Management</td>\r\n  </tr>\r\n  <tr>\r\n   <td>9</td>\r\n   <td>Keamanan Database</td>\r\n  </tr>\r\n  <tr>\r\n   <td>10</td>\r\n   <td>Jaringan dan Keamanan</td>\r\n  </tr>\r\n  <tr>\r\n   <td>11</td>\r\n   <td>Sistem Operasi</td>\r\n  </tr>\r\n  <tr>\r\n   <td>12</td>\r\n   <td>Cloud Computing</td>\r\n  </tr>\r\n  <tr>\r\n   <th colspan="2"><strong>Harus memiliki Keterampilan Dasar</strong></th>\r\n  </tr>\r\n  <tr>\r\n   <td>1</td>\r\n   <td>Melakukan instalasi dan konfigurasi software sistem operasi</td>\r\n  </tr>\r\n  <tr>\r\n   <td>2</td>\r\n   <td>Melakukan instalasi, konfigurasi dan menggunakansoftware alat bantu pengembangan program</td>\r\n  </tr>\r\n  <tr>\r\n   <td>3</td>\r\n   <td>Melakukan instalasi, konfigurasi dan menggunakansoftware alat bantu pendukung cloud</td>\r\n  </tr>\r\n  <tr>\r\n   <td>4</td>\r\n   <td>Melakukan instalasi, konfigurasi dan menggunakansoftware alat bantu pengembangan aplikasi cloud</td>\r\n  </tr>\r\n  <tr>\r\n   <td>5</td>\r\n   <td>Melakukan instalasi, konfigurasi dan menggunakan software alat bantupemantauan kesalahan (bug)</td>\r\n  </tr>\r\n  <tr>\r\n   <td>6</td>\r\n   <td>Membaca dokumen spesifikasi teknis</td>\r\n  </tr>\r\n  <tr>\r\n   <td>7</td>\r\n   <td>Berkoordinasi dengan anggota tim yang lain dalam proyek</td>\r\n  </tr>\r\n  <tr>\r\n   <td>8</td>\r\n   <td>Melakukan pengukuran atas effort yang dibutuhkan dalam membuat suatu modul</td>\r\n  </tr>\r\n  <tr>\r\n   <td>9</td>\r\n   <td>Melakukan instalasi dan konfigurasi library, komponen & framework yang diperlukan</td>\r\n  </tr>\r\n  <tr>\r\n   <td>10</td>\r\n   <td>Melakukan pengamanan software melalui mekanisme pemrograman yang aman / secure</td>\r\n  </tr>\r\n  <tr>\r\n   <td>11</td>\r\n   <td>Melakukan efsiensi pemorgraman</td>\r\n  </tr>\r\n  <tr>\r\n   <td>12</td>\r\n   <td>Melakukan setting dan konfigurasi keamanan atas sistem dan aplikasi yang digunakan</td>\r\n  </tr>\r\n  <tr>\r\n   <td>13</td>\r\n   <td>Melakukan pengembangan aplikasi Saas (Software as a service) berbasis multi-tenant</td>\r\n  </tr>\r\n </tbody>\r\n</table>');
/*!40000 ALTER TABLE `skkni_skema` ENABLE KEYS */;

-- Dumping structure for table sppkti.skkni_unit
CREATE TABLE IF NOT EXISTS `skkni_unit` (
  `id_unit` varchar(5) NOT NULL,
  `kode_unit` varchar(50) NOT NULL,
  `nama_unit` text NOT NULL,
  `deskripsi` text,
  PRIMARY KEY (`id_unit`)
) ENGINE=InnoDB DEFAULT CHARSET=latin1;

-- Dumping data for table sppkti.skkni_unit: ~58 rows (approximately)
/*!40000 ALTER TABLE `skkni_unit` DISABLE KEYS */;
INSERT INTO `skkni_unit` (`id_unit`, `kode_unit`, `nama_unit`, `deskripsi`) VALUES
	('UK001', 'J.620100.001.01', 'Menganalisis tools', 'Unit ini menentukan kompetensi, pengetahuan dan sikap kerja yang diperlukan untuk menganalisis tools yang diperlukan untuk mengembangkan perangkat lunak aplikasi sesuai dengan kebutuhan.'),
	('UK002', 'J.620100.002.01', 'Menganalisis skalabilitas perangkat lunak', 'Unit kompetensi ini berhubungan dengan sikap, pengetahuan, dan keterampilan yang dibutuhkan dalam menganalisis skalabilitas perangkat lunak untuk tujuan implementasi.'),
	('UK003', 'J.620100.003.01', 'Melakukan Identifikasi Library, Komponen atau Framework yang diperlukan', 'Unit ini menentukan kompetensi, pengetahuan dan Sikap kerja yang diperlukan untuk pencarian, pengembangan proof of concept, dan penentuan library, komponen atau framework dari open source hingga proprietary untuk dapat dimanfaatkan pada pekerjaan pembangunan perangkat lunak.'),
	('UK004', 'J.620100.006.01', 'Merancang User Experience', 'Unit ini menentukan kompetensi yang diperlukan untuk membuat rancangan user experience untuk aplikasi yang dikembangkan.'),
	('UK005', 'J.620100.008.01', 'Merancang Arsitektur aplikasi', 'Unit ini menentukan kompetensi yang diperlukan untuk membuat rancangan arsitektur dari aplikasi yang dikembangkan.'),
	('UK006', 'J.620100.014.01', 'Menerapkan metode dan praktik penggunaan kembali (reusable) subrutin-subrutin', 'Unit ini mengukur kemampuan programmer dalam merancang, mengimplementasikan, dan menggunakan kembali subrutin (fungsi/prosedur/modul) untuk membuat program.'),
	('UK007', 'J.620100.015.01', 'Menyusun fungsi, file atau sumber daya pemrograman yang lain dalam organisasi yang rapi', 'Unit kompetensi ini berhubungan dengan sikap, pengetahuan, dan keterampilan yang dibutuhkan dalam mengorganisasikan sumber daya hasil pemrogramannya seperti source code, file referensi, dokumentasi, dll dalam organisasi yang rapi sehingga memudahkan diri sendiri maupun orang lain dalam mengakses dan menggunakan sumber daya tersebut.'),
	('UK008', 'J.620100.019.02', 'Menggunakan library atau komponen pre-existing', 'Unit kompetensi ini berhubungan dengan sikap, pengetahuan, dan keterampilan yang diperlukan untuk menggunakan komponen-komponen reuse (yang dapat dipergunakan secara berulang) untuk mendukung pengembangan aplikasi yang efisien.'),
	('UK009', 'J.620100.024.02', 'Melakukan migrasi ke teknologi baru', 'Unit kompetensi ini berhubungan dengan sikap, pengetahuan, dan keterampilan yang dibutuhkan dalam meningkatkan kinerja organisasi dengan menggunakan teknologi pemrograman terkini.'),
	('UK010', 'J.620100.026.01', 'Menerapkan Source code Versioning', 'Unit kompetensi ini berhubungan dengan sikap, pengetahuan, dan keterampilan yang diperlukan dalam menerapkan metode dan tools untuk mencatat versi dari setiap program sumber.'),
	('UK011', 'J.620100.031.01', 'Melakukan Profiling Program', 'Unit kompetensi ini berhubungan dengan sikap, pengetahuan, dan keterampilan yang dibutuhkan dalam upaya investigasi performa, waktu eksekusi dari suatu program dalam upaya melakukan optimasi program.'),
	('UK012', 'J.620100.034.02', 'Melaksanakan pengujian Integrasi program', 'Unit kompetensi ini mendeskripsikan sikap, kemampuan dan pengetahuan untuk melakukan pengujian integrasi dari setiap modul program yang telah dibuat.'),
	('UK013', 'J.620100.035.02', 'Melaksanakan pengujian Program Sistem', 'Unit kompetensi ini berhubungan dengan sikap, pengetahuan, dan keterampilan yang dibutuhkan dalam melaksanakan pengujian sistem dari seluruh arsitektur program yang telah dibuat.'),
	('UK014', 'J.620100.037.01', 'Melaksanakan Stress Test', 'Unit kompetensi ini berhubungan dengan melaksanakan stress test untuk menguji aplikasi dengan karakteristik load sedekat mungkin dengan load sewaktu production.'),
	('UK015', 'J.620100.041.01', 'Melaksanakan Cutover aplikasi', 'Unit kompetensi ini berhubungan dengan sikap, pengetahuan, dan keterampilan yang dibutuhkan untuk melaksanakan perpindahan dari penggunaan aplikasi  lama ke aplikasi baru (cutover aplikasi) dengan menggunakan mekanisme yang paling sesuai dengan situasi dan kondisi.'),
	('UK016', 'J.620100.042.01', 'Melaksanakan Konfigurasi Perangkat Lunak Sesuai Environment (Development, Staging, Production)', 'Unit kompetensi ini berhubungan dengan sikap, pengetahuan, dan keterampilan yang dibutuhkan untuk melakukan konfigurasi perangkat lunak sesuai environment.'),
	('UK017', 'J.620100.043.01', 'Menganalisis dampak perubahan terhadap aplikasi', 'Unit ini berkaitan dengan analisis dampak development effort yang muncul dari adanya permintaan perubahan aplikasi dari stakeholder.'),
	('UK018', 'J.620100.045.01', 'Melakukan pemantauan resource yang digunakan aplikasi', 'Unit kompetensi ini berhubungan dengan sikap, pengetahuan, dan keterampilan yang berkaitan dengan pemantauan resource yang digunakan aplikasi.'),
	('UK019', 'J.620100.004.02', 'Menggunakan struktur data', 'Unit ini menentukan kompetensi, pengetahuan dan sikap kerja  yang diperlukan dalam mempelajari dan membuat struktur data yang akan diterapkan pada pemrograman, tanpa tergantung bahasa pemrograman yang akan dipakai.'),
	('UK020', 'J.620100.010.01', 'Menerapkan perintah eksekusi bahasa pemrograman berbasis text, grafik, dan multimedia', 'Unit kompetensi ini berhubungan dengan sikap, pengetahuan, dan keterampilan yang dibutuhkan untuk dapat menjalankan code yang dibuat pada lingkungan tools pemrograman tertentu.'),
	('UK021', 'J.620100.017.02', 'Mengimplementasikan pemrograman terstruktur', 'Unit kompetensi ini berhubungan dengan sikap, pengetahuan, dan keterampilan yang dibutuhkan untuk membuat program  terstruktur atau prosedural.'),
	('UK022', 'J.620100.020.02', 'Menggunakan SQL', 'Unit kompetensi ini berhubungan dengan sikap, pengetahuan, dan keterampilan yang dibutuhkan untuk menggunakan perangkat aplikasi berbasis data deskripsi atau SQL (Structured Query Language) pada aspek DML-Data Manipulation Language.'),
	('UK023', 'J.620100.021.02', 'Menerapkan akses basis data', 'Unit kompetensi ini berhubungan dengan sikap, pengetahuan, dan keterampilan yang dibutuhkan untuk membuat program yang mengakses basis data suatu sistem manajemen basis data.'),
	('UK024', 'J.620100.022.02', 'Mengimplementasikan algoritma pemrograman', 'Unit kompetensi ini berhubungan dengan sikap, pengetahuan, dan keterampilan yang dibutuhkan dalam menerapkan algoritma pada setiap pemrograman, tanpa tergantung bahasa pemrograman yang akan dipakai.'),
	('UK025', 'J.620100.025.02', 'Melakukan debugging', 'Unit kompetensi ini berhubungan dengan sikap, pengetahuan, dan keterampilan yang dibutuhkan dalam memeriksa kode program dari kesalahan (bug).'),
	('UK026', 'J.620100.033.02', 'Melaksanakan pengujian unit program', 'Unit kompetensi ini berhubungan dengan sikap, pengetahuan, dan keterampilan yang dibutuhkan dalam melakukan uji coba unit program.'),
	('UK027', 'J.620100.007.01', 'Mengimplementasikan rancangan Entitas dan Keterkaitan antar Entitas', 'Unit ini menentukan kompetensi, pengetahuan dan Sikap kerja yang diperlukan untuk mengimplementasikan rancangan entitas dan keterkaitannya yang diperlukan sebagai dasar basis data yang dibuat.'),
	('UK028', 'J.620100.009.01', 'Menggunakan spesifikasi program', 'Unit kompetensi ini berhubungan dengan sikap, pengetahuan, dan keterampilan yang dibutuhkan untuk dapat memahami spesifikasi hasil perancangan program (termasuk Context Diagram (DCD), Data Flow Diagram (DFD), Entity Relationship Diagram (ERD), diagram objek, diagram komponen, class/modul program, properti class, tabel dan deskripsinya) dan menggunakannya.'),
	('UK029', 'J.620100.012.01', 'Melakukan pengaturan software tools pemrograman', 'Unit ini mengukur kemampuan programmer dalam melakukan setting lingkungan pemrograman yang akan digunakan dalam pekerjaan membuat program.'),
	('UK030', 'J.620100.018.02', 'Mengimplementasikan pemrograman berorientasi objek', 'Unit kompetensi ini berhubungan dengan sikap, pengetahuan, dan keterampilan yang dibutuhkan dalam membuat perangkat lunak aplikasi dalam bahasa pemrograman berorientasi objek.'),
	('UK031', 'J.620100.040.01', 'Membuat paket Instalasi perangkat lunak', 'Unit kompetensi ini berhubungan dengan sikap, pengetahuan, dan keterampilan yang dibutuhkan dalam melakukan instalasi perangkat lunak sesuai dengan alat atau mesinnya tanpa memerlukan kode sumber asalnya.'),
	('UK032', 'J.620100.046.01', 'Mengimplementasikan fitur logging aplikasi', 'Unit kompetensi ini berhubungan dengan sikap, pengetahuan, dan keterampilan yang dibutuhkan dalam penerapan pengelolaan log aplikasi.'),
	('UK033', 'J.620100.047.01', 'Melakukan pembaharuan perangkat lunak', 'Unit kompetensi ini berhubungan dengan sikap, pengetahuan, dan keterampilan yang dibutuhkan dalam kaitan dengan pembaharuan perangkat lunak.'),
	('UK034', 'J.620100.005.02', 'Mengimplementasikan User Interface', 'Unit ini menentukan kompetensi, pengetahuan dan Sikap kerja yang diperlukan dalam membuat rancangan antar muka program.'),
	('UK035', 'J.620100.011.01', 'Melakukan instalasi software tools pemrograman', 'Unit ini mengukur kemampuan programmer dalam melakukan instalasi lingkungan pemrograman yang akan digunakan dalam pekerjaan membuat program.'),
	('UK036', 'J.620100.016.01', 'Menulis kode dengan prinsip sesuai guidelines dan best practices', 'Unit ini menentukan kompetensi, pengetahuan dan Sikap kerja yang diperlukan dalam menerapkan prinsip penulisan kode yang baik agar kode tersebut dapat dirawat (maintainability).'),
	('UK037', 'J.620100.023.02', 'Membuat dokumen kode program', 'Unit kompetensi ini berhubungan dengan sikap, pengetahuan, dan keterampilan yang yang diperlukan untuk membuat dokumentasi dari kode program yang telah ditulis secara hardcopy termasuk  identifikasi penjelas dari dokumen tersebut.'),
	('UK038', 'J.620100.032.01', 'Menerapkan Code Review', 'Unit kompetensi ini berhubungan dengan sikap, pengetahuan, dan keterampilan yang dibutuhkan untuk melakukan code review dalam rangka menganalisis kesesuaian kode dengan coding guidelines dan best-practices.'),
	('UK039', 'J.620100.038.01', 'Melaksanakan Pengujian Oleh Pengguna (UAT)', 'Unit kompetensi ini berhubungan dengan sikap, pengetahuan, dan keterampilan yang dibutuhkan dalam melaksanakan pengujian oleh pengguna, biasa disebut dengan istilah User Acceptance Test (UAT) untuk mengetahui kelayakan dan kesesuaian aplikasi.'),
	('UK040', 'J.612000.001.01', 'Menunjukkan Platform Operating System dan Bahasa Pemrograman di dalam Perangkat Lunak', 'Unit ini berhubungan dengan pengetahuan, keterampilan dan sikap kerja yang dibutuhkan dalam menunjukkan sistem operasi dan bahasa pemrograman berdasarkan platform dan device yang digunakan oleh user.'),
	('UK041', 'J.612000.002.01', 'Merancang Mobile Network Programming', 'Unit ini berhubungan dengan pengetahuan, keterampilan dan sikap kerja yang dibutuhkan dalam mengukur keterampilan programming khususnya untuk memenuhi kebutuhan mobile network programming.'),
	('UK042', 'J.612000.003.01', 'Merancang Database dan Data Persistence pada Mobile Data', 'Unit ini berhubungan dengan pengetahuan, keterampilan dan sikap kerja yang dibutuhkan dalam penyimpanan data pada aplikasi mobile dengan menggunakan internal atau eksternal storage dan sqlite database serta penyimpanan data pada layer terpisah dari perangkat mobile.'),
	('UK043', 'J.612000.004.01', 'Membuat Multimedia Messaging Application pada Mobile Computing', 'Unit ini berhubungan dengan pengetahuan, keterampilan dan sikap kerja yang dibutuhkan dalam membuat dan mengirimkan multimedia message dilihat dari sudut pandang konten, aplikasi dan layanan telekomunikasi.'),
	('UK044', 'J.612000.005.01', 'Merancang Pemrograman pada Mobile Network Element', 'Unit ini berhubungan dengan pengetahuan, keterampilan dan sikap kerja yang dibutuhkan dalam melakukan pemrograman dalam pengembangan aplikasi client  server yang dapat diaplikasikan pada mobile technology.'),
	('UK045', 'J.612000.006.01', 'Menyusun Mobile Location Based Service, GPS dan Mobile Navigation.', 'Unit ini berhubungan dengan pengetahuan, keterampilan dan sikap kerja yang dibutuhkan dalam menyusun rencana prosedur penggunaan LBS, GPS dan navigasi pada perangkat bergerak.'),
	('UK046', 'J.612000.007.01', 'Merancang Mobile Interface', 'Unit ini berhubungan dengan pengetahuan, keterampilan dan sikap kerja yang dibutuhkan dalam merancang Interface yang menarik sehingga aplikasi berbasis mobile dapat digunakan dengan baik, serta dapat mengidentifikasi ketertarikan user terhadap aplikasi berbasis mobile yang dikembangkan.'),
	('UK047', 'J.612000.008.01', 'Menjelaskan Dasar-dasar Mobile Security', 'Unit ini berhubungan dengan pengetahuan, keterampilan dan sikap kerja yang dibutuhkan dalam mengukur pemahaman mengenai dasar-dasar Mobile Communication Security.'),
	('UK048', 'J.612000.018.01', 'Merancang Penggunaan dan Pengembangan Mobile API', 'Unit ini berhubungan dengan pengetahuan, keterampilan dan sikap kerja yang dibutuhkan dalam merancang penggunaan Mobile API dan pengembangannya sesuai kebutuhan user.'),
	('UK049', 'J.620100.027.01', 'Mengimplementasikan network programming', 'Unit kompetensi ini berhubungan dengan sikap, pengetahuan, dan keterampilan yang dibutuhkan dalam mengimplementasikan network programming sebagai mekanisme komunikasi antar proses.'),
	('UK050', 'J.620100.028.02', 'Menerapkan pemrograman Real Time', 'Unit kompetensi ini berhubungan dengan sikap, pengetahuan, dan keterampilan yang dibutuhkan dalam membuat pemahaman teknik pemrograman real time.'),
	('UK051', 'J.620100.029.02', 'Menerapkan pemrograman Paralel', 'Unit ini menentukan kompetensi, pengetahuan dan sikap kerja yang berhubungan dengan teknik pemrograman paralel yang berisikan banyak task/job untuk menyelesaikan pekerjaan tersebut.'),
	('UK052', 'J.620100.013.01', 'Menerapkan pemecahan permasalahan menjadi subrutin', 'Unit kompetensi ini berhubungan dengan sikap, pengetahuan, dan keterampilan yang dibutuhkan dalam memecah permasalahan menjadi permasalahanpermasalahan yang lebih kecil dan menyelesaikan permasalahan lebih kecil tersebut berupa fungsi, prosedur, library, atau representasi yang lain sesuai paradigma bahasa pemrograman yang digunakan.'),
	('UK053', 'J.631120.001.01', 'Mendefinisikan Terminologi dan Konsep Cloud Computing', 'Unit kompetensi ini berhubungan dengan kemampuan untuk mendefinisikan terminologi dan konsep cloud computing, karakteriktik cloud computing, model pengantaran layanan cloud computing, model cloud computing deployment. Selain itu juga mendefinisikan biaya dan manfaat cloud computing, SLA (Service Level Agreement) cloud computing dan menguraikan topologi jaringan komputer untuk sistem cloud computing.'),
	('UK054', 'J.631120.010.01', 'Melakukan Adaptasi untuk Deployment di Environment Cloud', 'Unit kompetensi ini berhubungan dengan kemampuan mengidentifikasi fitur layanan dan jenis pengguna untuk memberikan kemudahan beradaptasi dalam deployment di sistem Cloud.'),
	('UK055', 'J.631120.011.01', 'Mengembangkan Perangkat Lunak Sesuai dengan Deployment Environment', 'Unit kompetensi ini berhubungan dengan pengetahuan dan keterampilan dalam membangun perangkat lunak sesuai dengan fitur layanan dan jenis pengguna hingga menjadi perangkat lunak yang sempurna, menguji perangkat lunak yang dikembangkan serta mendokumentasikan pengembangan perangkat lunak.'),
	('UK056', 'J.631120.012.01', 'Memetakan Kebutuhan Aplikasi dari User ke Solusi Cloud', 'Unit kompetensi ini berhubungan dengan kemampuan dalam mendeskripsikan variasi aplikasi yang bisa menjadi solusi untuk user, menyusun solusi aplikasi, serta mendokumentasikan peta kebutuhan aplikasi dari user terhadap solusi aplikasi cloud.'),
	('UK057', 'J.612000.022.01', 'Menjelaskan mobile sensor dan spesifikasi teknisnya untuk mobile computing', 'Unit kompetensi ini berhubungan dengan pengetahuan, keterampilan dan sikap kerja dalam menunjukkan sensor-sensor yang terdapat pada mobile computing.'),
	('UK058', 'J.612000.025.01', 'Menentukan mobile seluler network', 'Unit ini berhubungan dengan pengetahuan, keterampilan dan sikap kerja yang dibutuhkan dalam mengidentifikasikan mobile celular network untuk melakukan data komunikasi bagi mobile user.');
/*!40000 ALTER TABLE `skkni_unit` ENABLE KEYS */;

-- Dumping structure for table sppkti.tokens
CREATE TABLE IF NOT EXISTS `tokens` (
  `id` int(11) NOT NULL AUTO_INCREMENT,
  `token` varchar(255) NOT NULL,
  `user_id` int(11) NOT NULL,
  `created` date NOT NULL,
  PRIMARY KEY (`id`),
  KEY `user_id` (`user_id`),
  CONSTRAINT `FK_tokens_users` FOREIGN KEY (`user_id`) REFERENCES `users` (`id`)
) ENGINE=InnoDB DEFAULT CHARSET=latin1;

-- Dumping data for table sppkti.tokens: ~0 rows (approximately)
/*!40000 ALTER TABLE `tokens` DISABLE KEYS */;
/*!40000 ALTER TABLE `tokens` ENABLE KEYS */;

-- Dumping structure for table sppkti.users
CREATE TABLE IF NOT EXISTS `users` (
  `id` int(11) NOT NULL AUTO_INCREMENT,
  `username` varchar(100) NOT NULL,
  `password` varchar(100) NOT NULL,
  `email` varchar(100) NOT NULL,
  `first_name` varchar(100) NOT NULL,
  `last_name` varchar(100) NOT NULL,
  `gid` varchar(5) NOT NULL,
  `su` int(1) DEFAULT '0',
  `prop` int(1) DEFAULT '1',
  PRIMARY KEY (`id`),
  KEY `idj` (`gid`),
  CONSTRAINT `FK_users_jurusan` FOREIGN KEY (`gid`) REFERENCES `user_group` (`gid`)
) ENGINE=InnoDB AUTO_INCREMENT=15 DEFAULT CHARSET=latin1;

-- Dumping data for table sppkti.users: ~14 rows (approximately)
/*!40000 ALTER TABLE `users` DISABLE KEYS */;
INSERT INTO `users` (`id`, `username`, `password`, `email`, `first_name`, `last_name`, `gid`, `su`, `prop`) VALUES
	(1, 'admin', '21232f297a57a5a743894a0e4a801fc3', 'admin@admin.com', 'Adi', 'Guntoro', 'SPA', 1, 0),
	(2, 'contoh', '81dc9bdb52d04dc20036dbd8313ed055', 'aoi.soichiro@gmail.com', 'contoh', 'dulu', 'ADM', 1, 0),
	(3, 'coba', 'c3ec0f7b054e729c5a716c8125839829', 'coba@lagi.com', 'coba', 'lagi', 'TI', 0, 1),
	(4, 'pakar1', '87b7cf2448de01f22b0c016b272f2ec0', 'pakar1@gmail.com', 'pakar', 'pakar', 'ADM', 2, 0),
	(5, 'pakar2', '87b7cf2448de01f22b0c016b272f2ec0', 'pakar2@gmail.com', 'pakar', 'pakar', 'ADM', 3, 0),
	(6, 'user1', '24c9e15e52afc47c225b757e7bee1f9d', 'yunihanda10@gmail.com', 'Yuni', 'Handa', 'SI', 0, 2),
	(7, 'user', 'ee11cbb19052e40b07aac0ca060c23ee', 'adiguntoro@ymail.com', 'user', 'user', 'TI', 0, 1),
	(8, 'ireneaadler', '202cb962ac59075b964b07152d234b70', 'diralova@gmail.com', 'Irene', 'Adler', 'SI', 0, 2),
	(9, 'dira', 'bd5be3c255a7d49bf91bc951f078c0cd', 'dira@ndut.com', 'dira', 'ndut', 'SI', 0, 1),
	(10, 'faisal', '202cb962ac59075b964b07152d234b70', 'faisal@mail.com', 'faisal', 'fachrozi', 'SI', 0, 2),
	(11, 'baru', '202cb962ac59075b964b07152d234b70', 'addfs@sdf.com', 'Baru', 'Nih', 'TI', 0, 1),
	(12, 'qq', '202cb962ac59075b964b07152d234b70', 'q@q.com', 'Qq', 'Qw', 'TI', 0, 2),
	(13, 'tesprop', '28b662d883b6d76fd96e4ddc5e9ba780', 'asd@sadf.com', 'tes', 'prop', 'SI', 0, 1),
	(14, 'ffff', 'ece926d8c0356205276a45266d361161', 'ffff@fff.fff', 'Ffff', 'Ffff', 'SI', 0, 1);
/*!40000 ALTER TABLE `users` ENABLE KEYS */;

-- Dumping structure for table sppkti.user_group
CREATE TABLE IF NOT EXISTS `user_group` (
  `gid` varchar(5) NOT NULL,
  `group_name` varchar(200) NOT NULL,
  PRIMARY KEY (`gid`)
) ENGINE=InnoDB DEFAULT CHARSET=latin1;

-- Dumping data for table sppkti.user_group: ~2 rows (approximately)
/*!40000 ALTER TABLE `user_group` DISABLE KEYS */;
INSERT INTO `user_group` (`gid`, `group_name`) VALUES
	('ADM', 'Administrator'),
	('SI', 'Sistem Informasi'),
	('SPA', 'Super Administrator'),
	('TI', 'Teknik Informatika');
/*!40000 ALTER TABLE `user_group` ENABLE KEYS */;

/*!40101 SET SQL_MODE=IFNULL(@OLD_SQL_MODE, '') */;
/*!40014 SET FOREIGN_KEY_CHECKS=IF(@OLD_FOREIGN_KEY_CHECKS IS NULL, 1, @OLD_FOREIGN_KEY_CHECKS) */;
/*!40101 SET CHARACTER_SET_CLIENT=@OLD_CHARACTER_SET_CLIENT */;
