-- --------------------------------------------------------
-- Host:                         127.0.0.1
-- Server version:               10.1.19-MariaDB - mariadb.org binary distribution
-- Server OS:                    Win32
-- HeidiSQL Version:             9.4.0.5125
-- --------------------------------------------------------

/*!40101 SET @OLD_CHARACTER_SET_CLIENT=@@CHARACTER_SET_CLIENT */;
/*!40101 SET NAMES utf8 */;
/*!50503 SET NAMES utf8mb4 */;
/*!40014 SET @OLD_FOREIGN_KEY_CHECKS=@@FOREIGN_KEY_CHECKS, FOREIGN_KEY_CHECKS=0 */;
/*!40101 SET @OLD_SQL_MODE=@@SQL_MODE, SQL_MODE='NO_AUTO_VALUE_ON_ZERO' */;


-- Dumping database structure for sppkti
CREATE DATABASE IF NOT EXISTS `sppkti` /*!40100 DEFAULT CHARACTER SET latin1 */;
USE `sppkti`;

-- Dumping structure for table sppkti.mbti
CREATE TABLE IF NOT EXISTS `mbti` (
  `tipe_mbti` varchar(5) NOT NULL,
  `gambar` text NOT NULL,
  `keterangan` text NOT NULL,
  PRIMARY KEY (`tipe_mbti`)
) ENGINE=InnoDB DEFAULT CHARSET=latin1;

-- Dumping data for table sppkti.mbti: ~16 rows (approximately)
/*!40000 ALTER TABLE `mbti` DISABLE KEYS */;
INSERT INTO `mbti` (`tipe_mbti`, `gambar`, `keterangan`) VALUES
	('ENFJ', 'ENFJ.png', '<h2 class="text-center">ENFJ</h2>\r\n    		<hr class="star-primary">\r\n    		<h3>Dikenal Sebagai</h3>\r\n    		<p>"The Givers" (Pemberi) &amp; "Teacher" (Pengajar)</p>\r\n    		<h3>Penjelasan Singkat</h3>\r\n    		<p>Bersifat hangat, berempati, pendengar yang baik, dan bertanggung jawab. Sangat menyesuaikan diri dengan emosi, kebutuhan, dan motivasi dari orang lain. Mereka melihat potensi pada setiap orang, dan ingin membantu mereka untuk mencapai potensi mereka. Dapat bertindak sebagai pendorong untuk pertumbuhan individu dan kelompok. Loyal, mau mendengarkan pujian ataupun kritik. Suka bergaul, memudahkan orang lain dalam kelompok mereka, dan menghadirkan kepemimpinan yang bersemangat.</p>\r\n    		<h3>Ciri-ciri</h3>\r\n    		<ul>\r\n    			<li>Kreatif, imajinatif, peka, sensitive, loyal.</li>\r\n    			<li>Pada umumnya peduli pada apa kata orang atau apa yang orang lain inginkan dan cenderung melakukan sesuatu dengan memperhatikan perasaan orang lain.</li>\r\n    			<li>Pandai bergaul, meyakinkan, ramah, fun, populer, simpatik. Responsif pada kritik dan pujian.</li>\r\n    			<li>Menyukai variasi dan tantangan baru.</li>\r\n    			<li>Butuh apresiasi dan penerimaan.</li>\r\n    		</ul>\r\n    		<h3>Saran Pengembangan</h3>\r\n    		<ul>\r\n    			<li>Jangan mengorbankan diri hanya untuk menyenangkan orang lain.</li>\r\n    			<li>Jangan mengukur harga diri Anda dari perlakuan orang lain. Jangan mudah kecewa jika mereka tidak seperti yang Anda inginkan.</li>\r\n    			<li>Belajarlah untuk tegas dan mengambil keputusan. Menghadapi kritik dan konflik.</li>\r\n    			<li>Jangan terlalu bersikap keras terhadap diri sendiri.</li>\r\n    		</ul>\r\n    		<h3>Profesi yang Cocok</h3>\r\n    		<p>Konsultan, Psikolog, Konselor, Pengajar, Marketing, HRD, Event Coordinator, Entertainer, Penulis, Motivator</p>\r\n    		<h3>Partner Alami</h3>\r\n    		<p>INFP atau ISFP</p>\r\n    		<h3>Tokoh Terkenal dengan Kepribadian ENFJ</h3>\r\n    		<ul>\r\n    			<li>Abraham Lincoln, U.S. president</li>\r\n    			<li>Sean Connery, actor</li>\r\n    			<li>Dennis Hopper, actor</li>\r\n    			<li>Diane Sawyer, journalist</li>\r\n    			<li>Johnny Depp, actor</li>\r\n    			<li>Oprah Winfrey, TV personality</li>\r\n    			<li>Abraham Maslow, psychologist</li>\r\n    			<li>Ronald Reagan, U.S. president</li>\r\n    			<li>Peyton Manning, football player</li>\r\n    			<li>Barack Obama, U.S. president</li>\r\n    		</ul>'),
	('ENFP', 'ENFP.png', '<h2 class="text-center">ENFP</h2>\r\n    		<hr class="star-primary">\r\n    		<h3>Dikenal Sebagai</h3>\r\n    		<p>"The Inspirers" (Penjiwa) &amp; "Champion" (Juara)</p>\r\n    		<h3>Penjelasan Singkat</h3>\r\n    		<p>Sosok hangat yang memiliki ansuiasme dan imaginatif. Melihat kehidupan sebagai sesuatu yang penuh kemungkinan. Mampu memahami hubungan antara kejadian dan informasi dengan sangat mudah, dan percaya diri melakukan sesuatu berdasarkan pola yang mereka lihat. Menginginkan banyak pengakuan dari orang lain, dan siap memberikan apresiasi dan dukungan. Spontan dan fleksibel, seringkali mengandalkan kemampuan mereka dalam berimprovisasi dan kefasihan lisan mereka.</p>\r\n    		<h3>Ciri-ciri</h3>\r\n    		<ul>\r\n    			<li>Ramah, hangat, enerjik, optimis, antusias, semangat tinggi, fun.</li>\r\n    			<li>Imaginatif, penuh ide, kreatif, inovatif.</li>\r\n    			<li>Pandai berkomunikasi, senang bersosialisasi &amp; membawa suasana positif.</li>\r\n    			<li>Mudah membaca perasaan dan kebutuhan orang lain.</li>\r\n    		</ul>\r\n    		<h3>Saran Pengembangan</h3>\r\n    		<ul>\r\n    			<li>Belajarlah untuk fokus, disiplin, tegas dan konsisten</li>\r\n    			<li>Belajarlah untuk menghadapi konflik dan kritik.</li>\r\n    			<li>Pikirkan kebutuhan diri sendiri. Jangan melupakannya karena terlalu peduli pada kebutuhan orang lain.</li>\r\n    			<li>Jangan terlalu boros. Belajarlah untuk mengelola keuangan sedikit demi sedikit.</li>\r\n    		</ul>\r\n    		<h3>Profesi yang Cocok</h3>\r\n    		<p>Konselor, Psikolog, Entertainer, Pengajar, Motivator, Presenter, Reporter, MC, Seniman, Hospitality</p>\r\n    		<h3>Partner Alami</h3>\r\n    		<p>INTJ atau INFJ</p>\r\n    		<h3>Tokoh Terkenal dengan Kepribadian ENFP</h3>\r\n    		<ul>\r\n    			<li>Andy Kaufmann, comedian</li>\r\n    			<li>Bob Dylan, singer/songwriter</li>\r\n    			<li>Charles Dickins, author</li>\r\n    			<li>Dr. Seuss, children?s author</li>\r\n    			<li>Robin Williams, actor</li>\r\n    			<li>Will Smith, actor</li>\r\n    			<li>Charlotte Bronte, author</li>\r\n    		</ul>'),
	('ENTJ', 'ENTJ.png', '<h2 class="text-center">ENTJ</h2>\r\n    		<hr class="star-primary">\r\n    		<h3>Dikenal Sebagai</h3>\r\n    		<p>"The Executives" (Pelaksana) &amp; "Fieldmarshal" (Panglima)</p>\r\n    		<h3>Penjelasan Singkat</h3>\r\n    		<p>Berterus terang, menentukan, siap memikul kepemimpinan. Dengan mudah melihat prosedur atau kebijakan yang tidak efisien dan tidak logis, mampu mengembangkan dan mengimplementasikan sistem yang luas untuk menyelesaikan masalah-masalah organisasi. Menyukai rencana jangka panjang, dan penetappan tujuan. Biasanya berpengetahuan luas, pembaca yang baik, senang mengembangkan pengetahuan mereka dan menyampaikannya kepada orang lain. Terkadang memaksa dalam menyajikan ide-ide mereka.</p>\r\n    		<h3>Ciri-ciri</h3>\r\n    		<ul>\r\n    			<li>Tegas, asertif, to the point, jujur terus terang, obyektif, kritis, &amp; punya standard tinggi.</li>\r\n    			<li>Dominan, kuat kemauannya, perfeksionis dan kompetitif.</li>\r\n    			<li>Tangguh, disiplin, dan sangat menghargai komitmen.</li>\r\n    			<li>Cenderung menutupi perasaan dan menyembunyikan kelemahan.</li>\r\n    			<li>Berkarisma, komunikasi baik, mampu menggerakkan orang.</li>\r\n    			<li>Berbakat pemimpin.</li>\r\n    		</ul>\r\n    		<h3>Saran Pengembangan</h3>\r\n    		<ul>\r\n    		<li>Belajarlah untuk relaks. Tidak perlu perfeksionis dan selalu kompetitif dengan semua orang.</li>\r\n    		<li>Ungkapkan perasaan Anda. Menyatakan perasaan bukanlah kelemahan.</li>\r\n    		<li>Belajarlah mengelola emosi Anda. Jangan mudah marah.</li>\r\n    		<li>Belajarlah untuk menghargai dan mengapresiasi orang lain.</li>\r\n    		<li>Jangan terlalu arogan dan menganggap remeh orang lain. Lihat sisi positifnya. Jangan hanya melihat benar dan salah saja.Berkarisma, komunikasi baik, mampu menggerakkan orang.</li>\r\n    		</ul>\r\n    		<h3>Profesi yang Cocok</h3>\r\n    		<p>Entrepreneur, Pengacara, Hakim, Konsultan, Pemimpin Organisasi, Business analyst, Bidang Finansial</p>\r\n    		<h3>Partner Alami</h3>\r\n    		<p>INTP atau ISTP</p>\r\n    		<h3>Tokoh Terkenal dengan Kepribadian ENTJ</h3>\r\n    		<ul>\r\n    			<li>Aristoteles (Tokoh Filsafat Yunani)</li>\r\n    			<li>Margaret Thatcher, former British Prime Minister</li>\r\n    			<li>Franklin D. Roosevelt, former U.S. President</li>\r\n    			<li>Candace Bergen, actress</li>\r\n    			<li>Al Gore, former U.S. Vice President</li>\r\n    			<li>Harrison Ford, actor</li>\r\n    			<li>David Letterman, television host</li>\r\n    			<li>Richard M. Nixon, former U.S. President</li>\r\n    			<li>Patrick Stewart, actor</li>\r\n    		</ul>'),
	('ENTP', 'ENTP.png', '<h2 class="text-center">ENTP</h2>\r\n    		<hr class="star-primary">\r\n    		<h3>Dikenal Sebagai</h3>\r\n    		<p>"The Visionaries" (Visioner) &amp; "Inventor" (Penemu) </p>\r\n    		<h3>Penjelasan Singkat</h3>\r\n    		<p>Cepat, berbakat, pendorong, siaga, and blak-blakan. Sanggup untuk memecahkan masalah yang menantang. Dapat menganalisa kemungkinan secara strategis. Mampu membaca orang lain. Jenuh dengan rutinitas, tidak tertarik melakukan hal yg sama berulang-ulang, lalu mencoba hal yang menarik minatnya. Good at reading other people.</p>\r\n    		<h3>Ciri-ciri</h3>\r\n    		<ul>\r\n    			<li>Gesit, kreatif, inovatif, cerdik, logis, baik dalam banyak hal.</li>\r\n    			<li>Banyak bicara dan punya kemampuan debat yang baik. Bisa berargumentasi untuk senang-senang saja tanpa merasa bersalah.</li>\r\n    			<li>Fleksibel. Punya banyak cara untuk memecahkan masalah dan tantangan.</li>\r\n    			<li>Kurang konsisten. Cenderung untuk melakukan hal baru yang menarik hati setelah melakukan sesuatu yang lain.</li>\r\n    			<li>Punya keinginan kuat untuk mengembangkan diri.</li>\r\n    		</ul>\r\n    		<h3>Saran Pengembangan</h3>\r\n    		<ul>\r\n    			<li>Cobalah untuk win-win solution. Jangan ingin menang sendiri.</li>\r\n    			<li>Belajarlah untuk disiplin dan konsisten.</li>\r\n    			<li>Hindari perdebatan tidak penting.</li>\r\n    			<li>Belajarlah untuk sedikit waspada. Seimbangkan cara pandang Anda agar tidak terlalu optimis dan mengambil resiko yang tidak realistis.</li>\r\n    			<li>Belajarlah untuk memberi perhatian pada perasaan orang lain.</li>\r\n    		</ul>\r\n    		<h3>Profesi yang Cocok</h3>\r\n    		<p>Pengacara, Psikolog, Konsultan, Ilmuwan, Aktor,Marketing, Programmer, Fotografer</p>\r\n    		<h3>Partner Alami</h3>\r\n    		<p>INFJ atau INTJ</p>\r\n    		<h3>Tokoh Terkenal dengan Kepribadian ENTP</h3>\r\n    		<ul>\r\n    			<li>Thomas Edison, inventor</li>\r\n    			<li>John Adams, U.S. president</li>\r\n    			<li>Theodore Roosevelt, U.S. president</li>\r\n    			<li>Alexander the Great, king and military leader</li>\r\n    			<li>Lewis Carroll, author</li>\r\n    			<li>Julia Child, cook</li>\r\n    			<li>Alfred Hitchcock, director</li>\r\n    			<li>Walt Disney, filmmaker</li>\r\n    		</ul>'),
	('ESFJ', 'ESFJ.png', '<h2 class="text-center">ESFJ</h2>\r\n    		<hr class="star-primary">\r\n    		<h3>Dikenal Sebagai</h3>\r\n    		<p>"The Caregivers" (Pengasuh) &amp; "Provider" (Pemberi)</p>\r\n    		<h3>Penjelasan Singkat</h3>\r\n    		<p>Bersahabat, bersungguh-sungguh, dan dapat bekerja sama. Menginginkan keharmonisan dalam lingkungan mereka, mereka bekerja dengan kebulatan tekad. Senang bekerja dengan orang lain untuk menyelesaikan tugas-tugas dengan teliti, dan tepat waktu. Loyal, melaksanakan tugas hingga hal-hal kecil sekalipun. Memperhatikan apa yang menjadi kebutuhan orang lain dalam keseharian mereka dan, mencoba untuk memenuhi itu semua. Ingin dihargai untuk siapa diri mereka dan segala kontribusi mereka.</p>\r\n    		<h3>Ciri-ciri</h3>\r\n    		<ul>\r\n    			<li>Hangat, banyak bicara, populer, dilahirkan untuk bekerjasama, suportif dan anggota kelompok yang aktif.</li>\r\n    			<li>Membutuhkan keseimbangan dan baik dalam menciptakan harmoni.</li>\r\n    			<li>Selalu melakukan sesuatu yang manis bagi orang lain. Kerja dengan baik dalam situasi yang mendukung dan memujinya.</li>\r\n    			<li>Santai, easy going, sederhana, tidak berfikir panjang.</li>\r\n    			<li>Teliti dan rajin merawat apa yang ia miliki.</li>\r\n    		</ul>\r\n    		<h3>Saran Pengembangan</h3>\r\n    		<ul>\r\n    			<li>Jangan mengorbankan diri hanya untuk menyenangkan orang lain.</li>\r\n    			<li>Jangan mengukur harga diri Anda dari perlakuan, penghargaan dan pujian orang lain.</li>\r\n    			<li>Mintalah pertimbangan orang lain dalam mengambil keputusan. Belajarlah untuk lebih tegas.</li>\r\n    			<li>Terima tanggungjawab hidup dan belajarlah untuk lebih dewasa. Jangan mengasihani diri sendiri.</li>\r\n    			<li>Hadapi kritik dan konflik, jangan lari.</li>\r\n    		</ul>\r\n    		<h3>Profesi yang Cocok</h3>\r\n    		<p> Perencana Keuangan, Perawat, Guru, Bidang anak-anak, Konselor, Administratif, Hospitality</p>\r\n    		<h3>Partner Alami</h3>\r\n    		<p>ISFP atau INFP</p>\r\n    		<h3>Tokoh Terkenal dengan Kepribadian ESFJ</h3>\r\n    		<ul>\r\n    			<li>Terry Bradshaw, football player</li>\r\n    			<li>Sally Field, actress</li>\r\n    			<li>Bill Clinton, U.S. President</li>\r\n    			<li>William McKinley, U.S. President</li>\r\n    			<li>Nancy Kerrigan, figure skater</li>\r\n    		</ul>'),
	('ESFP', 'ESFP.png', '<h2 class="text-center">ESFP</h2>\r\n    		<hr class="star-primary">\r\n    		<h3>Dikenal Sebagai</h3>\r\n    		<p>"The Performers" (Pemain) &amp; "Performer" (Pemain)</p>\r\n    		<h3>Penjelasan Singkat</h3>\r\n    		<p>Ramah, bersahabat, dan menerima. Sosok yang mencintai  kehidupan, orang, dan kenyamanan materi. Senang bekerja dengan orang lain dalam menyelesaikan sesuatu. menggunakan akal sehat dan pendekatan realistis dalam pekerjaan, dan menjadikan pekerjaan sebagai sebuah kesenangan. Fleksibel dan spontan, beradaptasi dengan mudah ke orang-orang dan lingkungan baru . Cara belajar terbaik mereka adalah dengan mencoba keterampilan baru bersama orang lain.</p>\r\n    		<h3>Ciri-ciri</h3>\r\n    		<ul>\r\n    			<li>Outgoing, easygoing, mudah berteman, bersahabat, sangat sosial, ramah, hangat, &amp; menyenangkan.</li>\r\n    			<li>Optimis, ceria, antusias, fun, menghibur, suka menjadi perhatian.</li>\r\n    			<li>Punya interpersonal skill yang baik, murah hati, mudah simpatik dan mengenali perasaan orang lain. Menghindari konflik dan menjaga keharmonisan suatu hubungan.</li>\r\n    			<li>Mengetahui apa yang terjadi di sekelilingnya dan ikut serta dalam kegiatan tersebut.</li>\r\n    			<li>Sangat baik dalam keadaan yang membutuhkan common sense, tindakan cepat dan ketrampilan praktis.</li>\r\n    		</ul>\r\n    		<h3>Saran Pengembangan</h3>\r\n    		<ul>\r\n    			<li>Jangan terburu-buru dalam mengambil keputusan. Belajarlah untuk fokus dan tidak mudah berubah-ubah terutama untuk hal yang penting.</li>\r\n    			<li>Jangan menyenangkan semua orang. Begitu pula sebaliknya, tidak semua orang bisa menyenangkan Anda.</li>\r\n    			<li>Belajarlah menghadapi kritik dan konflik. Jangan lari.</li>\r\n    			<li>Anda punya kecenderungan meterialistis. Hati-hati, tidak semua hal bisa diukur dengan materi ataupun uang.</li>\r\n    		</ul>\r\n    		<h3>Profesi yang Cocok</h3>\r\n    		<p>Entertainer, Seniman, Marketing, Konselor, Designer, Tour Guide, Bidang Anak-anak, Bidang Hospitality</p>\r\n    		<h3>Partner Alami</h3>\r\n    		<p>ISTJ atau ISFJ</p>\r\n    		<h3>Tokoh Terkenal dengan Kepribadian ESFP</h3>\r\n    		<ul>\r\n    			<li>Bill Clinton, U.S. President</li>\r\n    			<li>Ronald Reagan, U.S. President</li>\r\n    			<li>Bob Hope, actor</li>\r\n    			<li>Marilyn Monroe, actress</li>\r\n    			<li>Pablo Picasso, artist</li>\r\n    			<li>Woody Harrelson, actor</li>\r\n    			<li>Goldie Hawn, actress</li>\r\n    			<li>Saint Mark, apostle</li>\r\n    		</ul>'),
	('ESTJ', 'ESTJ.png', '<h2 class="text-center">ESTJ</h2>\r\n    		<hr class="star-primary">\r\n    		<h3>Dikenal Sebagai</h3>\r\n    		<p>"The Guardians" (Pelindung) &amp; "Supervisor" (Pengawas)</p>\r\n    		<h3>Penjelasan Singkat</h3>\r\n    		<p>Praktis, realistis, berpegang pada fakta. Tegas, dengan cepat mengimplementasikan keputusan. Untuk menyelesaikan sesuatu mereka mampu mengatur pekerjaan, dan orang lain, terfokus untuk mendapatkan hasil dengan cara yang memungkinkan dan paling efisien. Selalu menjaga detail rutinitas. Memiliki standart logika yang jelas, yang secara sistematis menuntun mereka, dan mereka ingin orang-oranglain juga menggunakan standart logika itu. Terkadang memaksa agar rencana mereka dapat terimplementasikan.</p>\r\n    		<h3>Ciri-ciri</h3>\r\n    		<ul>\r\n    			<li>Praktis, realistis, berpegang pada fakta, dengan dorongan alamiah untuk bisnis dan mekanistis.</li>\r\n    			<li>Sangat sistematis, procedural dan terencana.</li>\r\n    			<li>Disiplin, on time dan pekerja keras.</li>\r\n    			<li>Konservatif dan cenderung kaku.</li>\r\n    			<li>Tidak tertarik pada subject yang tidak berguna baginya, tapi dapat menyesuaikan diri jika diperlukan.</li>\r\n    			<li>Senang mengorganisir sesuatu. Bisa menjadi administrator yang baik jika mereka ingat untuk memperhatikan perasaan dan perspektif orang lain.</li>\r\n    		</ul>\r\n    		<h3>Saran Pengembangan</h3>\r\n    		<ul>\r\n    			<li>Kurangi keinginan untuk mengontrol dan memaksa orang lain.</li>\r\n    			<li>Belajarlah untuk mengontrol emosi dan amarah Anda.</li>\r\n    			<li>Cobalah untuk introspeksi diri dan meluangkan waktu sejenak untuk merenung.</li>\r\n    			<li>Belajarlah untuk lebih sabar dan low profile</li>\r\n    			<li>Belajarlah untuk memahami orang lain.</li>\r\n    		</ul>\r\n    		<h3>Profesi yang Cocok</h3>\r\n    		<p>Militer, Manajer, Polisi, Hakim, Pengacara, Guru, Sales, Auditor, Akuntan, System Analyst</p>\r\n    		<h3>Partner Alami</h3>\r\n    		<p>ISTP atau INTP</p>\r\n    		<h3>Tokoh Terkenal dengan Kepribadian ESTJ</h3>\r\n    		<ul>\r\n    			<li>James Monroe, U.S. President</li>\r\n    			<li>Harry S.Truman, U.S. President</li>\r\n    			<li>George W. Bush, U.S. President</li>\r\n    			<li>Sam Walton, businessman</li>\r\n    			<li>John D. Rockefeller, philanthropist and industrialist</li>\r\n    			<li>Billy Graham, evangelist</li>\r\n    			<li>Bette Davis, actress</li>\r\n    		</ul>'),
	('ESTP', 'ESTP.png', '<h2 class="text-center">ESTP</h2>\r\n    		<hr class="star-primary">\r\n    		<h3>Dikenal Sebagai</h3>\r\n    		<p>"The Doers" (Pelaku) &amp; "Promoter" (Promotor)</p>\r\n    		<h3>Penjelasan Singkat</h3>\r\n    		<p>Fleksibel dan Toleran, mereka mengambil pendekatan praktis yang berfokus pada hasil yang langsung. Teori dan penjelasan konseptual membosankan bagi mereka ? mereka biasanya bertindak energik untuk memecahkan masalah. Berfokus pada dimana mereka saat ini, dan sekarang, bersifat sponta, menikmati saat-saat dimana mereka bisa aktif berinteraksi dengan orang lain. Menikmati kenyamanan material dan gaya. Mereka belajar sangat baik belajar dengan melakukan sesuatu.</p>\r\n    		<h3>Ciri-ciri</h3>\r\n    		<ul>\r\n    			<li>Spontan, Aktif, Enerjik, Cekatan, Cepat, Sigap, Antusias, Fun dan penuh variasi.</li>\r\n    			<li>Komunikator, asertif, to the point, ceplas-ceplos, berkarisma, punya interpersonal skill yang baik.</li>\r\n    			<li>Baik dalam pemecahan masalah langsung di tempat. Mampu menghadapi masalah, konflik dan kritik. Tidak khawatir, menikmati apapun yang terjadi.</li>\r\n    			<li>Cenderung untuk menyukai sesuatu yang mekanistis, kegiatan bersama dan olahraga.</li>\r\n    			<li>Mudah beradaptasi, toleran, pada umumnya konservatif tentang nilai-nilai. Tidak suka penjelasan terlalu panjang. Paling baik dalam hal-hal nyata yang dapat dilakukan.</li>\r\n    		</ul>\r\n    		<h3>Saran Pengembangan</h3>\r\n    		<ul>\r\n    			<li>Belajarlah memahami perasaan dan pemikiran orang lain terutama saat bicara dengan mereka.</li>\r\n    			<li>Belajarlah untuk sabar, menikmati proses, tidak semua hal bisa dicapai dengan cepat.</li>\r\n    			<li>Sesekali luangkan waktu untuk merenung dan merencanakan masa depan Anda.</li>\r\n    			<li>Cobalah untuk mencatat pengamatan-pengamatan Anda termasuk detailnya.</li>\r\n    		</ul>\r\n    		<h3>Profesi yang Cocok</h3>\r\n    		<p>Marketing, Sales, Polisi, Entrepreneur, Pialang Saham, Technical Support</p>\r\n    		<h3>Partner Alami</h3>\r\n    		<p>ISFJ atau ISTJ</p>\r\n    		<h3>Tokoh Terkenal dengan Kepribadian ESTP</h3>\r\n    		<ul>\r\n    			<li>James Buchanan, U.S. President</li>\r\n    			<li>Madonna, singer</li>\r\n    			<li>Chuck Yeager, U.S. Air Force General and pilot</li>\r\n    			<li>Donald Trump, businessman</li>\r\n    			<li>Lucille Ball, actress</li>\r\n    		</ul>'),
	('INFJ', 'INFJ.png', '<h2 class="text-center">INFJ</h2>\r\n    		<hr class="star-primary">\r\n    		<h3>Dikenal Sebagai</h3>\r\n    		<p>"The Protectors" (Pelindung) &amp; "Counselor" (Penasihat)</p>\r\n    		<h3>Penjelasan Singkat</h3>\r\n    		<p>Pencari makna dan hubungannya dengan ide-ide, hubungan sosial, dan pekerjaan. Selalu ingin memahami tentang pola pikir orang lain, dan belajar tentang apa yang memotivasi seseorang dalam kehidupan. Seorang yang bersungguh-sungguh dan berkomitmen dengan apa yang mereka kerjakan. Memiliki misi yang jelas tentang bagaimana cara terbaik untuk melayani kepentingan umum. Terorganisir dan Tegas dalam melaksanakan visi mereka.</p>\r\n    		<h3>Ciri-ciri</h3>\r\n    		<ul>\r\n    			<li>Perhatian, empati, sensitif &amp; berkomitmen terhadap sebuah hubungan.</li>\r\n    			<li>Sukses karena ketekunan, originalitas dan keinginan kuat untuk melakukan apa saja yang diperlukan termasuk memberikan yg terbaik dalam pekerjaan.</li>\r\n    			<li>Idealis, perfeksionis, memegang teguh prinsip.</li>\r\n    			<li>Visioner, penuh ide, kreatif, suka merenung dan inspiring.</li>\r\n    			<li>Biasanya diikuti dan dihormati karena kejelasan visi serta dedikasi pada hal-hal baik.</li>\r\n    		</ul>\r\n    		<h3>Saran Pengembangan</h3>\r\n    		<ul>\r\n    			<li>Seimbangkan cara pandang Anda. Jangan hanya melihat sisi negatif &amp; resiko. Namun, lihatlah sisi positif dan peluangnya.</li>\r\n    			<li>Bersabarlah, jangan mudah marah dan menyalahkan orang lain atau situasi.</li>\r\n    			<li>Rileks dan jangan terus menerus berfikir atau menyelesaikan tanggungjawab.</li>\r\n    		</ul>\r\n    		<h3>Profesi yang Cocok</h3>\r\n    		<p>Pengajar, Psikolog, Dokter, Konselor, Pekerja Sosial, Fotografer, Seniman, Designer, Child Care.</p>\r\n    		<h3>Partner Alami</h3>\r\n    		<p>ESFP atau ESTP</p>\r\n    		<h3>Tokoh Terkenal dengan Kepribadian INFJ</h3>\r\n    		<ul>\r\n    			<li>Billy Crystal, actor</li>\r\n    			<li>Plato, Tokoh Filsafat Yunani</li>\r\n    			<li>Carl Gustav Jung, Psychiatrist</li>\r\n    			<li>Niels Bohr, Physicist</li>\r\n    			<li>Mary Wollstonecraft, Philosopher</li>\r\n    			<li>Adolf Hitler, Nazi</li>\r\n    			<li>George Harrison(The Beatles)</li>\r\n    			<li>Chaucer, poet</li>\r\n    			<li>Gillian Anderson, actress</li>\r\n    			<li>Nathaniel Hawthorne, author</li>\r\n    			<li>Robert Burns, poet</li>\r\n    			<li>Nicole Kidman, actress</li>\r\n    			<li>Nelson Mandela, former President of South Africa</li>\r\n    			<li>Johann Wolfgang von Goethe, writer</li>\r\n    			<li>Robert Burns, poet</li>\r\n    			<li>Martin Luther King, Jr., civil rights leader</li>\r\n    		</ul>'),
	('INFP', 'INFP.png', '<h2 class="text-center">INFP</h2>\r\n    		<hr class="star-primary">\r\n    		<h3>Dikenal Sebagai</h3>\r\n    		<p>"The Idealist" (Idealis) &amp; "Healer" (Penyembuh)</p>\r\n    		<h3>Penjelasan Singkat</h3>\r\n    		<p>Idealis, setia kepada prinsip yang mereka genggam serta orang-orang yang penting bagi mereka. Ingin kehidupan yang selaras dengan prinsip yang mereka genggam. Ingin tahu, mudah untuk melihat kemungkinan, bisa menjadi pemicu untuk memulai mewujudkan ide-ide. Berusaha untuk memahami orang lain, dan membantu mereka untuk mencapai potensi mereka. Mudah beradaptasi, fleksibel, dan mudah menerima, kecuali jika itu bertentangan dengan prinsip-prinsip mereka.</p>\r\n    		<h3>Ciri-ciri</h3>\r\n    		<ul>\r\n    			<li>Sangat perhatian dan peka dengan perasaan orang lain.</li>\r\n    			<li>Penuh dengan antusiasme dan kesetiaan, tapi biasanya hanya untuk orang dekat.</li>\r\n    			<li>Peduli pada banyak hal. Cenderung mengambil terlalu banyak dan menyelesaikan sebagian.</li>\r\n    			<li>Cenderung idealis dan perfeksionis.</li>\r\n    			<li>Berpikir win-win solution, mempercayai dan mengoptimalkan orang lain.</li>\r\n    		</ul>\r\n    		<h3>Saran Pengembangan</h3>\r\n    		<ul>\r\n    			<li>Belajarlah menghadapi kritik. Jika baik maka kritik itu bisa membangun Anda, namun jika tidak abaikan saja. Jangan ragu pula untuk bertanya dan minta saran.</li>\r\n    			<li>Belajarlah untuk bersikap tegas. Jangan selalu berperasaan dan menyenangkan orang dengan tindakan baik. Bertindak baik itu berbeda dengan bertindak benar.</li>\r\n    			<li>Jangan terlalu menyalahkan diri dan bersikap terlalu keras pada diri sendiri. Kegagalan adalah hal biasa dan semua orang pernah mengalaminya.</li>\r\n    			<li>Jangan terlalu baik pada orang lain tapi melupakan diri sendiri. Anda juga punya tanggungjawab untuk berbuat baik pada diri sendiri.</li>\r\n    		</ul>\r\n    		<h3>Profesi yang Cocok</h3>\r\n    		<p>Penulis, Sastrawan, Konselor, Psikolog, Pengajar, Seniman, Rohaniawan, Bidang Hospitality</p>\r\n    		<h3>Partner Alami</h3>\r\n    		<p>ENFJ atau ESFJ</p>\r\n    		<h3>Tokoh Terkenal dengan Kepribadian INFP</h3>\r\n    		<ul>\r\n    			<li>Aldous Huxley, author</li>\r\n    			<li>Audrey Hepburn, actress</li>\r\n    			<li>Helen Keller, activist and author</li>\r\n    			<li>Isabel Myers Briggs, creator of the Myers-Briggs Type Inventory</li>\r\n    			<li>J. R. R. Tolkien, author</li>\r\n    			<li>Laura Ingalls Wilder, author</li>\r\n    			<li>Princess Diana, Princess of Wales</li>\r\n    			<li>Peter Jackson, filmmaker</li>\r\n    			<li>William Shakespeare, playwright</li>\r\n    		</ul>'),
	('INTJ', 'INTJ.png', '<h2 class="text-center">INTJ</h2>\r\n    		<hr class="star-primary">\r\n    		<h3>Dikenal Sebagai</h3>\r\n    		<p>"The Scientists" (Ahli Keilmuan) &amp; "Mastermind" (Pengatur)</p>\r\n    		<h3>Penjelasan Singkat</h3>\r\n    		<p>Memiliki pemikiran yang orisinil dan motivasi yang kuat untuk menerapkan ide-ide mereka hingga mencapai tujuan. Cepat melihat pola dalam peristiwa yang terjadi disekitar mereka, dan mampu menyusun perspektif jangka panjang yang jelas. Bila hendak melakukan sesuatu, ia akan mengorganisir lalu segera melaksanakannya. Sering kali bersifat skeptis namun mandiri, memiliki standar kompetensi dan kinerja yang tinggi untuk diri mereka sendiri maupun orang lain.</p>\r\n    		<h3>Ciri-ciri</h3>\r\n    		<ul>\r\n    			<li>Visioner, punya perencanaan praktis, &amp; biasanya memiliki ide-ide original serta dorongan kuat untuk mencapainya.</li>\r\n    			<li>Mandiri dan percaya diri.</li>\r\n    			<li>Punya kemampuan analisa yang bagus serta menyederhanakan sesuatu yang rumit dan abstrak menjadi sesuatu yang praktis, mudah difahami &amp; dipraktekkan.</li>\r\n    			<li>Skeptis, kritis, logis, menentukan (determinatif) dan kadang keras kepala.</li>\r\n    			<li>Punya keinginan untuk berkembang serta selalu ingin lebih maju dari orang lain.</li>\r\n    			<li>Kritik &amp; konflik tidak menjadi masalah berarti.</li>\r\n    		</ul>\r\n    		<h3>Saran Pengembangan</h3>\r\n    		<ul>\r\n    			<li>Belajarlah mengungkapkan emosi &amp; perasaan Anda.</li>\r\n    			<li>Cobalah untuk lebih terbuka pada dunia luar, banyak bergaul, banyak belajar, banyak membaca, mengunjungi banyak tempat, eksplorasi hal baru, &amp; memperluas wawasan.</li>\r\n    			<li>Hindari perdebatan tidak penting.</li>\r\n    			<li>Belajarlah untuk berempati, memberi perhatian dan lebih peka terhadap orang lain.</li>\r\n    		</ul>\r\n    		<h3>Profesi yang Cocok</h3>\r\n    		<p>Peneliti, Ilmuwan, Insinyur, Teknisi, Pengajar, Profesor, Dokter, Research &amp; Development, Business Analyst, System Analyst, Pengacara, Hakim, Programmers, Posisi Strategis dalam organisasi.</p>\r\n    		<h3>Partner Alami</h3>\r\n    		<p>ENFP atau ENTP</p>\r\n    		<h3>Tokoh Terkenal dengan Kepribadian INTJ</h3>\r\n    		<ul>\r\n    			<li>Thomas Jefferson, U.S. President</li>\r\n    			<li>John F. Kennedy, U.S. President</li>\r\n    			<li>C. S. Lewis, author</li>\r\n    			<li>Jane Austen, author</li>\r\n    			<li>Susan B. Anthony, civil rights leader</li>\r\n    			<li>Arthur Ashe, tennis player</li>\r\n    			<li>Emily Bronte, author</li>\r\n    		</ul>'),
	('INTP', 'INTP.png', '<h2 class="text-center">INTP</h2>\r\n    		<hr class="star-primary">\r\n    		<h3>Dikenal Sebagai</h3>\r\n    		<p>"The Thinkers" (Pemikir) &amp; "Architect" (Arsitek)</p>\r\n    		<h3>Penjelasan Singkat</h3>\r\n    		<p>Berusaha membangun penjelasan yang masuk akal untuk segala sesuatu yang menarik bagi mereka. Teoritis dan abstrak, lebih tertarik pada ide-ide daripada interaksi sosial. Tenang, cerdas, fleksibel, dan mudah beradaptasi. Memiliki kemampuan yang tidak biasa untuk fokus dan mendalami pemecahan masalah pada bidang yang menjadi minat mereka. Skeptis, terkadang kritis, dan selalu analitis. </p>\r\n    		<h3>Ciri-ciri</h3>\r\n    		<ul>\r\n    			<li>Sangat menghargai intelektualitas dan pengetahuan. Menikmati hal-hal teoritis dan ilmiah. Senang memecahkan masalah dengan logika dan analisa.</li>\r\n    			<li>Diam dan menahan diri. Lebih suka bekerja sendiri.</li>\r\n    			<li>Cenderung kritis, skeptis, mudah curiga dan pesimis.</li>\r\n    			<li>Tidak suka memimpin dan bisa menjadi pengikut yang tidak banyak menuntut.</li>\r\n    			<li>Cenderung memiliki minat yang jelas. Membutuhkan karir dimana minatnya bisa berkembang dan bermanfaat. Jika menemukan sesuatu yang menarik minatnya, ia akan sangat serius dan antusias menekuninya.</li>\r\n    		</ul>\r\n    		<h3>Saran Pengembangan</h3>\r\n    		<ul>\r\n    			<li>Belajarlah membangun hubungan dengan orang lain. Belajar berempati, mendengar aktif, memberi perhatian dan bertukar pendapat.</li>\r\n    			<li>Relaks. Jangan terlalu banyak berfikir. Nikmati hidup Anda tanpa harus bertanya mengapa dan bagaimana.</li>\r\n    			<li>Cobalah menemukan satu ide, merencanakan dan mewujudkannya. Jangan terlalu sering berganti-ganti ide tetapi tidak satupun yang terwujud.</li>\r\n    		</ul>\r\n    		<h3>Profesi yang Cocok</h3>\r\n    		<p>Ilmuwan, Fotografer, Programmer, Ahli komputer, System Analyst, Penulis Buku Teknis, Ahli Forensik, Jaksa, Pengacara, Teknisi</p>\r\n    		<h3>Partner Alami</h3>\r\n    		<p>ENTJ atau ESTJ</p>\r\n    		<h3>Tokoh Terkenal dengan Kepribadian INTP</h3>\r\n    		<ul>\r\n    			<li>Albert Einstein, scientist</li>\r\n    			<li>Charles Darwin, naturalist</li>\r\n    			<li>William James, psychologist and philosopher</li>\r\n    			<li>Dwight D. Eisenhower, U.S. President</li>\r\n    			<li>C. G. Jung, psychiatrist</li>\r\n    			<li>Socrates, philosopher</li>\r\n    			<li>Sir Isaac Newton, mathematician, physicist and astronomer</li>\r\n    			<li>J.K. Rowling, author</li>\r\n    			<li>Abraham Lincoln, U.S. President</li>\r\n    		</ul>'),
	('ISFJ', 'ISFJ.png', '<h2 class="text-center">ISFJ</h2>\r\n    		<hr class="star-primary">\r\n    		<h3>Dikenal Sebagai</h3>\r\n    		<p>"The Nurturers" (Pengasuh) &amp; "Protector" (Pelindung)</p>\r\n    		<h3>Penjelasan Singkat</h3>\r\n    		<p>Tenang, ramah, bertanggung jawab, dan teliti. Berkomitmen dan bersungguh-sungguh dalam memenuhi kewajibannya. Cermat, telaten, dan akurat. Loyal, baik hati, perhatian dan selalu mengingat secara spesifik tentang orang-orang yang penting bagi mereka, peduli dengan perasaan orang lain. Berupaya untuk menciptakan lingkungan yang tertib dan harmonis di tempat kerja maupun di rumah.</p>\r\n    		<h3>Ciri-ciri</h3>\r\n    		<ul>\r\n    			<li>Penuh pertimbangan, hati-hati, teliti dan akurat.</li>\r\n    			<li>Serius, tenang, stabil namun sensitif.</li>\r\n    			<li>Ramah, perhatian pada perasaan &amp; kebutuhan orang lain, setia, kooperatif, pendengar yang baik.</li>\r\n    			<li>Punya kemampuan mengorganisasi, detail, teliti, sangat bertanggungjawab &amp; bisa diandalkan.</li>\r\n    		</ul>\r\n    		<h3>Saran Pengembangan</h3>\r\n    		<ul>\r\n    			<li>Lihat lebih dalam, lebih antusias, &amp; lebih semangat.</li>\r\n    			<li>Belajarlah mengatakan ?tidak?. Jangan menyenangkan semua orang atau Anda dianggap plin plan.</li>\r\n    			<li>Jangan terjebak zona nyaman dan rutinitas. Cobalah hal baru. Ada banyak hal menyenangkan yang mungkin belum pernah Anda coba.</li>\r\n    		</ul>\r\n    		<h3>Profesi yang Cocok</h3>\r\n    		<p>Architect, Interior Designer, Perawat, Administratif, Designer, Child Care, Konselor, Back Office Manager, Penjaga Toko / Perpustakaan, Dunia Perhotelan.</p>\r\n    		<h3>Partner Alami</h3>\r\n    		<p>ESFP atau ESTP</p>\r\n    		<h3>Tokoh Terkenal dengan Kepribadian ISFJ</h3>\r\n    		<ul>\r\n    			<li>Mother Teresa, nun and humanitarian</li>\r\n    			<li>Louisa May Alcott, author</li>\r\n    			<li>Elizabeth II, Queen of England</li>\r\n    			<li>Robert E. Lee, general</li>\r\n    			<li>Mary I, Queen of England</li>\r\n    			<li>Kristi Yamaguchi, figure skater</li>\r\n    			<li>Michael Caine, actor</li>\r\n    			<li>Alfred, Lord Tennyson, poet</li>\r\n    		</ul>'),
	('ISFP', 'ISFP.png', '<h2 class="text-center">ISFP</h2>\r\n    		<hr class="star-primary">\r\n    		<h3>Dikenal Sebagai</h3>\r\n    		<p>"The Artist" (Seniman) &amp; "Composer" (Pengarang)</p>\r\n    		<h3>Penjelasan Singkat</h3>\r\n    		<p>Tenang, ramah, sensitif, dan baik hati. Menikmati apa yang sedang terjadi saat ini, apa yang terjadi di sekitar mereka. Ingin memiliki ruang mereka sendiri dan bekerja dalam rentang waktu mereka sendiri. Loyal dan berkomitmen untuk prinsip yang mereka genggam serta orang-orang yang penting bagi mereka. Tidak menyukai perselisihan dan konflik, tidak memaksakan pendapat atau prinsip mereka pada orang lain.</p>\r\n    		<h3>Ciri-ciri</h3>\r\n    		<ul>\r\n    			<li>Berpikiran simpel &amp; praktis, fleksibel, sensitif, ramah, tidak menonjolkan diri, rendah hati pada kemampuannya.</li>\r\n    			<li>Menghindari konflik, tidak memaksakan pendapat atau nilai-nilainya pada orang lain.</li>\r\n    			<li>Biasanya tidak mau memimpin tetapi menjadi pengikut dan pelaksana yang setia.</li>\r\n    			<li>Seringkali santai menyelesaikan sesuatu, karena sangat menikmati apa yang terjadi saat ini.</li>\r\n    			<li>Menunjukkan perhatian lebih banyak melalui tindakan dibandingkan kata-kata.</li>\r\n    		</ul>\r\n    		<h3>Saran Pengembangan</h3>\r\n    		<ul>\r\n    			<li>Jangan takut pada penolakan dan konflik. Anda tidak perlu menyenangkan semua orang.</li>\r\n    			<li>Cobalah untuk mulai memikirkan dampak jangka panjang dari keputusan-keputusan kecil di hari ini.</li>\r\n    			<li>Asah dan kembangkan sisi kreatifitas dan seni dalam diri Anda sebagai modal bagus dalam diri Anda.</li>\r\n    			<li>Cobalah untuk lebih terbuka dan mengekspresikan perasaan Anda.</li>\r\n    		</ul>\r\n    		<h3>Profesi yang Cocok</h3>\r\n    		<p>Seniman, Designer, Pekerja Sosial, Konselor, Psikolog, Guru, Aktor, Bidang Hospitality</p>\r\n    		<h3>Partner Alami</h3>\r\n    		<p>ESFJ atau ENFJ</p>\r\n    		<h3>Tokoh Terkenal dengan Kepribadian ISFP</h3>\r\n    		<ul>\r\n    			<li>Fred Astaire, dancer</li>\r\n    			<li>Marilyn Monroe, actress</li>\r\n    			<li>Marie Antoinette, queen of France</li>\r\n    			<li>Elizabeth Taylor, actress</li>\r\n    			<li>Barbara Streisand, singer</li>\r\n    			<li>Paul McCartney, musician</li>\r\n    			<li>Auguste Rodin, sculptor</li>\r\n    			<li>Wolfgang Amadeus Mozart, composer</li>\r\n    		</ul>'),
	('ISTJ', 'ISTJ.png', '<h2 class="text-center">ISTJ</h2>\r\n    		<hr class="star-primary">\r\n    		<h3>Dikenal Sebagai</h3>\r\n    		<p>"The Duty Fulfillers" (Pekerja Keras) &amp; "Inspector" (Pengawas)</p>\r\n    		<h3>Penjelasan Singkat</h3>\r\n    		<p>Tenang, serius, meraih kesuksesannya dengan ketelitian dan kehandalannya dalam bekerja. Praktis, orienatsi pada fakta, realistis, dan bertanggung jawab. Memutuskan apa yang harus dilakukan dengan logis, dan bekerja dengan tekun pada satu hal, tanpa mempedulikan gangguan. Mereka merasa senang dengan segala sesuatu yang tertib dan teratur pada pekerjaan mereka, rumah mereka, dan kehidupan mereka. Memegang nilai-nilai tradisi dan loyalitas.</p>\r\n    		<h3>Ciri-ciri</h3>\r\n    		<ul>\r\n    			<li>Serius, tenang, stabil &amp; damai.</li>\r\n    			<li>Senang pada fakta, logis, obyektif, praktis &amp; realistis.</li>\r\n    			<li>Task oriented, tekun, teratur, menepati janji, dapat diandalkan &amp; bertanggung jawab.</li>\r\n    			<li>Pendengar yang baik, setia, hanya mau berbagi dengan orang dekat.</li>\r\n    			<li>Memegang aturan, standar &amp; prosedur dengan teguh.</li>\r\n    		</ul>\r\n    		<h3>Saran Pengembangan</h3>\r\n    		<ul>\r\n    			<li>Belajarlah memahami perasaan &amp; kebutuhan orang lain.</li>\r\n    			<li>Kurangi keinginan untuk mengontrol orang lain atau memerintah mereka untuk menegakkan aturan.</li>\r\n    			<li>Lihatlah lebih banyak sisi positif pada orang lain atau hal lainnya.</li>\r\n    			<li>Terbukalah terhadap perubahan.</li>\r\n    		</ul>\r\n    		<h3>Profesi yang Cocok</h3>\r\n    		<p>Bidang Manajemen, Polisi, Intelijen, Hakim, Pengacara, Dokter, Akuntan (Staf Keuangan), Programmer atau yang berhubungan dengan IT, System Analys, Pemimpin Militer</p>\r\n    		<h3>Partner Alami</h3>\r\n    		<p>ESFP atau ESTP</p>\r\n    		<h3>Tokoh Terkenal dengan Kepribadian ISTJ</h3>\r\n    		<ul>\r\n    			<li>George Washington, U.S. President</li>\r\n    			<li>Henry Ford, inventor</li>\r\n    			<li>Johnny Carson, entertainer</li>\r\n    			<li>Elizabeth II, Queen of England</li>\r\n    			<li>Calvin Coolidge, U.S. President</li>\r\n    			<li>Evander Holyfield, boxer</li>\r\n    			<li>Warren Buffett, businessman</li>\r\n    		</ul>'),
	('ISTP', 'ISTP.png', '<h2 class="text-center">ISTP</h2>\r\n    		<hr class="star-primary">\r\n    		<h3>Dikenal Sebagai</h3>\r\n    		<p>"The Mechanics" (Mekanik) &amp; "Crafter" (Pengrajin) </p>\r\n    		<h3>Penjelasan Singkat</h3>\r\n    		<p>Bersikap toleran, dan fleksibel, pengamat yang tenang sampai masalah tampak, kemudian bertindak cepat untuk menemukan solusi yang terbaik. Menganalisis apa yang membuat sesuatu bekerja, dan mampu dengan segera menemukan berbagai data untuk mengisolasi inti dari masalah. Tertarik dengan sebab dan akibat, mengolah fakta menggunakan prinsip masuk akal, dan efisien.</p>\r\n    		<h3>Ciri-ciri</h3>\r\n    		<ul>\r\n    			<li>Tenang, pendiam, cenderung kaku, dingin, hati-hati, penuh pertimbangan.</li>\r\n    			<li>Logis, rasional, kritis, obyektif, mampu mengesampingkan perasaan.</li>\r\n    			<li>Mampu menghadapi perubahan mendadak dengan cepat dan tenang.</li>\r\n    			<li>Percaya diri, tegas dan mampu menghadapi perbedaan maupun kritik.</li>\r\n    			<li>Mampu menganalisa, mengorganisir, &amp; mendelegasikan.</li>\r\n    			<li>Problem solver yang baik terutama untuk masalah teknis &amp; keadaan mendadak.</li>\r\n    		</ul>\r\n    		<h3>Saran Pengembangan</h3>\r\n    		<ul>\r\n    			<li>Observasilah kehidupan sosial, apa yang membuat orang marah, cinta, senang, termotivasi &amp; terapkan pada hubungan Anda.</li>\r\n    			<li>Belajarlah untuk mengenali perasaan Anda dan mengekspresikannya.</li>\r\n    			<li>Jadilah orang yang lebih terbuka, keluar dari zona nyaman, eksplorasi ide baru, dan berdiskusi dengan orang lain.</li>\r\n    			<li>Jangan mencari-cari kesalahan orang hanya untuk menyelesaikan masalahnya.</li>\r\n    			<li>Jangan menyimpan informasi yang harusnya dibagi dan belajarlah mempercayakan tanggungjawab pada orang lain.</li>\r\n    		</ul>\r\n    		<h3>Profesi yang Cocok</h3>\r\n    		<p>Polisi, Ahli Forensik, Programmer, Ahli Komputer, System Analyst, Teknisi, Insinyur, Mekanik, Pilot, Atlit, Entrepreneur</p>\r\n    		<h3>Partner Alami</h3>\r\n    		<p>ESTJ atau ENTJ</p>\r\n    		<h3>Tokoh Terkenal dengan Kepribadian ISTP</h3>\r\n    		<ul>\r\n    			<li>Tom Cruise, actor</li>\r\n    			<li>Keith Richards, musician</li>\r\n    			<li>James Dean, actor</li>\r\n    			<li>Clint Eastwood, actor</li>\r\n    			<li>Zachary Taylor, U.S. President</li>\r\n    			<li>Chuck Yeager, U.S. Air Force officer</li>\r\n    			<li>Alan Shepherd, astronaut</li>\r\n    			<li>Amelia Earhart, aviator</li>\r\n    			<li>Frida Kahlo, artist</li>\r\n    			<li>Tiger Woods, golfer</li>\r\n    		</ul>');
/*!40000 ALTER TABLE `mbti` ENABLE KEYS */;

-- Dumping structure for table sppkti.mbti_hasil
CREATE TABLE IF NOT EXISTS `mbti_hasil` (
  `id_mbti_hasil` int(11) NOT NULL AUTO_INCREMENT,
  `tipe_mbti` varchar(5) NOT NULL,
  `Introvert` varchar(3) NOT NULL,
  `Extrovert` varchar(3) NOT NULL,
  `Sensing` varchar(3) NOT NULL,
  `Intuition` varchar(3) NOT NULL,
  `Thinking` varchar(3) NOT NULL,
  `Feeling` varchar(3) NOT NULL,
  `Perceiving` varchar(3) NOT NULL,
  `Judging` varchar(3) NOT NULL,
  `id_user` int(11) NOT NULL,
  `id_mbti_kelas` int(11) NOT NULL,
  `presentase` float DEFAULT NULL,
  `persenmax` float DEFAULT NULL,
  `presentase_detil_max` varchar(255) DEFAULT NULL,
  `presentase_detil_full` varchar(255) DEFAULT NULL,
  `status` enum('ACTIVE','INACTIVE') DEFAULT 'INACTIVE',
  PRIMARY KEY (`id_mbti_hasil`),
  KEY `id_mbti` (`tipe_mbti`),
  KEY `id_user` (`id_user`),
  KEY `id_mbti_kelas` (`id_mbti_kelas`),
  CONSTRAINT `FK_mbti_hasil_mbti` FOREIGN KEY (`tipe_mbti`) REFERENCES `mbti` (`tipe_mbti`),
  CONSTRAINT `FK_mbti_hasil_mbti_kelas` FOREIGN KEY (`id_mbti_kelas`) REFERENCES `mbti_kelas` (`id_mbti_kelas`),
  CONSTRAINT `FK_mbti_hasil_users` FOREIGN KEY (`id_user`) REFERENCES `users` (`id`)
) ENGINE=InnoDB AUTO_INCREMENT=162 DEFAULT CHARSET=latin1;

-- Dumping data for table sppkti.mbti_hasil: ~155 rows (approximately)
/*!40000 ALTER TABLE `mbti_hasil` DISABLE KEYS */;
INSERT INTO `mbti_hasil` (`id_mbti_hasil`, `tipe_mbti`, `Introvert`, `Extrovert`, `Sensing`, `Intuition`, `Thinking`, `Feeling`, `Perceiving`, `Judging`, `id_user`, `id_mbti_kelas`, `presentase`, `persenmax`, `presentase_detil_max`, `presentase_detil_full`, `status`) VALUES
	(1, 'ESFJ', '27', '73', '60', '40', '33', '67', '40', '60', 1, 1, NULL, NULL, NULL, NULL, 'INACTIVE'),
	(2, 'ISTP', '60', '40', '80', '20', '73', '27', '60', '40', 1, 3, NULL, NULL, NULL, NULL, 'INACTIVE'),
	(3, 'ISTP', '60', '40', '80', '20', '73', '27', '60', '40', 1, 3, NULL, NULL, NULL, NULL, 'INACTIVE'),
	(4, 'ESFP', '33', '67', '40', '60', '47', '53', '87', '13', 1, 1, NULL, NULL, NULL, NULL, 'INACTIVE'),
	(5, 'ESFP', '33', '67', '40', '60', '47', '53', '87', '13', 1, 1, NULL, NULL, NULL, NULL, 'INACTIVE'),
	(6, 'ESFP', '33', '67', '40', '60', '47', '53', '87', '13', 1, 1, NULL, NULL, NULL, NULL, 'INACTIVE'),
	(7, 'ISTP', '60', '40', '80', '20', '73', '27', '60', '40', 7, 3, NULL, NULL, NULL, NULL, 'INACTIVE'),
	(8, 'ESFJ', '7', '93', '87', '13', '47', '53', '0', '100', 1, 1, NULL, NULL, NULL, NULL, 'INACTIVE'),
	(9, 'ENFP', '13', '87', '40', '60', '20', '80', '67', '33', 1, 1, NULL, NULL, NULL, NULL, 'INACTIVE'),
	(10, 'ENTJ', '20', '80', '27', '73', '80', '20', '47', '53', 1, 1, NULL, NULL, NULL, NULL, 'INACTIVE'),
	(11, 'ENTP', '40', '60', '40', '60', '53', '47', '73', '27', 1, 1, NULL, NULL, NULL, NULL, 'INACTIVE'),
	(12, 'ESTJ', '40', '60', '60', '40', '80', '20', '27', '73', 1, 5, NULL, NULL, NULL, NULL, 'INACTIVE'),
	(13, 'ESFP', '13', '87', '93', '7', '47', '53', '93', '7', 1, 1, NULL, NULL, NULL, NULL, 'INACTIVE'),
	(14, 'ESTJ', '27', '73', '67', '33', '67', '33', '40', '60', 1, 1, NULL, NULL, NULL, NULL, 'INACTIVE'),
	(15, 'ESTP', '33', '67', '60', '40', '60', '40', '53', '47', 1, 1, NULL, NULL, NULL, NULL, 'INACTIVE'),
	(16, 'INFJ', '53', '47', '7', '93', '20', '80', '7', '93', 1, 3, NULL, NULL, NULL, NULL, 'INACTIVE'),
	(17, 'ENTJ', '27', '73', '33', '67', '67', '33', '33', '67', 1, 2, NULL, NULL, NULL, NULL, 'INACTIVE'),
	(18, 'ENTP', '33', '67', '47', '53', '60', '40', '60', '40', 1, 2, NULL, NULL, NULL, NULL, 'INACTIVE'),
	(19, 'INTJ', '60', '40', '20', '80', '73', '27', '13', '87', 1, 2, NULL, NULL, NULL, NULL, 'INACTIVE'),
	(20, 'INTP', '67', '33', '40', '60', '80', '20', '73', '27', 1, 2, NULL, NULL, NULL, NULL, 'INACTIVE'),
	(21, 'ISTJ', '87', '13', '93', '7', '67', '33', '7', '93', 1, 3, NULL, NULL, NULL, NULL, 'INACTIVE'),
	(22, 'ESFJ', '47', '53', '60', '40', '7', '93', '27', '73', 1, 4, NULL, NULL, NULL, NULL, 'INACTIVE'),
	(23, 'ESTJ', '20', '80', '73', '27', '73', '27', '33', '67', 1, 4, NULL, NULL, NULL, NULL, 'INACTIVE'),
	(24, 'ISFJ', '73', '27', '60', '40', '33', '67', '0', '100', 1, 4, NULL, NULL, NULL, NULL, 'INACTIVE'),
	(25, 'ISTJ', '93', '7', '73', '27', '73', '27', '33', '67', 1, 4, NULL, NULL, NULL, NULL, 'INACTIVE'),
	(26, 'ENFP', '7', '93', '13', '87', '20', '80', '100', '0', 1, 5, NULL, NULL, NULL, NULL, 'INACTIVE'),
	(27, 'ISFP', '80', '20', '80', '20', '33', '67', '100', '0', 1, 5, NULL, NULL, NULL, NULL, 'INACTIVE'),
	(28, 'ISTP', '100', '0', '60', '40', '53', '47', '73', '27', 1, 5, NULL, NULL, NULL, NULL, 'INACTIVE'),
	(29, 'ISTP', '60', '40', '80', '20', '73', '27', '60', '40', 7, 3, 75, NULL, NULL, NULL, 'INACTIVE'),
	(30, 'ESTJ', '47', '53', '60', '40', '60', '40', '40', '60', 7, 1, 50, NULL, NULL, NULL, 'INACTIVE'),
	(31, 'ESFJ', '47', '53', '53', '47', '27', '73', '47', '53', 7, 4, 50, NULL, NULL, NULL, 'INACTIVE'),
	(32, 'ENTJ', '40', '60', '40', '60', '67', '33', '47', '53', 16, 1, 50, NULL, NULL, NULL, 'ACTIVE'),
	(33, 'ISFP', '67', '33', '60', '40', '33', '67', '53', '47', 1, 5, NULL, NULL, NULL, NULL, NULL),
	(34, 'ISTJ', '80', '20', '60', '40', '53', '47', '33', '67', 1, 4, NULL, NULL, NULL, NULL, NULL),
	(35, 'ESTJ', '47', '53', '80', '20', '73', '27', '33', '67', 1, 6, NULL, NULL, NULL, NULL, NULL),
	(36, 'ENFJ', '33', '67', '40', '60', '27', '73', '47', '53', 1, 5, NULL, NULL, NULL, NULL, NULL),
	(37, 'ESTP', '33', '67', '100', '0', '100', '0', '100', '0', 1, 1, NULL, NULL, NULL, NULL, NULL),
	(38, 'ESTP', '33', '67', '0', '100', '0', '100', '0', '100', 1, 2, NULL, NULL, NULL, NULL, NULL),
	(39, 'ESFP', '47', '53', '53', '47', '40', '60', '73', '27', 1, 4, NULL, NULL, NULL, NULL, NULL),
	(40, 'ENFP', '40', '60', '47', '53', '33', '67', '80', '20', 1, 5, NULL, NULL, NULL, NULL, NULL),
	(41, 'ESTP', '40', '60', '73', '27', '80', '20', '53', '47', 1, 4, NULL, NULL, NULL, NULL, NULL),
	(42, 'ENTP', '47', '53', '33', '67', '60', '40', '53', '47', 7, 2, 48.0084, NULL, NULL, 'Business Analyst:47.9916,System Analyst:48.0084,Programmer:0,Tester:0,Technical Support:0,Trainer:0,Technical Sales:4', 'INACTIVE'),
	(43, 'ESFP', '0', '100', '100', '0', '0', '100', '100', '0', 1, 7, NULL, NULL, NULL, NULL, 'INACTIVE'),
	(44, 'ESFJ', '100', '0', '100', '0', '100', '0', '0', '100', 1, 7, NULL, NULL, NULL, NULL, 'INACTIVE'),
	(45, 'ENFP', '13', '87', '0', '100', '7', '93', '80', '20', 1, 6, NULL, NULL, NULL, NULL, 'INACTIVE'),
	(46, 'ENFJ', '40', '60', '7', '93', '27', '73', '27', '73', 1, 1, NULL, NULL, NULL, NULL, 'INACTIVE'),
	(47, 'ENTP', '33', '67', '20', '80', '87', '13', '67', '33', 9, 2, NULL, NULL, NULL, NULL, 'INACTIVE'),
	(48, 'ISTJ', '80', '20', '87', '13', '87', '13', '33', '67', 9, 3, NULL, NULL, NULL, NULL, 'INACTIVE'),
	(49, 'ESFJ', '40', '60', '73', '27', '0', '100', '0', '100', 9, 4, NULL, NULL, NULL, NULL, 'INACTIVE'),
	(50, 'ISTP', '87', '13', '53', '47', '80', '20', '53', '47', 9, 5, NULL, NULL, NULL, NULL, 'INACTIVE'),
	(51, 'ESFJ', '13', '87', '100', '0', '0', '100', '33', '67', 9, 6, NULL, NULL, NULL, NULL, 'INACTIVE'),
	(52, 'ENTP', '13', '87', '7', '93', '73', '27', '80', '20', 9, 7, NULL, NULL, NULL, NULL, 'INACTIVE'),
	(53, 'ESTP', '0', '100', '73', '27', '93', '7', '100', '0', 9, 7, NULL, NULL, NULL, NULL, 'INACTIVE'),
	(54, 'ESFP', '33', '67', '93', '7', '7', '93', '67', '33', 9, 6, NULL, NULL, NULL, NULL, 'INACTIVE'),
	(55, 'ESTP', '7', '93', '87', '13', '53', '47', '87', '13', 9, 5, NULL, NULL, NULL, NULL, 'INACTIVE'),
	(56, 'ESTJ', '20', '80', '53', '47', '67', '33', '7', '93', 9, 4, NULL, NULL, NULL, NULL, 'INACTIVE'),
	(57, 'ISTP', '73', '27', '80', '20', '93', '7', '80', '20', 9, 3, NULL, NULL, NULL, NULL, 'INACTIVE'),
	(58, 'ENTP', '0', '100', '13', '87', '53', '47', '93', '7', 9, 2, NULL, NULL, NULL, NULL, 'INACTIVE'),
	(59, 'ESFP', '20', '80', '100', '0', '20', '80', '93', '7', 9, 1, NULL, NULL, NULL, NULL, 'INACTIVE'),
	(60, 'ENFJ', '47', '53', '7', '93', '33', '67', '40', '60', 9, 1, NULL, NULL, NULL, NULL, 'INACTIVE'),
	(61, 'ENTJ', '0', '100', '13', '87', '93', '7', '0', '100', 9, 2, NULL, NULL, NULL, NULL, 'INACTIVE'),
	(62, 'ISTJ', '100', '0', '53', '47', '53', '47', '40', '60', 9, 3, NULL, NULL, NULL, NULL, 'INACTIVE'),
	(63, 'ESFJ', '7', '93', '80', '20', '20', '80', '33', '67', 9, 4, NULL, NULL, NULL, NULL, 'INACTIVE'),
	(64, 'INTP', '73', '27', '40', '60', '73', '27', '100', '0', 9, 5, NULL, NULL, NULL, NULL, 'INACTIVE'),
	(65, 'ESFJ', '0', '100', '53', '47', '40', '60', '7', '93', 9, 6, NULL, NULL, NULL, NULL, 'INACTIVE'),
	(66, 'ENTP', '7', '93', '7', '93', '87', '13', '67', '33', 9, 7, NULL, NULL, NULL, NULL, 'INACTIVE'),
	(67, 'ESFP', '0', '100', '93', '7', '13', '87', '87', '13', 9, 7, NULL, NULL, NULL, NULL, 'INACTIVE'),
	(68, 'ESFP', '47', '53', '100', '0', '47', '53', '73', '27', 9, 6, NULL, NULL, NULL, NULL, 'INACTIVE'),
	(69, 'ESFJ', '7', '93', '100', '0', '40', '60', '20', '80', 9, 6, NULL, NULL, NULL, NULL, 'INACTIVE'),
	(70, 'ESFP', '7', '93', '60', '40', '20', '80', '60', '40', 9, 5, NULL, NULL, NULL, NULL, 'INACTIVE'),
	(71, 'ESFJ', '40', '60', '53', '47', '47', '53', '7', '93', 9, 4, NULL, NULL, NULL, NULL, 'INACTIVE'),
	(72, 'ISTP', '67', '33', '53', '47', '67', '33', '100', '0', 9, 3, NULL, NULL, NULL, NULL, 'INACTIVE'),
	(73, 'ENTP', '13', '87', '47', '53', '87', '13', '93', '7', 9, 2, NULL, NULL, NULL, NULL, 'INACTIVE'),
	(74, 'ESFJ', '0', '100', '87', '13', '47', '53', '20', '80', 9, 1, NULL, NULL, NULL, NULL, 'INACTIVE'),
	(75, 'ESFJ', '47', '53', '100', '0', '13', '87', '7', '93', 9, 1, NULL, NULL, NULL, NULL, 'INACTIVE'),
	(76, 'ENTJ', '7', '93', '20', '80', '73', '27', '7', '93', 9, 2, NULL, NULL, NULL, NULL, 'INACTIVE'),
	(77, 'ISTJ', '100', '0', '73', '27', '93', '7', '40', '60', 9, 3, NULL, NULL, NULL, NULL, 'INACTIVE'),
	(78, 'ESTJ', '47', '53', '93', '7', '80', '20', '13', '87', 9, 4, NULL, NULL, NULL, NULL, 'INACTIVE'),
	(79, 'ESFP', '20', '80', '60', '40', '0', '100', '93', '7', 9, 5, NULL, NULL, NULL, NULL, 'INACTIVE'),
	(80, 'ESFP', '20', '80', '80', '20', '27', '73', '87', '13', 9, 6, NULL, NULL, NULL, NULL, 'INACTIVE'),
	(81, 'ENFP', '47', '53', '33', '67', '27', '73', '87', '13', 9, 7, NULL, NULL, NULL, NULL, 'INACTIVE'),
	(82, 'ENTP', '13', '87', '7', '93', '93', '7', '87', '13', 9, 7, NULL, NULL, NULL, NULL, 'INACTIVE'),
	(83, 'ESFJ', '33', '67', '67', '33', '0', '100', '47', '53', 9, 6, NULL, NULL, NULL, NULL, 'INACTIVE'),
	(84, 'ENFJ', '27', '73', '13', '87', '0', '100', '27', '73', 9, 5, NULL, NULL, NULL, NULL, 'INACTIVE'),
	(85, 'ESTJ', '40', '60', '100', '0', '60', '40', '40', '60', 9, 4, NULL, NULL, NULL, NULL, 'INACTIVE'),
	(86, 'ISTP', '93', '7', '67', '33', '93', '7', '73', '27', 9, 3, NULL, NULL, NULL, NULL, 'INACTIVE'),
	(87, 'ENTJ', '40', '60', '0', '100', '87', '13', '27', '73', 9, 2, NULL, NULL, NULL, NULL, 'INACTIVE'),
	(88, 'ESFP', '33', '67', '100', '0', '47', '53', '67', '33', 9, 1, NULL, NULL, NULL, NULL, 'INACTIVE'),
	(89, 'ENFP', '0', '100', '20', '80', '27', '73', '87', '13', 9, 1, NULL, NULL, NULL, NULL, 'INACTIVE'),
	(90, 'ENTJ', '27', '73', '47', '53', '80', '20', '0', '100', 9, 2, NULL, NULL, NULL, NULL, 'INACTIVE'),
	(91, 'ISTJ', '53', '47', '67', '33', '53', '47', '40', '60', 9, 3, NULL, NULL, NULL, NULL, 'INACTIVE'),
	(92, 'ESFJ', '40', '60', '100', '0', '20', '80', '13', '87', 9, 4, NULL, NULL, NULL, NULL, 'INACTIVE'),
	(93, 'ISTP', '80', '20', '100', '0', '87', '13', '80', '20', 9, 5, NULL, NULL, NULL, NULL, 'INACTIVE'),
	(94, 'ESFP', '40', '60', '60', '40', '47', '53', '53', '47', 9, 6, NULL, NULL, NULL, NULL, 'INACTIVE'),
	(95, 'ENFP', '13', '87', '47', '53', '7', '93', '100', '0', 9, 7, NULL, NULL, NULL, NULL, 'INACTIVE'),
	(96, 'ENFP', '40', '60', '7', '93', '7', '93', '80', '20', 9, 7, NULL, NULL, NULL, NULL, 'INACTIVE'),
	(97, 'ESFJ', '0', '100', '60', '40', '27', '73', '33', '67', 9, 6, NULL, NULL, NULL, NULL, 'INACTIVE'),
	(98, 'ESFP', '40', '60', '93', '7', '40', '60', '53', '47', 9, 5, NULL, NULL, NULL, NULL, 'INACTIVE'),
	(99, 'ESFJ', '40', '60', '80', '20', '47', '53', '20', '80', 9, 4, NULL, NULL, NULL, NULL, 'INACTIVE'),
	(100, 'ISTJ', '80', '20', '73', '27', '53', '47', '33', '67', 9, 3, NULL, NULL, NULL, NULL, 'INACTIVE'),
	(101, 'ENTJ', '0', '100', '13', '87', '73', '27', '13', '87', 9, 2, NULL, NULL, NULL, NULL, 'INACTIVE'),
	(102, 'ENFJ', '33', '67', '13', '87', '0', '100', '7', '93', 9, 1, NULL, NULL, NULL, NULL, 'INACTIVE'),
	(103, 'ESFJ', '0', '100', '87', '13', '7', '93', '47', '53', 9, 1, NULL, NULL, NULL, NULL, 'INACTIVE'),
	(104, 'ENTJ', '27', '73', '47', '53', '60', '40', '0', '100', 9, 2, NULL, NULL, NULL, NULL, 'INACTIVE'),
	(105, 'ISTJ', '53', '47', '73', '27', '67', '33', '0', '100', 9, 3, NULL, NULL, NULL, NULL, 'INACTIVE'),
	(106, 'ESTJ', '27', '73', '60', '40', '53', '47', '7', '93', 9, 4, NULL, NULL, NULL, NULL, 'INACTIVE'),
	(107, 'ESTP', '0', '100', '80', '20', '87', '13', '67', '33', 9, 5, NULL, NULL, NULL, NULL, 'INACTIVE'),
	(108, 'ISFJ', '93', '7', '87', '13', '13', '87', '33', '67', 9, 6, NULL, NULL, NULL, NULL, 'INACTIVE'),
	(109, 'ENFP', '40', '60', '33', '67', '27', '73', '93', '7', 9, 7, NULL, NULL, NULL, NULL, 'INACTIVE'),
	(110, 'ESTP', '33', '67', '87', '13', '80', '20', '67', '33', 9, 7, NULL, NULL, NULL, NULL, 'INACTIVE'),
	(111, 'ESFP', '47', '53', '73', '27', '0', '100', '100', '0', 9, 6, NULL, NULL, NULL, NULL, 'INACTIVE'),
	(112, 'ISFP', '60', '40', '67', '33', '40', '60', '93', '7', 9, 5, NULL, NULL, NULL, NULL, 'INACTIVE'),
	(113, 'ESTJ', '27', '73', '67', '33', '73', '27', '47', '53', 9, 4, NULL, NULL, NULL, NULL, 'INACTIVE'),
	(114, 'ISTJ', '60', '40', '100', '0', '80', '20', '40', '60', 9, 3, NULL, NULL, NULL, NULL, 'INACTIVE'),
	(115, 'ENTJ', '7', '93', '33', '67', '67', '33', '20', '80', 9, 2, NULL, NULL, NULL, NULL, 'INACTIVE'),
	(116, 'ENFJ', '13', '87', '0', '100', '40', '60', '33', '67', 9, 1, NULL, NULL, NULL, NULL, 'INACTIVE'),
	(117, 'ENFJ', '40', '60', '7', '93', '40', '60', '40', '60', 9, 1, NULL, NULL, NULL, NULL, 'INACTIVE'),
	(118, 'ENFP', '27', '73', '47', '53', '33', '67', '93', '7', 9, 1, NULL, NULL, NULL, NULL, 'INACTIVE'),
	(119, 'ESFJ', '27', '73', '87', '13', '7', '93', '0', '100', 9, 1, NULL, NULL, NULL, NULL, 'INACTIVE'),
	(120, 'ESFP', '27', '73', '93', '7', '47', '53', '80', '20', 9, 1, NULL, NULL, NULL, NULL, 'INACTIVE'),
	(121, 'ENFJ', '0', '100', '27', '73', '7', '93', '40', '60', 9, 1, NULL, NULL, NULL, NULL, 'INACTIVE'),
	(122, 'ENTJ', '7', '93', '7', '93', '80', '20', '40', '60', 9, 2, NULL, NULL, NULL, NULL, 'INACTIVE'),
	(123, 'ENTP', '7', '93', '40', '60', '67', '33', '53', '47', 9, 2, NULL, NULL, NULL, NULL, 'INACTIVE'),
	(124, 'INTJ', '53', '47', '40', '60', '100', '0', '40', '60', 9, 2, NULL, NULL, NULL, NULL, 'INACTIVE'),
	(125, 'INTP', '80', '20', '40', '60', '60', '40', '93', '7', 9, 2, NULL, NULL, NULL, NULL, 'INACTIVE'),
	(126, 'ENTJ', '20', '80', '40', '60', '53', '47', '7', '93', 9, 2, NULL, NULL, NULL, NULL, 'INACTIVE'),
	(127, 'ISTJ', '60', '40', '87', '13', '80', '20', '47', '53', 9, 3, NULL, NULL, NULL, NULL, 'INACTIVE'),
	(128, 'ISTP', '93', '7', '60', '40', '73', '27', '60', '40', 9, 3, NULL, NULL, NULL, NULL, 'INACTIVE'),
	(129, 'ISTJ', '93', '7', '87', '13', '80', '20', '20', '80', 9, 3, NULL, NULL, NULL, NULL, 'INACTIVE'),
	(130, 'ISTP', '67', '33', '67', '33', '93', '7', '60', '40', 9, 3, NULL, NULL, NULL, NULL, 'INACTIVE'),
	(131, 'ISTJ', '60', '40', '87', '13', '80', '20', '20', '80', 9, 3, NULL, NULL, NULL, NULL, 'INACTIVE'),
	(132, 'ESFJ', '20', '80', '93', '7', '0', '100', '47', '53', 9, 4, NULL, NULL, NULL, NULL, 'INACTIVE'),
	(133, 'ESTJ', '20', '80', '80', '20', '80', '20', '7', '93', 9, 4, NULL, NULL, NULL, NULL, 'INACTIVE'),
	(134, 'ISFJ', '60', '40', '53', '47', '7', '93', '47', '53', 9, 4, NULL, NULL, NULL, NULL, 'INACTIVE'),
	(135, 'ISTJ', '87', '13', '67', '33', '93', '7', '33', '67', 9, 4, NULL, NULL, NULL, NULL, 'INACTIVE'),
	(136, 'ESFJ', '13', '87', '93', '7', '33', '67', '20', '80', 9, 4, NULL, NULL, NULL, NULL, 'INACTIVE'),
	(137, 'ESFP', '47', '53', '93', '7', '13', '87', '93', '7', 9, 5, NULL, NULL, NULL, NULL, 'INACTIVE'),
	(138, 'ESTP', '7', '93', '67', '33', '60', '40', '60', '40', 9, 5, NULL, NULL, NULL, NULL, 'INACTIVE'),
	(139, 'INFP', '73', '27', '13', '87', '7', '93', '93', '7', 9, 5, NULL, NULL, NULL, NULL, 'INACTIVE'),
	(140, 'ENFJ', '47', '53', '7', '93', '0', '100', '47', '53', 9, 5, NULL, NULL, NULL, NULL, 'INACTIVE'),
	(141, 'ESTP', '7', '93', '100', '0', '80', '20', '53', '47', 9, 5, NULL, NULL, NULL, NULL, 'INACTIVE'),
	(142, 'ESFJ', '27', '73', '53', '47', '40', '60', '13', '87', 9, 6, NULL, NULL, NULL, NULL, 'INACTIVE'),
	(143, 'ESFP', '13', '87', '67', '33', '0', '100', '87', '13', 9, 6, NULL, NULL, NULL, NULL, 'INACTIVE'),
	(144, 'ISFJ', '73', '27', '100', '0', '13', '87', '20', '80', 9, 6, NULL, NULL, NULL, NULL, 'INACTIVE'),
	(145, 'ISFP', '80', '20', '67', '33', '47', '53', '60', '40', 9, 6, NULL, NULL, NULL, NULL, 'INACTIVE'),
	(146, 'ESFJ', '0', '100', '87', '13', '40', '60', '13', '87', 9, 7, NULL, NULL, NULL, NULL, 'INACTIVE'),
	(147, 'ENFP', '47', '53', '33', '67', '7', '93', '93', '7', 9, 7, NULL, NULL, NULL, NULL, 'INACTIVE'),
	(148, 'ENTP', '0', '100', '0', '100', '80', '20', '73', '27', 9, 7, NULL, NULL, NULL, NULL, 'INACTIVE'),
	(149, 'ESFP', '33', '67', '60', '40', '40', '60', '53', '47', 9, 7, NULL, NULL, NULL, NULL, 'INACTIVE'),
	(150, 'ESFP', '40', '60', '53', '47', '40', '60', '100', '0', 9, 7, NULL, NULL, NULL, NULL, 'INACTIVE'),
	(151, 'ENFP', '27', '73', '47', '53', '13', '87', '53', '47', 9, 7, NULL, NULL, NULL, NULL, 'INACTIVE'),
	(152, 'ISTP', '60', '40', '80', '20', '73', '27', '60', '40', 19, 3, 81.8115, NULL, NULL, 'Business Analyst:0,System Analyst:0,Programmer:81.8115,Tester:0,Technical Support:18.1885,Trainer:0,Technical Sales:0', 'ACTIVE'),
	(153, 'ISTP', '87', '13', '60', '40', '93', '7', '87', '13', 21, 3, 76.9166, NULL, NULL, 'Business Analyst:0,System Analyst:0,Programmer:76.9166,Tester:0,Technical Support:23.0834,Trainer:0,Technical Sales:0', 'INACTIVE'),
	(154, 'INTJ', '53', '47', '47', '53', '53', '47', '40', '60', 21, 2, 100, NULL, NULL, 'Business Analyst:0,System Analyst:100,Programmer:0,Tester:0,Technical Support:0,Trainer:0,Technical Sales:0', 'ACTIVE'),
	(155, 'ESTP', '40', '60', '60', '40', '60', '40', '60', '40', 10, 5, 39.9878, NULL, NULL, 'Business Analyst:20.0044,System Analyst:10.0079,Programmer:0,Tester:10.0044,Technical Support:39.9878,Trainer:0,Technical Sales:19.9954', 'INACTIVE'),
	(156, 'ENTP', '40', '60', '40', '60', '60', '40', '80', '20', 10, 2, 54.5586, NULL, 'true', 'Business Analyst:9.0859,System Analyst:54.5586,Programmer:0,Tester:0,Technical Support:0,Trainer:0,Technical Sales:36.3555', 'INACTIVE'),
	(157, 'ESTJ', '0', '100', '100', '0', '100', '0', '0', '100', 10, 4, 63.6349, NULL, 'Tester:63.6349, Business Analyst:18.1821, Technical Support:9.0967', 'Business Analyst:18.1821,System Analyst:0,Programmer:0,Tester:63.6349,Technical Support:9.0967,Trainer:9.0863,Technical Sales:0', 'INACTIVE'),
	(158, 'ESTJ', '20', '80', '60', '40', '100', '0', '20', '80', 10, 4, 66.6524, 72.7113, 'Tester:66.6524, Business Analyst:16.6754, Technical Support:8.3394', 'Business Analyst:16.6754,System Analyst:0,Programmer:0,Tester:66.6524,Technical Support:8.3394,Trainer:8.3328,Technical Sales:0', 'ACTIVE'),
	(159, 'ESTJ', '20', '80', '100', '0', '100', '0', '0', '100', 22, 4, 69.2224, 74.9891, 'Tester:69.2224, Business Analyst:15.3894, Technical Support:7.6982', 'Business Analyst:15.3894,System Analyst:0,Programmer:0,Tester:69.2224,Technical Support:7.6982,Trainer:7.69,Technical Sales:0', 'INACTIVE'),
	(160, 'ENFJ', '20', '80', '40', '60', '0', '100', '20', '80', 22, 1, 66.6671, 66.6671, 'Business Analyst:66.6671, Technical Support:33.3329, Technical Sales:0', 'Business Analyst:66.6671,System Analyst:0,Programmer:0,Tester:0,Technical Support:33.3329,Trainer:0,Technical Sales:0', 'ACTIVE');
/*!40000 ALTER TABLE `mbti_hasil` ENABLE KEYS */;

-- Dumping structure for table sppkti.mbti_hasil_detail
CREATE TABLE IF NOT EXISTS `mbti_hasil_detail` (
  `id_mbti_hasil` int(11) DEFAULT NULL,
  `id_mbti_kelas` int(11) DEFAULT NULL,
  `persentase` float DEFAULT NULL,
  KEY `FK__mbti_hasil` (`id_mbti_hasil`),
  CONSTRAINT `FK__mbti_hasil` FOREIGN KEY (`id_mbti_hasil`) REFERENCES `mbti_hasil` (`id_mbti_hasil`)
) ENGINE=InnoDB DEFAULT CHARSET=latin1;

-- Dumping data for table sppkti.mbti_hasil_detail: ~175 rows (approximately)
/*!40000 ALTER TABLE `mbti_hasil_detail` DISABLE KEYS */;
INSERT INTO `mbti_hasil_detail` (`id_mbti_hasil`, `id_mbti_kelas`, `persentase`) VALUES
	(1, 1, NULL),
	(2, 3, NULL),
	(3, 3, NULL),
	(4, 1, NULL),
	(7, 3, NULL),
	(8, 1, NULL),
	(9, 1, NULL),
	(10, 1, NULL),
	(11, 1, NULL),
	(12, 5, NULL),
	(13, 1, NULL),
	(14, 1, NULL),
	(15, 1, NULL),
	(16, 3, NULL),
	(17, 2, NULL),
	(18, 2, NULL),
	(19, 2, NULL),
	(20, 2, NULL),
	(21, 3, NULL),
	(22, 4, NULL),
	(23, 4, NULL),
	(24, 4, NULL),
	(25, 4, NULL),
	(26, 5, NULL),
	(27, 5, NULL),
	(28, 5, NULL),
	(29, 3, NULL),
	(30, 1, NULL),
	(31, 4, NULL),
	(32, 1, NULL),
	(33, 5, NULL),
	(34, 4, NULL),
	(35, 6, NULL),
	(36, 5, NULL),
	(37, 1, NULL),
	(38, 2, NULL),
	(39, 4, NULL),
	(40, 5, NULL),
	(41, 4, NULL),
	(43, 7, NULL),
	(44, 7, NULL),
	(45, 6, NULL),
	(46, 1, NULL),
	(47, 2, NULL),
	(48, 3, NULL),
	(49, 4, NULL),
	(50, 5, NULL),
	(51, 6, NULL),
	(52, 7, NULL),
	(53, 7, NULL),
	(54, 6, NULL),
	(55, 5, NULL),
	(56, 4, NULL),
	(57, 3, NULL),
	(58, 2, NULL),
	(59, 1, NULL),
	(60, 1, NULL),
	(61, 2, NULL),
	(62, 3, NULL),
	(63, 4, NULL),
	(64, 5, NULL),
	(65, 6, NULL),
	(66, 7, NULL),
	(67, 7, NULL),
	(68, 6, NULL),
	(69, 6, NULL),
	(70, 5, NULL),
	(71, 4, NULL),
	(72, 3, NULL),
	(73, 2, NULL),
	(74, 1, NULL),
	(75, 1, NULL),
	(76, 2, NULL),
	(77, 3, NULL),
	(78, 4, NULL),
	(79, 5, NULL),
	(80, 6, NULL),
	(81, 7, NULL),
	(82, 7, NULL),
	(83, 6, NULL),
	(84, 5, NULL),
	(85, 4, NULL),
	(86, 3, NULL),
	(87, 2, NULL),
	(88, 1, NULL),
	(89, 1, NULL),
	(90, 2, NULL),
	(91, 3, NULL),
	(92, 4, NULL),
	(93, 5, NULL),
	(94, 6, NULL),
	(95, 7, NULL),
	(96, 7, NULL),
	(97, 6, NULL),
	(98, 5, NULL),
	(99, 4, NULL),
	(100, 3, NULL),
	(101, 2, NULL),
	(102, 1, NULL),
	(103, 1, NULL),
	(104, 2, NULL),
	(105, 3, NULL),
	(106, 4, NULL),
	(107, 5, NULL),
	(108, 6, NULL),
	(109, 7, NULL),
	(110, 7, NULL),
	(111, 6, NULL),
	(112, 5, NULL),
	(113, 4, NULL),
	(114, 3, NULL),
	(115, 2, NULL),
	(116, 1, NULL),
	(117, 1, NULL),
	(118, 1, NULL),
	(119, 1, NULL),
	(120, 1, NULL),
	(121, 1, NULL),
	(122, 2, NULL),
	(123, 2, NULL),
	(124, 2, NULL),
	(125, 2, NULL),
	(126, 2, NULL),
	(127, 3, NULL),
	(128, 3, NULL),
	(129, 3, NULL),
	(130, 3, NULL),
	(131, 3, NULL),
	(132, 4, NULL),
	(133, 4, NULL),
	(134, 4, NULL),
	(135, 4, NULL),
	(136, 4, NULL),
	(137, 5, NULL),
	(138, 5, NULL),
	(139, 5, NULL),
	(140, 5, NULL),
	(141, 5, NULL),
	(142, 6, NULL),
	(143, 6, NULL),
	(144, 6, NULL),
	(145, 6, NULL),
	(146, 7, NULL),
	(147, 7, NULL),
	(148, 7, NULL),
	(149, 7, NULL),
	(150, 7, NULL),
	(151, 7, NULL),
	(156, 2, 54.5586),
	(156, 7, 36.3555),
	(156, 1, 9.0859),
	(42, 2, 48.0084),
	(42, 1, 47.9916),
	(42, 7, 4),
	(155, 5, 49.9925),
	(155, 1, 25.0094),
	(155, 7, 24.9981),
	(157, 4, 69.9948),
	(157, 1, 19.9993),
	(157, 5, 10.0059),
	(158, 1, 18.1912),
	(158, 5, 9.0975),
	(154, 2, 100),
	(154, 3, 0),
	(154, 4, 0),
	(152, 3, 81.8115),
	(152, 5, 18.1885),
	(152, 4, 0),
	(153, 3, 76.9166),
	(153, 5, 23.0834),
	(153, 4, 0),
	(158, 4, 72.7113),
	(159, 4, 74.989),
	(159, 1, 16.671),
	(159, 5, 8.34),
	(160, 1, 66.6671),
	(160, 5, 33.3329),
	(160, 7, 0),
	(1, 4, 71.418),
	(1, 1, 14.2913),
	(1, 5, 7.1481);
/*!40000 ALTER TABLE `mbti_hasil_detail` ENABLE KEYS */;

-- Dumping structure for table sppkti.mbti_kelas
CREATE TABLE IF NOT EXISTS `mbti_kelas` (
  `id_mbti_kelas` int(11) NOT NULL AUTO_INCREMENT,
  `nama_kelas` varchar(50) NOT NULL,
  `saran` text,
  PRIMARY KEY (`id_mbti_kelas`)
) ENGINE=InnoDB AUTO_INCREMENT=8 DEFAULT CHARSET=latin1;

-- Dumping data for table sppkti.mbti_kelas: ~7 rows (approximately)
/*!40000 ALTER TABLE `mbti_kelas` DISABLE KEYS */;
INSERT INTO `mbti_kelas` (`id_mbti_kelas`, `nama_kelas`, `saran`) VALUES
	(1, 'Business Analyst', '<p><strong>Busines Analyst</strong>&nbsp;adalah seorang yang bertanggung jawab dalam menerima &amp; mengumpulkan informasi business problem dari client dan stakeholder, menganalisanya dan kemudian menterjemahkan hasil analisa kedalam bentuk spesifikasi dokumen (FSD) untuk disetujui oleh pihak client dan stakeholder, dan dapat dimengerti oleh programmer.</p>\r\n\r\n<p>Pada Industri IT dan Sistem Informasi, lingkup bisnis problem sering kali mencakup komponen pengembangan sistem, namun mungkin juga terdiri dari perbaikan proses atau perubahan organisasi. Business analysis juga dapat dilakukan untuk memahami keadaan organisasi saat ini, untuk dijadikan dasar identifikasi kebutuhan bisnis. Namun, dalam kebanyakan kasus, Business Analysis dilakukan untuk menentukan dan memvalidasi solusi yang memenuhi kebutuhan bisnis, sasaran, atau tujuan.<br />\r\nKelihatannya simple dan jobdesknya gg ribet deh, tapi eitss jangan salah, banyak kejadian ketika si BA ini salah menginterpretasikan maksud &amp; tujuan dari client dan malah bikin spesifikasinya semakin nggak jelas, dan dokumen yang dibuat tidak dapat dimengerti oleh programmer, ihhh kan bahaya banget. Maka dari itu, ada beberapa kriteria atau skill yang harus dipenuhi jika kamu ingin jadi seorang BA.</p>\r\n\r\n<h2>Pengertian dan Tugas seorang Business Analyst</h2>\r\n\r\n<ol>\r\n	<li>\r\n	<h3><strong>BUSINESS PROCESS</strong></h3>\r\n\r\n	<p>Seorang BA harus ahli dalam modeling atau mapping tentang bisnis proses. Bukan modeling pragawan/ti yaa.. tapi tetep ga pindah jalur dari bidang IT. Misalnya si BA ini harus mahir dalam menggunakan tools untuk mempermudah pekerjaannya seperti Visio, Rational Rose, Ideas Modeler etc. Jadi tetep, bisnis proses adalah salah satu dasar utama yang harus seorang BA mengerti dalam suatu project.</p>\r\n	</li>\r\n	<li>\r\n	<h3><strong>Dapat menjadi pendengar yang baik.</strong></h3>\r\n\r\n	<p>Seorang business analyst dituntut untuk dapat mendengarkan dan menangkap intisari atau maksud dari pembahasan yang dilakukan oleh client maupun stake holder, agar requirement yang didapat atau yang nantinya akan dituang kedalam dokumen tidak melenceng dari apa yang sudah disepakati bersama oleh client maupun stakeholder.</p>\r\n	</li>\r\n	<li>\r\n	<h3><strong>Interviewer dan Proaktif</strong></h3>\r\n\r\n	<p>Seorang business analyst selain menjadi pendengar yang baik, juga dituntut untuk menjadi seorang interviewer agar membuat client maupun stakeholder mengeluarkan pendapat mereka untuk mencapai tujuan bersama. Proaktif dibutuhkan jika terdapat bahan atau dokumen yang dirasa belum lengkap, ada yang tidak jelas, maka seorang BA harus dapat mengejar dan followup terkait dengan kekurangannya tersebut.</p>\r\n	</li>\r\n	<li>\r\n	<h3><strong>Dapat membuat Design Mockup maupun Wireframe</strong></h3>\r\n\r\n	<p>Loh koq BA juga harus bisa memubuat Design Mockup/Wireframe? Bukannya sudah ada ya bagiannya yang bikin begituan? Eiitttss, memang betul untuk membuat sebuah design Mockup maupun Wireframe sudah ada bagiannya, tapi yang perlu digaris bawahi adalah yang tau keinginan atau requirement dari client maupun stakeholder adalah BA, maka dari itu seorang BA juga dituntut setidaknya dapat membuat design mokup maupun wireframe. Biasanya tools yang digunakan yaitu Pencil dan Adobe Photoshop .</p>\r\n	</li>\r\n	<li>\r\n	<h3><strong>Dapat membuat rancangan Database.</strong></h3>\r\n\r\n	<p>Seorang BA juga harus dapat merancang database sesuai dengan hasil analisanya, agar programmer dapat mengerti dengan alur business prosessnya.</p>\r\n	</li>\r\n</ol>\r\n\r\n<p>Okay yang terakhir adalah seberapa penting sih kehadiran seorang BA dalam pengembangan suatu product development? Hmmmmm, beberapa ada yang bilang penting, tapi banyak juga software house yang tidak menggunakan jasa si BA ini. Menurut sistem informasi Pada tahap awal sebuah proyek, ketika requirement sudah dibuat oleh tim solusi dan design, peran seorang Business Analyst (BA) adalah untuk meninjau dokumen, bekerja sama dengan perancang solusi (tim TI) dan manajer Proyek untuk memastikan bahwa persyaratan sudah jelas.</p>\r\n\r\n<p>Dalam Perusahaan IT yang berukuran besar, terutama di lingkungan pengembangan, biasanya kita dapat menemukan tim On-site dan tim Offshore seperti gambar di bawah yang memiliki peran yang berbeda. Tugas Seorang Business Analyst adalah sebagai orang yang harus menghubungkan kedua tim tersebut agar dapat berkomunikasi dengan lancar serta menyatukan visi dan misi dalam sebuah project.</p>\r\n\r\n<p>Terkadang, BA akan berinteraksi dengan Business users, technical users dan stakeholders untuk mendapatkan persetujuan dan anggukan terakhir sebelum melanjutkan dokumentasi. Oleh karena itu, peran BA sangat penting dalam jumpstart yang efektif dan kesuksesan untuk setiap proyek.</p>\r\n'),
	(2, 'System Analyst', '<p>System Analyst adalah seorang professional informasi teknologi di bidang analisis, desain, mengiimplementasikan. System Analyst dapat berfungsi sebagai agen perubahan yang mengidentifikasi perbaikan organisasi yang diperlukan, sistem desain untuk menerapkan perubahan-perubahan, dan melatih dan memotivasi orang lain untuk menggunakan sistem.</p>\r\n\r\n<p>System Analyst akrab dengan berbagai bahasa pemrograman, sistem operasi, dan platform perangkat keras komputer tetapi tidak melibatkan diri dalam perangkat keras. Analisa sistem tidak fokus pada&nbsp;<em>hard-coding,</em>&nbsp;tapi lebih pada evaluasi kode dan membuat saran. System Analyst&nbsp;dapat bekerja secara mandiri, tetapi sering merupakan bagian dari unit teknologi informasi yang lebih besar yang membuat aspek teknis dari sebuah perusahaan berjalan lancar.</p>\r\n\r\n<h3>Peran</h3>\r\n\r\n<hr />\r\n<ol>\r\n	<li>\r\n	<p>Mengidentifikasi, memahami dan rencana untuk dampak organisasi dan manusia sistem yang direncanakan, dan memastikan bahwa persyaratan teknis baru yang terintegrasi dengan baik dengan proses yang ada dan keahlian.</p>\r\n	</li>\r\n	<li>\r\n	<p>Merencanakan sistem aliran dari bawah ke atas.</p>\r\n	</li>\r\n	<li>\r\n	<p>Berinteraksi dengan pengguna internal dan pelanggan untuk belajar dan persyaratan dokumen yang kemudian digunakan untuk menghasilkan kebutuhan bisnis dokumen.</p>\r\n	</li>\r\n	<li>\r\n	<p>Menulis persyaratan teknis dari fase kritis.</p>\r\n	</li>\r\n	<li>\r\n	<p>Berinteraksi dengan desainer untuk memahami keterbatasan software.</p>\r\n	</li>\r\n	<li>\r\n	<p>Bantuan programmer selama pengembangan sistem, misalnya menyediakan kasus penggunaan, diagram alur atau bahkan desain database.</p>\r\n	</li>\r\n	<li>\r\n	<p>Melakukan pengujian sistem.</p>\r\n	</li>\r\n	<li>\r\n	<p>Menyebarkan sistem selesai.</p>\r\n	</li>\r\n	<li>\r\n	<p>Konsultasi dengan para pemimpin bisnis untuk menentukan peran sistem IT</p>\r\n	</li>\r\n	<li>\r\n	<p>Setiap kali proses pembangunan dilakukan, analis sistem bertanggung jawab untuk merancang komponen dan memberikan informasi kepada pengembang.</p>\r\n	</li>\r\n	<li>\r\n	<p>Meningkatkan kompatibilitas sistem untuk menyederhanakan berbagi informasi</p>\r\n	</li>\r\n	<li>\r\n	<p>Menghitung memori dan kecepatan persyaratan untuk sistem komputer</p>\r\n	</li>\r\n</ol>\r\n\r\n<h3>Ciri-ciri</h3>\r\n\r\n<hr />\r\n<ol>\r\n	<li>\r\n	<p>Memiliki kemampuan komunikasi verbal dan tertulis yang baik, termasuk keterampilan mendengar aktif.</p>\r\n	</li>\r\n	<li>\r\n	<p>Keterampilan kerja tim</p>\r\n	</li>\r\n	<li>\r\n	<p>Kemampuan interpesonal</p>\r\n	</li>\r\n	<li>\r\n	<p>Kemampuan Menganalisa yang kuat</p>\r\n	</li>\r\n	<li>\r\n	<p>Memiliki kemampuan meneliti</p>\r\n	</li>\r\n</ol>\r\n\r\n<h3>Siklus hidup pengembangan sistem</h3>\r\n\r\n<hr />\r\n<p>Siklus hidup pengembangan sistem (SDLC) adalah metode pengembangan sistem tradisional yang menggunakan organisasi untuk skala besar proyek IT. SDLC adalah kerangka kerja terstruktur yang terdiri dari proses sekuensial dimana suatu sistem informasi dikembangkan.</p>\r\n\r\n<ol>\r\n	<li>\r\n	<p>Perencanaan sistem<br />\r\n	Tahap Perencanaan adalah langkah yang paling penting dalam menciptakan sistem yang berhasil, pada tahap ini memutuskan apa yang ingin dilakukan dan jika ada masalah, upaya apa yang harus dilakukan untuk menyelesaikan masalah tersebut</p>\r\n	</li>\r\n	<li>\r\n	<p>Sistem Analisa<br />\r\n	Persyaratan pengguna akhir harus ditentukan dan didokumentasikan, apa harapan mereka untuk sistem, dan bagaimana hal itu akan tampil. Sebuah studi kelayakan akan dilakukan untuk sebuah proyek</p>\r\n	</li>\r\n	<li>\r\n	<p>Sistem Desain<br />\r\n	Tahap desain ini mendefinisikan elemen dari suatu sistem, komponen, tingkat keamanan, modul, arsitektur dan antarmuka yang berbeda dan jenis data yang masuk melalui sistem. Sebuah desain menentukan bagaimana sistem akan terlihat seperti dan bagaimana hal itu akan berfungsi, dan kemudian desain sistem rinci dan diperluas diproduksi, dan akan memenuhi semua kebutuhan fungsional dan teknis, logis dan fisik.</p>\r\n	</li>\r\n	<li>\r\n	<p>Implementasi<br />\r\n	Pada fase ini, sistem siap untuk digunakan dan diinstal di tempat pelanggan, siap menjadi berjalan, hidup dan produktif, pelatihan mungkin diperlukan untuk pengguna akhir untuk memastikan mereka tahu bagaimana menggunakan sistem dan untuk mendapatkan akrab dengan itu, tahap implementasi mungkin memakan waktu lama dan itu tergantung pada kompleksitas sistem dan solusi menyajikan.</p>\r\n	</li>\r\n	<li>\r\n	<p>Pengujian<br />\r\n	Pengujian menjadi lebih dan lebih penting untuk menjamin kepuasan pelanggan, dan tidak membutuhkan pengetahuan dalam coding, konfigurasi hardware atau desain. Pengujian dapat dilakukan oleh pengguna yang sesungguhnya atau oleh tim khusus<br />\r\n	Pengujian dapat menjadi sistematis dan otomatis untuk memastikan bahwa hasil aktual dibandingkan dan sama dengan hasil prediksi dan diinginkan.</p>\r\n	</li>\r\n	<li>\r\n	<p>Pemeliharaan<br />\r\n	Pada fase ini, sistem akan dilakukan untuk memastikan bahwa sistem tidak akan menjadi usang, hal ini mencakup menggantikan hardware lama dan terus menerus mengevaluasi kinerja sistem, itu juga termasuk memberikan update terbaru untuk komponen-komponen tertentu untuk memastikan memenuhi standar yang tepat dan teknologi terbaru untuk menghadapi ancaman keamanan saat ini.</p>\r\n	</li>\r\n</ol>\r\n\r\n<p>Enam tahapan System Development Life Cycle merupakan proses berulang untuk setiap proyek. Sangat penting untuk menyebutkan bahwa tingkat komunikasi yang baik harus dipertahankan dengan pelanggan, dan prototype sangat penting dan membantu ketika datang untuk memenuhi persyaratan. Dengan membangun sistem di iterasi pendek; kami dapat menjamin memenuhi kebutuhan pelanggan sebelum kita membangun seluruh sistem.</p>\r\n'),
	(3, 'Programmer', '<p>Apa saja yang harus dikuasai oleh programmer ?</p>\r\n\r\n<p>&nbsp;</p>\r\n\r\n<h3>1. Bahasa Pemrograman</h3>\r\n\r\n<p>Hal ini sangat dan amat wajib untuk dikuasai oleh seorang programmer karena bahasa pemrograman sudah seperti makanan sehari-hari.&nbsp;</p>\r\n\r\n<p>Tanpa bahasa pemrograman, seorang programmer tidak bisa melaksanakan tugasnya yaitu membuat sebuah aplikasi atau mengembangkan web kecuali web yang tanpa bahasa pemrograman sudah bisa dibuat, seperti&nbsp;<a href="http://blogger.com/" rel="noopener" target="_blank">blogger.com</a>, dan&nbsp;<a href="http://wordpress.com/" rel="noopener" target="_blank">wordpress.com</a>.&nbsp;</p>\r\n\r\n<p>Maka dari itu, seorang programmer harus menguasai bahasa pemrograman seperti Java, C++, C, C#, dan lain-lain untuk&nbsp;<em>mobile.</em>&nbsp;Sedangkan untuk web, saya sarankan untuk belajar HTML, PHP, CSS, JavaScript.&nbsp;</p>\r\n\r\n<p>Saran saya, lebih baik&nbsp;kuasai 2 atau 3 bahasa pemrograman saja tetapi mendalami daripada menguasai semua bahasa pemrograman tetapi yang dipelajari hanya kulitnya saja.&nbsp;</p>\r\n\r\n<p>Misalnya kamu ingin menguasai bahasa pemrograman berbasis desktop atau web. Maka kamu harus menguasai minimal 3 bahasa pemrograman untuk desktop atau 3 bahasa pemrograman untuk web.&nbsp;</p>\r\n\r\n<p>&nbsp;</p>\r\n\r\n<h3>2. Bahasa Inggris</h3>\r\n\r\n<p>Seorang programmer harus bisa menguasai bahasa inggris dikarenakan bahasa pemrograman yang terdiri dari perintah-perintah dalam bahasa inggris.&nbsp;</p>\r\n\r\n<p>Mengapa bahasa pemrograman itu memiliki perintah bahasa inggris ? Karena pencipta bahasa pemrograman pertama kalinya itu tinggal di negara dengan bahasa inggris.&nbsp;</p>\r\n\r\n<p>Logikanya begini&hellip;</p>\r\n\r\n<p>Bahasa pemrograman itu saya asumsikan sebagai turis.</p>\r\n\r\n<p>Anggap saja bahasa pemrograman itu turis yang berasal dari negara Inggris, kalau kita bisa menguasai bahasa inggris, pasti kita bisa berkomunikasi dengan sang turis tersebut.</p>\r\n\r\n<p>Begitulah kurang lebihnya tentang pentingnya memiliki kemampuan bahasa inggris untuk menjadi seorang programmer.</p>\r\n\r\n<p>Jadinya perintah dalam bahasa pemrograman pasti menggunakan bahasa inggris.</p>\r\n\r\n<p>&nbsp;</p>\r\n\r\n<h3>3. Logika Yang OK dan Kreativitas Yang Tinggi</h3>\r\n\r\n<p>Seorang programmer dituntut agar bisa menyelesaikan masalah atau membuat aplikasi yang beda dari aplikasi lainnya.&nbsp;</p>\r\n\r\n<p>Maka dari itu, seorang programmer harus mempunyai logika yang OK dan kreativitas yang tinggi supaya dapat menciptakan aplikasi yang berbeda namun tetap masuk akal (logis).&nbsp;</p>\r\n\r\n<p>Seseorang yang mempunyai logika yang tinggi cenderung lebih bisa menyelesaikan masalah lebih cepat bila dibandingkan dengan seseorang yang memiliki logika yang rendah.</p>\r\n\r\n<p>Logika sang programmer itu didapatkan pada saat pelajaran matematika.</p>\r\n\r\n<p>Pada jurusan Teknik Informatika, pasti ada mata kuliah yang berbau dengan yang namanya matematika.</p>\r\n\r\n<p>Mau tidak mau, anda harus bisa matematika agar logika anda bisa terlatih.</p>\r\n\r\n<p>&nbsp;</p>\r\n\r\n<h3>4. Ketelitian Yang Ekstra</h3>\r\n\r\n<p>Hal ini juga penting untuk dimiliki oleh seorang programmer, karena bahasa pemograman itu mempunyai sifat yang sensitif (case sensitive), jadinya kurang satu titik pun program tidak akan bisa jalan.&nbsp;</p>\r\n\r\n<p>Bayangkan jika seorang programmer kurang teliti, maka ia pasti akan pusing untuk melihat letak kesalahannya.&nbsp;</p>\r\n\r\n<p>Nah, itulah fungsi dari adanya debug/compile pada aplikasi untuk membuat program, yaitu untuk mencari letak kesalahan programmer dalam menulis sintaksnya.</p>\r\n\r\n<p>&nbsp;</p>\r\n\r\n<h3>5. Kesabaran Yang TOP</h3>\r\n\r\n<p>Ini juga tak kalah penting untuk dikuasai oleh seorang programmer. Programmer yang handal adalah programmer yang bisa menahan diri untuk sabar dalam menjalankan tugasnya yaitu<em>coding&nbsp;</em>atau nama lainnya adalah membuat aplikasi atau web dengan bahasa pemrograman.&nbsp;</p>\r\n\r\n<p>Programmer harus bisa bersabar ketika program yang dibuat masih salah, entah itu kurang sedikit syntax lagi ataupun yang lainnya.</p>\r\n\r\n<p>Karena dengan kesabaran, seorang programmer bisa tenang dalam menjalankan tugasnya. Tidak hanya programmer, setiap orang harus sabar dalam melaksanakan tugasnya.</p>\r\n\r\n<p>&nbsp;</p>\r\n\r\n<h3>6. Programmer Harus Rajin dan Pekerja Keras</h3>\r\n\r\n<p>Sebenarnya tidak hanya programmer, tetapi semua orang juga harus rajin dan bekerja keras untuk menekuni profesinya. Seperti kata pepatah, Rajin pangkal Pandai.&nbsp;</p>\r\n\r\n<p>Hal itulah yang membuat seseorang bisa berhasil dalam usahaya mencapai apa yang mereka inginkan. Karena 99% keberhasilan seseorang itu datangnya dari sikap yang rajin dan bekerja keras, dan sisanya 1% untuk doa.</p>\r\n'),
	(4, 'Tester', '<p>Penguji software atau aplikasi merupakan pekerjaan yang menjanjikan di masa sekarang. Salah satu alasannya karena perkembangan berbagai perangkat teknologi memaksa software dan aplikasi untuk mengimbangi perkembangan tetapi tanpa mengurangi kualitas dari software atau aplikasi tersebut. Jika kamu tertarik untuk menjadi penguji tester atau mungkin sudah menjadi penguji software tapi ingin meningkatkan kemampuan berarti kamu harus membaca artikel ini untuk mengetahui apa saja karakter yang wajib kamu miliki.</p>\r\n\r\n<p><strong>Selalu skeptis.</strong>&nbsp;Terdengar aneh tapi ini adalah karakter yang harus dimiliki jika ingin menjadi penguji software atau aplikasi yang baik. Yang dimaksud dengan selalu skeptic adalah ketika tim pengembang memberikan software atau aplikasi untuk duji dengan menggunakan&nbsp;<a href="http://www.quadras.co.id/">testing tool</a>&nbsp;jangan pernah berpikiran atau percaya kalau aplikasi tersebut bebas dari&nbsp;<em>bug</em>&nbsp;atau kualitasnya sudah sesuai dengan kualitas akhir yang diinginkan. Coba dan buktikan sendiri melalui pengujian.</p>\r\n\r\n<p><strong>Terbuka terhadap saran.&nbsp;</strong>Dengar masukan dan&nbsp;<em>feedback&nbsp;</em>dari orang lain sekalipun Anda yang menangani pengujian itu secara keseluruhan. Selalu da ruang untuk melakukan peningkat dan mendapatkan masukan dari sesama teman penguji aplikasi merupakan ide yang bagus. Terlebih jika&nbsp;<em>testing tool.</em></p>\r\n\r\n<p><strong>Mulai lebih awal.&nbsp;</strong>Biasakan untuk memulai pengujian lebih awal dengan melakukan analisa kebutuhan, menyiapkan studi kasus, rencana pengujian dan dokumen strategi pengujian untuk memastikan pengujian itu berjalan dengan lancar dan efisien. Semua persiapan ini akan berguna untuk mengantisipasi beberapa kemungkinan yang bisa terjadi ketika menggunakan&nbsp;<em>testing tool&nbsp;</em>&nbsp;tetapi sebenarnya bisa dihindari.</p>\r\n\r\n<p><strong>Kemampuan mengidentifikasi dan memahami risiko.&nbsp;</strong>Risiko akan selalu menjadi bagian dari pengujian. Langkah terbaik untuk menghadapinya adalah dengan mengelolanya atau yang biasa dikenal dengan istilah manajemen risiko. Manajemen risiko ini merupakan proses yang terdiri dari tiga langkah utama. Mengidentifikasi, menganalisa dan meringankannya.</p>\r\n\r\n<p><strong>Lakukan market research.&nbsp;</strong>Jangan pernah berpikir kalau seorang penguji software atau aplikasi hanya memiliki tanggjung jawab sebatas memvalidasi program sesuai dengan kebutuhan. Tidak ada salahnya menjadi lebih proaktif dengan melakukan&nbsp;<em>market research</em>&nbsp;sesuai dengan software atau aplikasi yang sedang diuji kemudian jangan ragu untuk memberikan masukan yang akan meningkatkan aplikasi tersebut. Market research ini bertujuan untuk memahami pasar lalu menyesuaikannya dengan produk yang sedang diuji.</p>\r\n'),
	(5, 'Technical Support', '<p><strong>Technical Support&nbsp;</strong>adalah seorang programmer juga yang berfokus pada merawat perangkat lunak setelah fase development selesai. bisa juga disebut sebagai software maintenance.</p>\r\n\r\n<p><em>Software maintenance</em>&nbsp;adalah suatu aktivitas yang sangat luas, mencakup semua pekerjaan yang dibuat di suatu sistem perangkat lunak setelah perangkat lunak beroperasi (Martin, 1983&nbsp;<em>dalam</em>&nbsp;Simarmata, 2010). Hal ini meliputi pengoreksian kesalahan, peningkatan, penambahan dan penghapusan kemampuan, adaptasi dalam perubahan kebutuhan data di lingkungan operasi, peningkatan dari pencapaian, kemampuan, atau kualitas yang lain.</p>\r\n\r\n<p>Pemeliharaan sistem (<em>system maintenance</em>) bertujuan untuk:</p>\r\n\r\n<ul>\r\n	<li><strong>Memperbaiki kesalahan</strong></li>\r\n</ul>\r\n\r\n<p>Penggunaan software sistem dapat mengungkapkan kesalahan (<em>bugs</em>) dalam software program atau kelemahan&nbsp;&nbsp;rancangan yang tidak terdeteksi dalam pengujian software sistem. Kesalahan-kesalahan ini dapat diperbaiki.</p>\r\n\r\n<ul>\r\n	<li><strong>Menjaga kemutakhiran&nbsp;<em>(up date)</em>sistem</strong></li>\r\n</ul>\r\n\r\n<p>Perubahan-perubahan sebagai akibat berlalunya waktu mengharuskan modifikasi dalam rancangan atau perangkat lunak (software).</p>\r\n\r\n<ul>\r\n	<li><strong>Meningkatkan sistem</strong></li>\r\n</ul>\r\n\r\n<p>Saat manajer menggunakan sistem, mereka melihat cara-cara membuat peningkatan.&nbsp;&nbsp;Saran-saran ini diteruskan kepada spesialis informasi yang memodifikasi sistem sesuai saran tersebut.</p>\r\n\r\n<p>Berdasarkan tujuannya,&nbsp;<em>software maintenance</em>&nbsp;dibagi menjadi beberapa kategori, yaitu:</p>\r\n\r\n<ul>\r\n	<li>Pemeliharaan korektif (<em>corrective maintenance</em>)</li>\r\n</ul>\r\n\r\n<p>Meliputi semua perubahan yang dibuat dengan mencabut secara nyata kesalahan perangkat lunak.</p>\r\n\r\n<ul>\r\n	<li>Pemeliharaan peningkatan kualitas software (<em>enhancement</em>)</li>\r\n	<li>Pemeliharaan peningkatan kinerja (<em>improvement</em>)</li>\r\n	<li>Pemeliharaan penyesuaian (<em>adaptative&nbsp;maintenance</em>)</li>\r\n</ul>\r\n\r\n<p>Meliputi perubahan yang diperlukan sebagai konsekuensi dari beberapa mutasi di lingkungan tempat sistem itu beroperasi, misalnya mengubah suatu system untuk membuat system tersebut dapat berjalan pada platform hardware baru, sistem operasi, DBMS, TP monitor, dan jaringan.</p>\r\n\r\n<ul>\r\n	<li>Pemeliharaan pencegahan (<em>preventive&nbsp;maintenance</em>)</li>\r\n</ul>\r\n\r\n<p>Isu utama dalam&nbsp;<em>software maintainability</em>&nbsp;suatu sistem informasi adalah aspek pengembangan sistem dan penjagaan sistem dari kerusakan. Software maintenance mengikuti siklus yang dimulai dari menentukan solusi untuk masalah yang ditemukan dan mengimplementasikannya. Salah satu bagian siklus itu adalah pengujian (<em>software testing</em>). Bahkan pengujian yang sangat teliti pada ratusan atau ribuan variabel dan program,&nbsp;<em>user</em>&nbsp;tetap bisa menemukan&nbsp;<em>bugs</em>&nbsp;dari program yang dikembangkan.</p>\r\n\r\n<ul>\r\n	<li>Pemeliharaan penyempurnaan (<em>perfective maintenance</em>)</li>\r\n</ul>\r\n\r\n<p>Mengacu pada perubahan yang dimulai dari permintaan&nbsp;<em>user</em>, contohnya penyisipan, penghapusan, perluasan dan modifikasi fungsi, penulisan ulang dokumentasi, peningkatan kinerja atau kemudahan penggunaan.</p>\r\n'),
	(6, 'Trainer', '<p>Bidang pekerjaan seorang IT Trainer adalah menyampaikan materi-materi pembelajaran yang terkait dengan bidang IT, atau dengan bahasa yang sederhana, bidang pekerjaan utamanya adalah &ldquo;mengajar&rdquo;.</p>\r\n\r\n<h3>Mengawali Karir</h3>\r\n\r\n<p>Jika ingin mencoba berkarir sebagai seorang IT Trainer, hal pertama yang harus diperhatikan adalah &ldquo;fokus&rdquo;. Misal kita ingin menjadi trainer untuk materi programming, maka persempit lagi materi tersebut sampai ke batas paling kecil. Jangan mentang-mentang sudah jadi programmer lantas menghajar semua materi programming yang ada. Jika hal ini terjadi maka biasanya kita tidak akan menguasai materi apapun namun hanya sedikit-sedikit saja. Ingatlah bahwa dunia IT itu teramat sangat luas. Jadi fokuslah dari hal yang paling kecil dan jika sudah mulai menguasai baru lanjutkan ke materi lainnya.</p>\r\n\r\n<p>Setelah menentukan pilihan materi, lanjutkan dengan melatih skill mengajar agar kita terbiasa untuk tampil dan berdiri didepan orang. Kenapa harus dilatih? karena sejujurnya urusan mengajar hingga orang lain bisa mengerti dan memahami apa yang kita sampaikan merupakan hal yang cukup sulit untuk dilakukan.</p>\r\n\r\n<p>Untuk melatih skill mengajar ini, banyak cara yang bisa kita lakukan, misalnya mencoba membuat grup-grup kecil kelompok belajar di kampus lalu kita menawarkan diri untuk menjadi instrukturnya. Atau bisa juga dengan mencoba melatih mata pelajaran komputer di sekolah-sekolah, di lab kampus, hingga ke LPK. Di awal karir, lupakanlah sejenak urusan uang. Dibayar ataupun tidak jangan dipermasalahkan, karena ilmu yang kita dapatkan saat awal-awal mengajar ini yang kelak bisa menjadi bekal ke tahap selanjutnya.</p>\r\n\r\n<p>Jika memang sudah merasa memiliki skill mengajar dan sudah punya keberanian untuk berdiri dan tampil didepan orang lain, barulah kita bisa mencoba untuk mulai mencari kesempatan mengajar di tingkat yang lebih tinggi lagi, misalnya dengan bergabung ke Training Center Professional ataupun menawarkan jasa layanan training ke perusahaan-perusahaan sebagai seorang freelance IT Trainer.</p>\r\n\r\n<h3>Sertifikasi</h3>\r\n\r\n<p>Sertifikasi IT memang tidak mutlak diperlukan, namun jika ada kesempatan, usahakan untuk mengambil sertifikasi ini, karena selain bisa menjadi nilai tambah dalam karir kita juga untuk menguji sudah sejauh mana pemahaman kita terkait dengan materi yang kita ajarkan.</p>\r\n\r\n<p>Lalu jika kebetulan ada kesempatan berikut sarana dan prasarananya, usahakan juga untuk mengambil sertifikat yang khusus diperuntukan bagi kalangan IT Trainer, misalnya seperti&nbsp;<strong>Microsoft Certified Trainer (MCT)</strong>,&nbsp;<strong>Certified Cisco Systems Instructor (CCSI)</strong>,&nbsp;<strong>CompTIA Certified Technical Trainer (CTT+)</strong>,&nbsp;<strong>Certified EC-Council Instructor</strong>, dlsb.</p>\r\n\r\n<p>Keuntungan utama bagi seorang IT Trainer jika memiliki sertifikat semacam ini adalah kemudahan untuk mendapatkan resource pembelajaran dari vendor yang bersangkutan.</p>\r\n\r\n<h3>Tantangan</h3>\r\n\r\n<p>Tantangan paling besar bagi seorang IT Trainer adalah harus selalu belajar dan belajar serta selalu tanggap dengan perkembangan teknologi terkini. Selain itu pengalaman lapangan juga mutlak dibutuhkan. Oleh karenanya, tidak heran jika banyak IT Trainer yang juga terlibat dalam beragam project IT. Tujuannya jelas untuk menambah wawasan, pengetahuan, serta pengalaman dalam menyampaikan materi pembelajaran kelak.</p>\r\n\r\n<h3>Rate</h3>\r\n\r\n<p>Berbicara tentang berapa sih rate bayaran seorang IT Trainer, jelas tidak ada ukuran ataupun standarisasi tertentu. Yang pasti, luasnya pengalaman lapangan, tingginya jam terbang mengajar, serta semakin banyaknya corporate yang menggunakan jasanya, maka sudah pasti ratenya akan semakin tinggi juga.</p>\r\n\r\n<h3>Menjalin Hubungan / Relasi</h3>\r\n\r\n<p>Seorang IT Trainer akan semakin dikenal jika banyak memiliki relasi. Nah, agar mendapat banyak relasi maka cara yang paling mudah saat ini adalah memanfaatkan fitur jejaring sosial / Social Media. Tulislah nama yang jelas berikut kemampuan mengajar pada profil kita di jejaring-jejaring sosial tersebut agar publik mengenal siapa dan apa profesi kita. Gunakan juga signature yang jelas dalam setiap email yang kita kirimkan. Dengan cara seperti ini maka orang-orang akan mudah menemukan kita saat hendak membutuhkan jasa training IT.</p>\r\n\r\n<h3>Berbagi Ilmu</h3>\r\n\r\n<p>Sebagai seorang trainer yang senantiasa menyampaikan materi pembelajaran, sangat disarankan jika di waktu-waktu luang yang ada ikut berbagi ilmu juga ke kalangan publik. Misalnya dengan menulis di blog, menulis ebook, menulis artikel di media cetak, dan lain sebagainya. Selain beramal, hal ini juga menjadi salah satu cara untuk meningkatkan pemahaman kita sekaligus untuk mengingat materi-materi yang kita pegang agar tidak mudah lupa. Dan yang paling utama adalah untuk meningkatkan kemampuan menulis kita. Ingatlah bahwa seorang IT Trainer juga harus terampil dalam menyusun sebuah modul pembelajaran yang terkait dengan materi yang akan diajarkan.</p>\r\n'),
	(7, 'Technical Sales', '<ul>\r\n	<li>Tugas dan Tanggung Jawab : * Membuat perencanaan dan mengatur taktik penjualan dari seluruh produk-produk yang diperdagangkan/ diwakili Perusahaan.</li>\r\n	<li>* Mengadakan kunjungan kepada Petenak pemakai dan calon pemakai untuk mempromosikan produk-produk yang diperdagangkan oleh Perusahaan.</li>\r\n	<li>* Membuat dan mengarahkan para Peternak dan Poultry Shops demi tercapainya target penjualan dari produk-produk tersebut di atas secara maksimal disertai kontrol yang baik terhadap batas kredit dan pembayaran dari masing-masing pelanggan.</li>\r\n	<li>* Mengadakan pengawasan atas persediaan barang, baik di tingkat Poultry Shop, Peternak maupun di tingkat Cabang.</li>\r\n	<li>* Membuat Laporan Penjualan dan perkembangan produk-produk yang dipromosikan.</li>\r\n	<li>* Membantu Poultry Shop mempromosikan produk tersebut di atas kepada peternaknya.</li>\r\n	<li>* Mengatasi keluhan dan kesulitan-kesulitan dari pelanggan di dalam pemakaian produk-produk tersebut di atas dalam rangka memantapkan pemasaran produk-produk tersebut.</li>\r\n	<li>* Memberikan Penyuluhan-penyuluhan kepada Peternak/ Kelompok Peternak dengan tujuan agar Peternak memahami secara teknis prinsip serta penggunaan produk-produk Perusahaan.</li>\r\n	<li>* Melakukan penagihan atas piutang yang sudah jatuh tempo dan mengusahakan agar selalu mencapai target Collection setiap bulan yang telah ditentukan.</li>\r\n	<li>&nbsp;</li>\r\n	<li>Tugas-tugas Khusus: * Khususnya untuk segi-segi teknis dari produk-produk Perusahaan, dari waktu ke waktu akan menerima training yang diberikan baik oleh Supplier maupun oleh staff Managemen Perusahaan.</li>\r\n	<li>* Menjalin hubungan kerja/ kerjasama yang baik dengan para pelanggan dalam jangka panjang dengan mengadakan kunjungan-kunjungan yang teratur ke lapangan.</li>\r\n	<li>* Terus menerus mengusahakan agar produk-produk Perusahaan memperoleh &ldquo;Market Share&rdquo; tertinggi di antara produk-produk pesaing.</li>\r\n	<li>* Memberitahu kepada atasan mengenai informasi-informasi pasar, harga-harga serta cara-cara promosi pesaing dari waktu ke waktu.</li>\r\n	<li>* Memberikan saran-saran yang positif demi pengembangan Perusahaan.</li>\r\n	<li>* Membuat rencana kerja yang teratur dan memberikan pertanggungjawaban perihal hasil pekerjaannya kepada atasannya.</li>\r\n	<li>* Mempertanggungjawabkan semua biaya-biaya pengeluaran sesuai dengan batas-batas yang telah ditetapkan.</li>\r\n	<li>&nbsp;</li>\r\n	<li>Kriteria Penilaian: * Keberhasilan mencapai Sales Target</li>\r\n	<li>* Keberhasilan dalam mengontrol batas waktu kredit para pelanggan dan melakukan penagihan dari faktur-faktur yang jatuh tempo.</li>\r\n	<li>* Hubungan baik dengan langganan dan rekan sekerja.</li>\r\n	<li>* Keberhasilan mengembangkan langganan-langganan baru.</li>\r\n	<li>* Inisiatif/ usul-usul yang positif demi tercapainya metode/ prosedur yang lebih baik.</li>\r\n	<li>* Ketepatan pelaksanaan tugas.</li>\r\n	<li>* Keberhasilan mengembangkan dan memantapkan Product Image di daerah yang diberikan kepada Saudara</li>\r\n</ul>\r\n');
/*!40000 ALTER TABLE `mbti_kelas` ENABLE KEYS */;

-- Dumping structure for table sppkti.mbti_pernyataan
CREATE TABLE IF NOT EXISTS `mbti_pernyataan` (
  `id_pernyataan` int(11) NOT NULL AUTO_INCREMENT,
  `dikotomi` varchar(50) NOT NULL,
  `atribut1` varchar(50) NOT NULL,
  `pernyataan1` text NOT NULL,
  `atribut2` varchar(50) NOT NULL,
  `pernyataan2` text NOT NULL,
  `status` int(1) NOT NULL DEFAULT '0',
  PRIMARY KEY (`id_pernyataan`)
) ENGINE=InnoDB AUTO_INCREMENT=82 DEFAULT CHARSET=latin1;

-- Dumping data for table sppkti.mbti_pernyataan: ~76 rows (approximately)
/*!40000 ALTER TABLE `mbti_pernyataan` DISABLE KEYS */;
INSERT INTO `mbti_pernyataan` (`id_pernyataan`, `dikotomi`, `atribut1`, `pernyataan1`, `atribut2`, `pernyataan2`, `status`) VALUES
	(2, '4', 'Perceiving', 'Spontan, Fleksibel, tidak diikat waktu', 'Judging', 'Terencana dan memiliki deadline jelas', 0),
	(3, '1', 'Introvert', 'Lebih memilih berkomunikasi dengan menulis', 'Extrovert', 'Lebih memilih berkomunikasi dengan bicara', 0),
	(4, '4', 'Judging', 'Tidak menyukai hal-hal yang bersifat mendadak dan di luar perencanaan', 'Perceiving', 'Perubahan mendadak tidak jadi masalah', 0),
	(5, '3', 'Thinking', 'Obyektif', 'Feeling', 'Subyektif', 0),
	(6, '1', 'Extrovert', 'Menemukan dan mengembangkan ide dengan mendiskusikannya', 'Introvert', 'Menemukan dan mengembangkan ide dengan merenungkan', 0),
	(7, '2', 'Intuition', 'Bergerak dari gambaran umum baru ke detail', 'Sensing', 'Bergerak dari detail ke gambaran umum sebagai kesimpulan akhir', 0),
	(8, '1', 'Extrovert', 'Berorientasi pada dunia eksternal (kegiatan, orang)', 'Introvert', 'Berorientasi pada dunia internal (memori, pemikiran, ide)', 0),
	(9, '2', 'Sensing', 'Berbicara mengenai masalah yang dihadapi hari ini dan langkah-langkah praktis mengatasinya', 'Intuition', 'Berbicara mengenai visi masa depan dan konsep-konsep mengenai visi tersebut', 0),
	(10, '3', 'Feeling', 'Diyakinkan dengan penjelasan yang menyentuh perasaan', 'Thinking', 'Diyakinkan dengan penjelasan yang masuk akal', 0),
	(11, '1', 'Introvert', 'Fokus pada sedikit hobi namun mendalam', 'Extrovert', 'Fokus pada banyak hobi secara luas dan umum', 0),
	(12, '1', 'Introvert', 'Tertutup dan mandiri', 'Extrovert', 'Sosial dan ekspresif', 0),
	(13, '4', 'Perceiving', 'Aturan, jadwal dan target sangat mengikat dan membebani', 'Judging', 'Aturan, jadwal dan target akan sangat membantu dan memperjelas tindakan', 0),
	(14, '2', 'Sensing', 'Menggunakan pengalaman sebagai pedoman', 'Intuition', 'Menggunakan imajinasi dan perenungan sebagai pedoman', 0),
	(15, '3', 'Thinking', 'Berorientasi tugas dan job description', 'Feeling', 'Berorientasi pada manusia dan hubungan', 0),
	(16, '1', 'Introvert', 'Pertemuan dengan orang lain dan aktivitas sosial melelahkan', 'Extrovert', 'Bertemu orang dan aktivitas sosial membuat bersemangat', 0),
	(17, '2', 'Sensing', 'SOP sangat membantu', 'Intuition', 'SOP sangat membosankan', 0),
	(18, '3', 'Thinking', 'Mengambil keputusan berdasar logika dan aturan main', 'Feeling', 'Mengambil keputusan berdasar perasaan pribadi dan kondisi orang lain', 0),
	(19, '2', 'Intuition', 'Bebas dan dinamis', 'Sensing', 'Prosedural dan tradisional', 0),
	(20, '4', 'Judging', 'Berorientasi pada hasil', 'Perceiving', 'Berorientasi pada proses', 0),
	(21, '1', 'Introvert', 'Beraktifitas sendirian di rumah menyenangkan', 'Extrovert', 'Beraktifitas sendirian di rumah membosankan', 0),
	(22, '4', 'Perceiving', 'Membiarkan orang lain bertindak bebas asalkan tujuan tercapai', 'Judging', 'Mengatur orang lain dengan tata tertib agar tujuan tercapai', 0),
	(23, '2', 'Intuition', 'Memilih ide inspiratif lebih penting daripada fakta', 'Sensing', 'Memilih fakta lebih penting daripada ide inspiratif', 0),
	(24, '3', 'Thinking', 'Mengemukakan tujuan dan sasaran lebih dahulu', 'Feeling', 'Mengemukakan kesepakatan terlebih dahulu', 0),
	(25, '4', 'Judging', 'Fokus pada target dan mengabaikan hal-hal baru', 'Perceiving', 'Memperhatikan hal-hal baru dan siap menyesuaikan diri serta mengubah target', 0),
	(26, '2', 'Sensing', 'Kontinuitas dan stabilitas lebih diutamakan', 'Intuition', 'Perubahan dan variasi lebih diutamakan', 0),
	(27, '4', 'Perceiving', 'Pendirian masih bisa berubah tergantung situasi nantinya', 'Judging', 'Berpegang teguh pada pendirian', 0),
	(28, '2', 'Sensing', 'Bertindak step by step dengan timeframe yang jelas', 'Intuition', 'Bertindak dengan semangat tanpa menggunakan timeframe', 0),
	(29, '1', 'Extrovert', 'Berinisiatif tinggi hampir dalam berbagai hal meskipun tidak berhubungan dengan dirinya', 'Introvert', 'Berinisiatif bila situasi memaksa atau berhubungan dengan kepentingan sendiri', 0),
	(30, '1', 'Introvert', 'Lebih memilih tempat yang tenang dan pribadi untuk berkonsentrasi', 'Extrovert', 'Lebih memilih tempat yang ramai dan banyak interaksi / aktifitas', 0),
	(31, '3', 'Thinking', 'Menganalisa', 'Feeling', 'Berempati', 0),
	(32, '1', 'Introvert', 'Berpikir secara matang sebelum bertindak', 'Extrovert', 'Berani bertindak tanpa terlalu lama berfikir', 0),
	(33, '3', 'Feeling', 'Menghargai seseorang karena sifat dan perilakunya', 'Thinking', 'Menghargai seseorang karena skill dan faktor teknis', 0),
	(34, '4', 'Perceiving', 'Merasa nyaman bila situasi tetap terbuka terhadap pilihan-pilihan lain', 'Judging', 'Merasa tenang bila semua sudah diputuskan', 0),
	(35, '2', 'Sensing', 'Menarik kesimpulan dengan lama dan hati-hati', 'Intuition', 'menarik kesimpulan dengan cepat sesuai naluri', 0),
	(36, '1', 'Extrovert', 'Mengekspresikan semangat', 'Introvert', 'Menyimpan semangat dalam hati', 0),
	(37, '2', 'Sensing', 'Mengklarifikasi ide dan teori sebelum dipraktekkan', 'Intuition', 'Memahami ide dan teori saat mempraktekkannya langsung', 0),
	(38, '3', 'Thinking', 'Melibatkan perasaan itu tidak profesional', 'Feeling', 'Terlalu kaku pada peraturan dan pekerjaan itu kejam', 0),
	(39, '1', 'Introvert', 'Mencari kesempatan untuk berkomunikasi secara perorangan', 'Extrovert', 'Memilih berkomunikasi pada sekelompok orang', 0),
	(40, '3', 'Feeling', 'Yang penting situasi harmonis terjaga', 'Thinking', 'Yang penting tujuan tercapai', 0),
	(41, '4', 'Perceiving', 'Ketidakpastian itu seru, menegangkan dan membuat hati lebih senang', 'Judging', 'Ketidakpastian membuat bingung dan meresahkan', 0),
	(42, '2', 'Sensing', 'Berfokus pada masa kini (apa yang bisa diperbaiki sekarang)', 'Intuition', 'Berfokus pada masa depan (apa yang mungkin dicapai di masa depan)', 0),
	(43, '3', 'Thinking', 'Mempertanyakan', 'Feeling', 'Mengakomodasi', 0),
	(44, '2', 'Sensing', 'Secara konsisten mengamati dan mengingat detail', 'Intuition', 'Mengamati dan mengingat detail hanya bila berhubungan dengan pola', 0),
	(45, '4', 'Perceiving', 'Situasi last minute membuat bersemangat dan memunculkan potensi', 'Judging', 'Situasi last minute sangat menyiksa, membuat stress dan merupakan kesalahan', 0),
	(46, '1', 'Introvert', 'Lebih suka komunikasi tidak langsung (telp, surat, e-mail)', 'Extrovert', 'Lebih suka komunikasi langsung (tatap muka)', 0),
	(47, '2', 'Sensing', 'Praktis', 'Intuition', 'Konseptual', 0),
	(48, '4', 'Judging', 'Perubahan adalah musuh', 'Perceiving', 'Perubahan adalah semangat hidup', 0),
	(49, '3', 'Thinking', 'Sering dianggap keras kepala', 'Feeling', 'Sering dianggap terlalu memihak', 0),
	(50, '3', 'Feeling', 'Bersemangat saat menolong orang keluar dari kesalahan dan meluruskan', 'Thinking', 'Bersemangat saat mengkritik dan menemukan kesalahan', 0),
	(51, '4', 'Perceiving', 'Bertindak sesuai situasi dan kondisi yang terjadi saat itu', 'Judging', 'Bertindak sesuai apa yang sudah direncanakan', 0),
	(52, '2', 'Sensing', 'Menggunakan keterampilan yang sudah dikuasai', 'Intuition', 'Menyukai tantangan untuk menguasai keterampilan baru', 0),
	(53, '1', 'Extrovert', 'Membangun ide pada saat berbicara', 'Introvert', 'Membangun ide dengan matang baru membicarakannya', 0),
	(54, '2', 'Sensing', 'Memilih cara yang sudah ada dan sudah terbukti', 'Intuition', 'Memilih cara yang unik dan belum dipraktekkan orang lain', 0),
	(55, '4', 'Judging', 'Hidup harus sudah diatur dari awal', 'Perceiving', 'Hidup seharusnya mengalir sesuai kondisi', 0),
	(56, '3', 'Thinking', 'Standar harus ditegakkan di atas segalanya (itu menunjukkan kehormatan dan harga diri)', 'Feeling', 'Perasaan manusia lebih penting dari sekadar standar (yang adalah benda mati)', 0),
	(57, '4', 'Judging', 'Daftar dan checklist adalah panduan penting', 'Perceiving', 'Daftar dan checklist adalah tugas dan beban', 0),
	(58, '3', 'Thinking', 'Menuntut perlakuan yang adil dan sama pada semua orang', 'Feeling', 'Menuntut perlakuan khusus sesuai karakteristik masing-masing orang', 0),
	(59, '3', 'Thinking', 'Mementingkan sebab-akibat', 'Feeling', 'Mementingkan nilai-nilai personal', 0),
	(60, '4', 'Perceiving', 'Puas ketika mampu beradaptasi dengan momentum yang terjadi', 'Judging', 'Puas ketika mampu menjalankan semuanya sesuai rencana', 0),
	(61, '1', 'Extrovert', 'Spontan, Easy Going, fleksibel', 'Introvert', 'Berhati-hati, penuh pertimbangan, kaku', 0),
	(62, '1', 'Extrovert', 'Menjawab suatu pertanyaan dengan cepat dan kadang2 tanpa berpikir panjang', 'Introvert', 'Lebih suka berpikir banyak sebelum menjawab atau menyampaikan pendapat', 1),
	(63, '1', 'Extrovert', 'Penuh percaya diri dalam mencoba sesuatu', 'Introvert', 'Lebih dahulu perlu memahami secara mendalam sesuatu sebelum mencobanya', 1),
	(64, '1', 'Extrovert', 'Ingin menemukan apa yang orang lain harapkan dari saya', 'Introvert', 'Ingin melakukan segala sesuatunya sesuai dengan cara saya sendiri', 1),
	(65, '1', 'Extrovert', 'Menemukan kekuatan penuh ketika berada ditengah orang banyak, seperti ketika berada di pesta', 'Introvert', 'Menjadi tidak tenang ketika berada  ditengah orang banyak dan rasanya lebih baik menjauh dan menyendiri untuk berpikir tentang diri sendiri', 1),
	(66, '1', 'Extrovert', 'Senang dengan banyak fariasi dan aktif dalam banyak kegiatan', 'Introvert', 'Senang dengan tempat yang tenang dimana saya dapat berefleksi tanpa terganggu', 1),
	(67, '2', 'Sensing', 'Senang memperhatikan dalam hal-hal detaildan membiarkan semuanya seperti apa', 'Intuition', 'Cenderung mengabaikan bagian detail dan lebih cenderun untuk mencari arti yang tersembunyi dibalik semua itu', 1),
	(68, '2', 'Sensing', 'Senang memeriksa, mengontrol dan berusaha menemukan banyak informasi sejauh yang  saya bisa', 'Intuition', 'Menjadi kurang sabar dalam hal-hal rutin, pengulangan-pengulangan dan semua hal yang lamban dalam kegiatan', 1),
	(69, '2', 'Sensing', 'Menerima dan menikmati sesuatu sebagaimana adanya, merekam peristiwa-peristiwa masa lalu dan belajar kombinasi dua hal diatas satu rasa kebersamaan', 'Intuition', 'Menduga segala sesuatu dalam terang pengetahuan', 1),
	(70, '2', 'Sensing', 'Orang realistis dan praktis', 'Intuition', 'Orang yang penuh imajinasi dan daya cipta', 1),
	(71, '2', 'Sensing', 'Jarang mengandalkan inspirasi untuk maju kedepan', 'Intuition', 'Memiliki energi banyak dengan beberapa keluwesan diantaranya', 1),
	(72, '3', 'Thinking', 'Lebih membutuhkan peraturan-peraturan yang adil untuk apa ayng sedang saya kerjakan', 'Feeling', 'Harmoni adalah nilai hidup yang paling penting dalam hidup saya', 1),
	(73, '3', 'Thinking', 'Berusaha untuk menganalisis secara logis fakta-fakta dalam membuat suatu keputusan', 'Feeling', 'Berfikir tentang apa yang terbaik bagi semua orang dalam hubungan dengan suatu keputusan', 1),
	(74, '3', 'Thinking', 'Mengenal orang banyak yang sangat halus dan emosional dalam membuat suatu keputusan', 'Feeling', 'Terluka oleh orang-orang yang cenderung menganalisis atau membuat pernyataan-pernyataan dingin ketika saya membutuhkan pemahaman dan pengetahuan', 1),
	(75, '3', 'Thinking', 'Menerima dengan sukarela dan jujur kritik-kritik sebagai suatu yang alamiah dan bagian dari persahabatan', 'Feeling', 'Berusaha menghindari pertentangan dan merasa sangat tidak tenang ketika menerima kritikan', 1),
	(76, '3', 'Thinking', 'Sering mengalami kesulitan dalam mengekspresikan emosi-emosi dalam pengalaman saya secara bebas', 'Feeling', 'Gampang mengekspresikan perasaan-perasaan saya dan gampang pula mengerti perasaan orang lain', 1),
	(77, '4', 'Judging', 'Cenderung dikendalikan oleh peristiwa-peristiwa hidup saya dan menerima semua peristiwa itu sebagaimana seharusnya', 'Perceiving', 'Perlu memahami peristiwa-peristiwa dalam hidup saya dan akrena itu saya membutuhkan banyak waktu sebelum membuat keputusan', 1),
	(78, '4', 'Judging', 'Gampang berubah pikiran', 'Perceiving', 'Lamban memutuskan sesuatu dan lamban pula mengubah pikiran', 1),
	(79, '4', 'Judging', 'Membutuhkan jadwal dan peraturan yang tetap dalam melakukan sesuatu', 'Perceiving', 'Cenderung lebih bebas dalam melakukan sesuatu', 1),
	(80, '4', 'Judging', 'Menyusun waktu dan prioritas dengan rapi sebelum memulai dan menyelesaikan', 'Perceiving', 'Menunda-nunda pekerjaan hingga saat-saat terakhir', 1),
	(81, '4', 'Judging', 'Lebih senang dengan teman-teman yang turut berpartisipasi dalam cita-cita dan norma-norma saya', 'Perceiving', 'Memilih teman-teman yang memiliki minat yang sama dengan mereka saya gampang membagikan pengalaman-pengalaman hidup umum saya', 1);
/*!40000 ALTER TABLE `mbti_pernyataan` ENABLE KEYS */;

-- Dumping structure for table sppkti.qbank
CREATE TABLE IF NOT EXISTS `qbank` (
  `qid` int(11) NOT NULL AUTO_INCREMENT,
  `question` text NOT NULL,
  `description` text NOT NULL,
  `id_unit` varchar(5) NOT NULL,
  PRIMARY KEY (`qid`),
  KEY `id_unit` (`id_unit`),
  CONSTRAINT `FK_qbank_skkni_unit` FOREIGN KEY (`id_unit`) REFERENCES `skkni_unit` (`id_unit`)
) ENGINE=InnoDB AUTO_INCREMENT=21 DEFAULT CHARSET=latin1;

-- Dumping data for table sppkti.qbank: ~9 rows (approximately)
/*!40000 ALTER TABLE `qbank` DISABLE KEYS */;
INSERT INTO `qbank` (`qid`, `question`, `description`, `id_unit`) VALUES
	(12, '<p>tes matching quiz</p>\r\n', '<p>asdfasdfas</p>\r\n', 'UK001'),
	(13, '<p>soal ke 2</p>\r\n', '<p>2</p>\r\n', 'UK002'),
	(14, '<p>soal library</p>\r\n', '<p>3</p>\r\n', 'UK003'),
	(15, '<p>tes uk001</p>\r\n', '', 'UK001'),
	(16, '<p>tes lagi uk001</p>\r\n', '', 'UK001'),
	(17, '<p>mulai tes uk002</p>\r\n', '', 'UK002'),
	(18, '<p>tes lagi yuk uk002</p>\r\n', '', 'UK002'),
	(19, '<p>sekarang tes uk003</p>\r\n', '', 'UK003'),
	(20, '<p>testes uk003</p>\r\n', '', 'UK003');
/*!40000 ALTER TABLE `qbank` ENABLE KEYS */;

-- Dumping structure for table sppkti.quiz
CREATE TABLE IF NOT EXISTS `quiz` (
  `quid` int(11) NOT NULL AUTO_INCREMENT,
  `quiz_name` varchar(100) NOT NULL,
  `description` text NOT NULL,
  `id_skema` varchar(5) NOT NULL,
  `start_time` int(11) NOT NULL,
  `end_time` int(11) NOT NULL,
  `duration` int(11) NOT NULL,
  `pass_percentage` varchar(5) NOT NULL,
  `test_type` int(1) NOT NULL,
  `credit` varchar(10) NOT NULL,
  `view_answer` enum('1','0') NOT NULL,
  `max_attempts` int(3) NOT NULL,
  `correct_score` varchar(1000) NOT NULL,
  `incorrect_score` varchar(1000) NOT NULL,
  `qids_static` text,
  `qselect` int(11) NOT NULL DEFAULT '1',
  `camera_req` int(1) NOT NULL DEFAULT '0',
  `pract_test` int(11) NOT NULL DEFAULT '0',
  `status` enum('ACTIVE','INACTIVE') NOT NULL,
  PRIMARY KEY (`quid`),
  KEY `id_skema` (`id_skema`),
  CONSTRAINT `FK_quiz_skkni_skema` FOREIGN KEY (`id_skema`) REFERENCES `skkni_skema` (`id_skema`)
) ENGINE=InnoDB AUTO_INCREMENT=21 DEFAULT CHARSET=latin1;

-- Dumping data for table sppkti.quiz: ~17 rows (approximately)
/*!40000 ALTER TABLE `quiz` DISABLE KEYS */;
INSERT INTO `quiz` (`quid`, `quiz_name`, `description`, `id_skema`, `start_time`, `end_time`, `duration`, `pass_percentage`, `test_type`, `credit`, `view_answer`, `max_attempts`, `correct_score`, `incorrect_score`, `qids_static`, `qselect`, `camera_req`, `pract_test`, `status`) VALUES
	(2, 'coba ujian', '<p>coba doang</p>\r\n', 'SK01', 1476655200, 1476914340, 119, '9', 0, '0', '1', 100, '1', '0', '15,11,6,12', 0, 0, 0, 'INACTIVE'),
	(4, 'tes css', '', 'SK01', 1476741600, 1477691940, 123, '10', 0, '0', '0', 6, '1', '0', NULL, 0, 0, 0, 'INACTIVE'),
	(5, 'tes css', '', 'SK01', 1476741600, 1477691940, 123, '10', 0, '0', '0', 6, '1', '0', '15,12,11,2', 0, 0, 0, 'INACTIVE'),
	(7, 'tes hardskill 3 komponen penting', '<p>terdiri dari 3 bagian penting dari jurusan TI dalam bidang programming, yaitu Algoritma, Database, dan Desain</p>\r\n', 'SK03', 1475276400, 1477958400, 600, '20', 0, '0', '1', 100, '1', '0', '16,17,18,19,20,21,22,23,24', 0, 0, 0, 'INACTIVE'),
	(8, 'tes kecepatan waktu', '<p>siapkah untuk bisa menyelesaikan jawaban dengan waktu singkat?</p>\r\n', 'SK01', 1451606400, 1478131200, 14, '5', 0, '0', '1', 30, '1', '0', '24,23,21,18,17', 0, 0, 0, 'INACTIVE'),
	(9, 'aaa', 'aaa', 'SK01', 0, 0, 11, '11', 0, '', '1', 0, '1', '0', '13', 0, 0, 0, 'INACTIVE'),
	(10, 'Tes Analyst Programmer', 'Tes kemampuan berdasarkan unit kerja dari skema Analyst Programmer', 'SK01', 1475276400, 1700000000, 120, '75', 0, '0', '1', 1, '1', '0', '13,12,14,18,16,19,17,15,20', 0, 0, 0, 'ACTIVE'),
	(11, 'Tes Junior Programmer', 'Tes kemampuan berdasarkan unit kerja dari skema Junior Programmer', 'SK02', 1475276400, 1700000000, 120, '75', 0, '0', '1', 1, '1', '0', '13,12,14,18,16,19,17,15,20', 0, 0, 0, 'ACTIVE'),
	(12, 'Tes Programmer', 'Tes kemampuan berdasarkan unit kerja dari skema Programmer', 'SK03', 1475276400, 1700000000, 120, '75', 0, '0', '1', 1, '1', '0', '13,12,14,18,16,19,17,15,20', 0, 0, 0, 'ACTIVE'),
	(13, 'Tes Junior Database Programmer', 'Tes kemampuan berdasarkan unit kerja dari skema Junior Database Programmer', 'SK04', 1475276400, 1700000000, 120, '75', 0, '0', '1', 1, '1', '0', '13,12,14,18,16,19,17,15,20', 0, 0, 0, 'ACTIVE'),
	(14, 'Tes Database Programmer', 'Tes kemampuan berdasarkan unit kerja dari skema Database Programmer', 'SK05', 1475276400, 1700000000, 120, '75', 0, '0', '1', 1, '1', '0', '13,12,14,18,16,19,17,15,20', 0, 0, 0, 'ACTIVE'),
	(15, 'Tes Junior Web Programmer', 'Tes kemampuan berdasarkan unit kerja dari skema Junior Web Programmer', 'SK06', 1475276400, 1700000000, 120, '75', 0, '0', '1', 1, '1', '0', '13,12,14,18,16,19,17,15,20', 0, 0, 0, 'ACTIVE'),
	(16, 'Tes Web Programmer', 'Tes kemampuan berdasarkan unit kerja dari skema Web Programmer', 'SK07', 1475276400, 1700000000, 120, '75', 0, '0', '1', 1, '1', '0', '13,12,14,18,16,19,17,15,20', 0, 0, 0, 'ACTIVE'),
	(17, 'Tes Junior Mobile Programmer', 'Tes kemampuan berdasarkan unit kerja dari skema Junior Mobile Programmer', 'SK08', 1475276400, 1700000000, 120, '75', 0, '0', '1', 1, '1', '0', '13,12,14,18,16,19,17,15,20', 0, 0, 0, 'ACTIVE'),
	(18, 'Tes Mobile Programmer', 'Tes kemampuan berdasarkan unit kerja dari skema Mobile Programmer', 'SK09', 1475276400, 1700000000, 120, '75', 0, '0', '1', 1, '1', '0', '13,12,14,18,16,19,17,15,20', 0, 0, 0, 'ACTIVE'),
	(19, 'Tes Client Server Programmer', 'Tes kemampuan berdasarkan unit kerja dari skema Client Server Programmer', 'SK10', 1475276400, 1700000000, 120, '75', 0, '0', '1', 1, '1', '0', '13,12,14,18,16,19,17,15,20', 0, 0, 0, 'ACTIVE'),
	(20, 'Tes Cloud Programmer', 'Tes kemampuan berdasarkan unit kerja dari skema Cloud Programmer', 'SK11', 1475276400, 1700000000, 120, '75', 0, '0', '1', 1, '1', '0', '13,12,14,18,16,19,17,15,20', 0, 0, 0, 'ACTIVE');
/*!40000 ALTER TABLE `quiz` ENABLE KEYS */;

-- Dumping structure for table sppkti.quiz_result
CREATE TABLE IF NOT EXISTS `quiz_result` (
  `rid` int(11) NOT NULL AUTO_INCREMENT,
  `urid` int(11) NOT NULL,
  `quid` int(11) NOT NULL,
  `qids` text NOT NULL,
  `id_unit` varchar(1000) DEFAULT NULL,
  `qids_range` varchar(1000) DEFAULT NULL,
  `oids` text NOT NULL,
  `start_time` int(11) NOT NULL,
  `end_time` int(11) NOT NULL,
  `last_response` int(11) NOT NULL,
  `time_spent` int(11) NOT NULL,
  `time_spent_ind` text NOT NULL,
  `score` float NOT NULL,
  `percentage` float NOT NULL DEFAULT '0',
  `q_result` int(11) NOT NULL,
  `status` int(11) NOT NULL DEFAULT '0',
  `score_ind` varchar(2000) NOT NULL,
  PRIMARY KEY (`rid`),
  KEY `uid` (`urid`),
  KEY `quid` (`quid`),
  CONSTRAINT `FK_quiz_result_quiz` FOREIGN KEY (`quid`) REFERENCES `quiz` (`quid`),
  CONSTRAINT `FK_quiz_result_result` FOREIGN KEY (`urid`) REFERENCES `result` (`id`)
) ENGINE=InnoDB AUTO_INCREMENT=27 DEFAULT CHARSET=latin1;

-- Dumping data for table sppkti.quiz_result: ~20 rows (approximately)
/*!40000 ALTER TABLE `quiz_result` DISABLE KEYS */;
INSERT INTO `quiz_result` (`rid`, `urid`, `quid`, `qids`, `id_unit`, `qids_range`, `oids`, `start_time`, `end_time`, `last_response`, `time_spent`, `time_spent_ind`, `score`, `percentage`, `q_result`, `status`, `score_ind`) VALUES
	(5, 32, 10, '13,12,14,18,16,19,17,15,20', 'UK002,UK001,UK003', '0-2,3-5,6-8', '23,17,25,43,33,44,36,30,49', 1494384689, 1494384748, 1494384689, 59, '7,3,3,3,3,3,3,3,0', 7, 77.7778, 1, 1, '0,0,1,1,1,1,1,1,1'),
	(6, 32, 10, '13,12,14,18,16,19,17,15,20', 'UK002,UK001,UK003', '0-2,3-5,6-8', '21,18,25,42,35,44,39,31,51', 1494384841, 1494384877, 1494384841, 36, '9,3,3,3,3,2,3,2,0', 2, 22.2222, 1, 1, '0,0,1,0,0,1,0,0,0'),
	(7, 33, 10, '13,12,14,18,16,19,17,15,20', 'UK002,UK001,UK003', '0-2,3-5,6-8', '23,19,25,43,35,46,36,31,51', 1494385011, 1494385040, 1494385011, 29, '8,2,3,2,1,2,2,3,0', 3, 33.3333, 1, 1, '0,0,1,1,0,0,1,0,0'),
	(8, 33, 10, '13,12,14,18,16,19,17,15,20', 'UK002,UK001,UK003', '0-2,3-5,6-8', '20,16,24,41,34,46,38,31,51', 1494385047, 1494385076, 1494385047, 29, '6,3,2,1,3,2,2,3,0', 2, 22.2222, 1, 1, '1,1,0,0,0,0,0,0,0'),
	(9, 33, 10, '13,12,14,18,16,19,17,15,20', 'UK002,UK001,UK003', '0-2,3-5,6-8', '20,18,25,43,33,44,36,30,49', 1494385159, 1494385223, 1494385159, 64, '21,4,2,5,3,3,7,4,0', 8, 88.8889, 1, 1, '1,0,1,1,1,1,1,1,1'),
	(10, 33, 10, '13,12,14,18,16,19,17,15,20', 'UK002,UK001,UK003', '0-2,3-5,6-8', '22,18,26,41,33,46,38,29,48', 1494560721, 1494560751, 1494560721, 30, '4,3,3,3,1,3,2,3,0', 1, 11.1111, 1, 1, '0,0,0,0,1,0,0,0,0'),
	(11, 33, 10, '13,12,14,18,16,19,17,15,20', 'UK002,UK001,UK003', '0-2,3-5,6-8', '23,0,0,0,0,0,0,0,0', 1508473526, 0, 1508473526, 601, '8,0,0,0,0,0,0,0,0', 0, 0, 0, 0, ''),
	(12, 33, 10, '13,12,14,18,16,19,17,15,20', 'UK002,UK001,UK003', '0-2,3-5,6-8', '0,0,0,0,0,0,0,0,0', 1508589341, 1508589693, 1508589341, 1596, '2,0,2,0,2,0,4,0,0', 0, 0, 0, 1, '0,0,0,0,0,0,0,0,0,'),
	(13, 33, 10, '13,12,14,18,16,19,17,15,20', 'UK002,UK001,UK003', '0-2,3-5,6-8', '0,0,0,0,0,0,0,0,0', 1508717425, 0, 1508717425, 122, '0,0,0,0,0,0,0,0,0', 0, 0, 0, 0, ''),
	(14, 33, 10, '13,12,14,18,16,19,17,15,20', 'UK002,UK001,UK003', '0-2,3-5,6-8', '0,0,0,0,0,0,0,0,0', 1514358288, 0, 1514358288, 31, '0,0,0,0,0,0,0,0,0', 0, 0, 0, 0, ''),
	(16, 333, 18, '13,12,14,18,16,19,17,15,20', 'UK002,UK001,UK003', '0-2,3-5,6-8', '0,0,0,0,0,0,0,0,0', 1514358288, 0, 1514358288, 31, '0,0,0,0,0,0,0,0,0', 0, 62.49, 0, 0, ''),
	(17, 333, 17, '13,12,14,18,16,19,17,15,20', 'UK002,UK001,UK003', '0-2,3-5,6-8', '0,0,0,0,0,0,0,0,0', 1514358288, 0, 1514358288, 31, '0,0,0,0,0,0,0,0,0', 0, 60.49, 0, 0, ''),
	(18, 333, 19, '13,12,14,18,16,19,17,15,20', 'UK002,UK001,UK003', '0-2,3-5,6-8', '0,0,0,0,0,0,0,0,0', 1514358288, 0, 1514358288, 31, '0,0,0,0,0,0,0,0,0', 0, 70.49, 0, 0, ''),
	(19, 333, 18, '13,12,14,18,16,19,17,15,20', 'UK002,UK001,UK003', '0-2,3-5,6-8', '0,0,0,0,0,0,0,0,0', 1548994752, 1548994773, 1548994752, 1482, '0,0,0,0,0,0,0,0,0', 0, 0, 1, 1, '0,0,0,0,0,0,0,0,0,'),
	(20, 334, 13, '13,12,14,18,16,19,17,15,20', 'UK002,UK001,UK003', '0-2,3-5,6-8', '0,0,0,0,0,0,0,0,0', 1514358288, 0, 1514358288, 31, '0,0,0,0,0,0,0,0,0', 0, 87.4, 0, 0, ''),
	(21, 334, 14, '13,12,14,18,16,19,17,15,20', 'UK002,UK001,UK003', '0-2,3-5,6-8', '0,0,0,0,0,0,0,0,0', 1514358288, 0, 1514358288, 31, '0,0,0,0,0,0,0,0,0', 0, 89.1, 0, 0, ''),
	(22, 334, 16, '13,12,14,18,16,19,17,15,20', 'UK002,UK001,UK003', '0-2,3-5,6-8', '0,0,0,0,0,0,0,0,0', 1514358288, 0, 1514358288, 31, '0,0,0,0,0,0,0,0,0', 0, 70, 0, 0, ''),
	(23, 335, 10, '13,12,14,18,16,19,17,15,20', 'UK002,UK001,UK003', '0-2,3-5,6-8', '0,0,0,0,0,0,0,0,0', 1514358288, 0, 1514358288, 31, '0,0,0,0,0,0,0,0,0', 0, 65.5, 0, 0, ''),
	(24, 335, 12, '13,12,14,18,16,19,17,15,20', 'UK002,UK001,UK003', '0-2,3-5,6-8', '0,0,0,0,0,0,0,0,0', 1514358288, 0, 1514358288, 31, '0,0,0,0,0,0,0,0,0', 0, 83.2, 0, 0, ''),
	(25, 335, 14, '13,12,14,18,16,19,17,15,20', 'UK002,UK001,UK003', '0-2,3-5,6-8', '0,0,0,0,0,0,0,0,0', 1514358288, 0, 1514358288, 31, '0,0,0,0,0,0,0,0,0', 0, 73, 0, 0, '');
/*!40000 ALTER TABLE `quiz_result` ENABLE KEYS */;

-- Dumping structure for table sppkti.q_options
CREATE TABLE IF NOT EXISTS `q_options` (
  `oid` int(11) NOT NULL AUTO_INCREMENT,
  `qid` int(11) NOT NULL,
  `option_value` text NOT NULL,
  `score` enum('1','0') NOT NULL,
  PRIMARY KEY (`oid`),
  KEY `qid` (`qid`),
  CONSTRAINT `FK_q_options_qbank` FOREIGN KEY (`qid`) REFERENCES `qbank` (`qid`)
) ENGINE=InnoDB AUTO_INCREMENT=52 DEFAULT CHARSET=latin1;

-- Dumping data for table sppkti.q_options: ~36 rows (approximately)
/*!40000 ALTER TABLE `q_options` DISABLE KEYS */;
INSERT INTO `q_options` (`oid`, `qid`, `option_value`, `score`) VALUES
	(16, 12, 'asdfas', '1'),
	(17, 12, 'sdf', '0'),
	(18, 12, 'asdfdsfa', '0'),
	(19, 12, 'asfdsadfasdfasf', '0'),
	(20, 13, '<p>aa</p>\r\n', '1'),
	(21, 13, '<p>bb</p>\r\n', '0'),
	(22, 13, '<p>cc</p>\r\n', '0'),
	(23, 13, '<p>dd</p>\r\n', '0'),
	(24, 14, '<p>kosong</p>\r\n', '0'),
	(25, 14, '<p>pilih</p>\r\n', '1'),
	(26, 14, '<p>kosong</p>\r\n', '0'),
	(27, 14, '<p>kosong</p>\r\n', '0'),
	(28, 15, '<p>bye</p>\r\n', '0'),
	(29, 15, '<p>bye</p>\r\n', '0'),
	(30, 15, '<p>oke oce</p>\r\n', '1'),
	(31, 15, '<p>bye</p>\r\n', '0'),
	(32, 16, '<p>salah</p>\r\n', '0'),
	(33, 16, '<p>sip</p>\r\n', '1'),
	(34, 16, '<p>salah</p>\r\n', '0'),
	(35, 16, '<p>salah</p>\r\n', '0'),
	(36, 17, '<p>benar</p>\r\n', '1'),
	(37, 17, '<p>tidak</p>\r\n', '0'),
	(38, 17, '<p>tidak</p>\r\n', '0'),
	(39, 17, '<p>tidak</p>\r\n', '0'),
	(40, 18, '<p>bukan</p>\r\n', '0'),
	(41, 18, '<p>bukan</p>\r\n', '0'),
	(42, 18, '<p>bukan</p>\r\n', '0'),
	(43, 18, '<p>aku</p>\r\n', '1'),
	(44, 19, '<p>iya</p>\r\n', '1'),
	(45, 19, '<p>mm</p>\r\n', '0'),
	(46, 19, '<p>mm</p>\r\n', '0'),
	(47, 19, '<p>mm</p>\r\n', '0'),
	(48, 20, '<p>nn</p>\r\n', '0'),
	(49, 20, '<p>oke ya</p>\r\n', '1'),
	(50, 20, '<p>nn</p>\r\n', '0'),
	(51, 20, '<p>nn</p>\r\n', '0');
/*!40000 ALTER TABLE `q_options` ENABLE KEYS */;

-- Dumping structure for table sppkti.relasi
CREATE TABLE IF NOT EXISTS `relasi` (
  `id_relasi` int(11) NOT NULL AUTO_INCREMENT,
  `id_unit` varchar(5) NOT NULL DEFAULT '0',
  `id_skema` varchar(5) NOT NULL DEFAULT '0',
  PRIMARY KEY (`id_relasi`),
  KEY `id_unit` (`id_unit`),
  KEY `id_skema` (`id_skema`),
  CONSTRAINT `FK_relasi_skkni_skema` FOREIGN KEY (`id_skema`) REFERENCES `skkni_skema` (`id_skema`),
  CONSTRAINT `FK_relasi_skkni_unit` FOREIGN KEY (`id_unit`) REFERENCES `skkni_unit` (`id_unit`)
) ENGINE=InnoDB AUTO_INCREMENT=162 DEFAULT CHARSET=latin1;

-- Dumping data for table sppkti.relasi: ~161 rows (approximately)
/*!40000 ALTER TABLE `relasi` DISABLE KEYS */;
INSERT INTO `relasi` (`id_relasi`, `id_unit`, `id_skema`) VALUES
	(1, 'UK001', 'SK01'),
	(2, 'UK002', 'SK01'),
	(3, 'UK003', 'SK01'),
	(4, 'UK004', 'SK01'),
	(5, 'UK005', 'SK01'),
	(6, 'UK006', 'SK01'),
	(7, 'UK007', 'SK01'),
	(8, 'UK008', 'SK01'),
	(9, 'UK009', 'SK01'),
	(10, 'UK010', 'SK01'),
	(11, 'UK011', 'SK01'),
	(12, 'UK012', 'SK01'),
	(13, 'UK013', 'SK01'),
	(14, 'UK014', 'SK01'),
	(15, 'UK015', 'SK01'),
	(16, 'UK016', 'SK01'),
	(17, 'UK017', 'SK01'),
	(18, 'UK018', 'SK01'),
	(19, 'UK019', 'SK02'),
	(20, 'UK020', 'SK02'),
	(21, 'UK006', 'SK02'),
	(22, 'UK021', 'SK02'),
	(23, 'UK008', 'SK02'),
	(24, 'UK022', 'SK02'),
	(25, 'UK023', 'SK02'),
	(26, 'UK024', 'SK02'),
	(27, 'UK025', 'SK02'),
	(28, 'UK026', 'SK02'),
	(29, 'UK003', 'SK03'),
	(30, 'UK019', 'SK03'),
	(31, 'UK027', 'SK03'),
	(32, 'UK028', 'SK03'),
	(33, 'UK029', 'SK03'),
	(34, 'UK006', 'SK03'),
	(35, 'UK007', 'SK03'),
	(36, 'UK021', 'SK03'),
	(37, 'UK030', 'SK03'),
	(38, 'UK008', 'SK03'),
	(39, 'UK022', 'SK03'),
	(40, 'UK023', 'SK03'),
	(41, 'UK009', 'SK03'),
	(42, 'UK025', 'SK03'),
	(43, 'UK026', 'SK03'),
	(44, 'UK031', 'SK03'),
	(45, 'UK032', 'SK03'),
	(46, 'UK033', 'SK03'),
	(47, 'UK019', 'SK04'),
	(48, 'UK034', 'SK04'),
	(49, 'UK035', 'SK04'),
	(50, 'UK029', 'SK04'),
	(51, 'UK036', 'SK04'),
	(52, 'UK021', 'SK04'),
	(53, 'UK030', 'SK04'),
	(54, 'UK008', 'SK04'),
	(55, 'UK022', 'SK04'),
	(56, 'UK023', 'SK04'),
	(57, 'UK024', 'SK04'),
	(58, 'UK025', 'SK04'),
	(59, 'UK001', 'SK05'),
	(60, 'UK002', 'SK05'),
	(61, 'UK003', 'SK05'),
	(62, 'UK019', 'SK05'),
	(63, 'UK035', 'SK05'),
	(64, 'UK029', 'SK05'),
	(65, 'UK021', 'SK05'),
	(66, 'UK030', 'SK05'),
	(67, 'UK022', 'SK05'),
	(68, 'UK023', 'SK05'),
	(69, 'UK024', 'SK05'),
	(70, 'UK037', 'SK05'),
	(71, 'UK009', 'SK05'),
	(72, 'UK038', 'SK05'),
	(73, 'UK026', 'SK05'),
	(74, 'UK014', 'SK05'),
	(75, 'UK018', 'SK05'),
	(76, 'UK033', 'SK05'),
	(77, 'UK019', 'SK06'),
	(78, 'UK034', 'SK06'),
	(79, 'UK035', 'SK06'),
	(80, 'UK036', 'SK06'),
	(81, 'UK021', 'SK06'),
	(82, 'UK037', 'SK06'),
	(83, 'UK008', 'SK06'),
	(84, 'UK025', 'SK06'),
	(85, 'UK001', 'SK07'),
	(86, 'UK002', 'SK07'),
	(87, 'UK003', 'SK07'),
	(88, 'UK019', 'SK07'),
	(89, 'UK020', 'SK07'),
	(90, 'UK035', 'SK07'),
	(91, 'UK029', 'SK07'),
	(92, 'UK006', 'SK07'),
	(93, 'UK021', 'SK07'),
	(94, 'UK030', 'SK07'),
	(95, 'UK008', 'SK07'),
	(96, 'UK024', 'SK07'),
	(97, 'UK037', 'SK07'),
	(98, 'UK025', 'SK07'),
	(99, 'UK026', 'SK07'),
	(100, 'UK039', 'SK07'),
	(101, 'UK031', 'SK07'),
	(102, 'UK032', 'SK07'),
	(103, 'UK040', 'SK08'),
	(104, 'UK042', 'SK08'),
	(105, 'UK045', 'SK08'),
	(106, 'UK046', 'SK08'),
	(107, 'UK047', 'SK08'),
	(108, 'UK057', 'SK08'),
	(109, 'UK058', 'SK08'),
	(110, 'UK001', 'SK09'),
	(111, 'UK003', 'SK09'),
	(112, 'UK019', 'SK09'),
	(113, 'UK035', 'SK09'),
	(114, 'UK029', 'SK09'),
	(115, 'UK021', 'SK09'),
	(116, 'UK030', 'SK09'),
	(117, 'UK024', 'SK09'),
	(118, 'UK026', 'SK09'),
	(119, 'UK040', 'SK09'),
	(120, 'UK041', 'SK09'),
	(121, 'UK042', 'SK09'),
	(122, 'UK043', 'SK09'),
	(123, 'UK044', 'SK09'),
	(124, 'UK045', 'SK09'),
	(125, 'UK046', 'SK09'),
	(126, 'UK047', 'SK09'),
	(127, 'UK048', 'SK09'),
	(128, 'UK002', 'SK10'),
	(129, 'UK003', 'SK10'),
	(130, 'UK027', 'SK10'),
	(131, 'UK005', 'SK10'),
	(132, 'UK028', 'SK10'),
	(133, 'UK049', 'SK10'),
	(134, 'UK050', 'SK10'),
	(135, 'UK051', 'SK10'),
	(136, 'UK032', 'SK10'),
	(137, 'UK052', 'SK10'),
	(138, 'UK006', 'SK10'),
	(139, 'UK007', 'SK10'),
	(140, 'UK030', 'SK10'),
	(141, 'UK008', 'SK10'),
	(142, 'UK022', 'SK10'),
	(143, 'UK023', 'SK10'),
	(144, 'UK037', 'SK10'),
	(145, 'UK001', 'SK11'),
	(146, 'UK003', 'SK11'),
	(147, 'UK020', 'SK11'),
	(148, 'UK035', 'SK11'),
	(149, 'UK029', 'SK11'),
	(150, 'UK052', 'SK11'),
	(151, 'UK021', 'SK11'),
	(152, 'UK030', 'SK11'),
	(153, 'UK008', 'SK11'),
	(154, 'UK024', 'SK11'),
	(155, 'UK025', 'SK11'),
	(156, 'UK026', 'SK11'),
	(157, 'UK031', 'SK11'),
	(158, 'UK053', 'SK11'),
	(159, 'UK054', 'SK11'),
	(160, 'UK055', 'SK11'),
	(161, 'UK056', 'SK11');
/*!40000 ALTER TABLE `relasi` ENABLE KEYS */;

-- Dumping structure for table sppkti.result
CREATE TABLE IF NOT EXISTS `result` (
  `id` int(11) NOT NULL AUTO_INCREMENT,
  `id_user` int(11) NOT NULL,
  `id_mbti_hasil` int(11) NOT NULL,
  `id_skema` varchar(5) NOT NULL,
  `presentase` float NOT NULL,
  `persenmax` float NOT NULL,
  `presentase_detil_max` varchar(255) NOT NULL,
  `presentase_detil_full` varchar(255) NOT NULL,
  `status` enum('CURRENT','PAST','RESET','DELETE') NOT NULL DEFAULT 'RESET',
  PRIMARY KEY (`id`),
  KEY `id_user` (`id_user`),
  KEY `id_skema` (`id_skema`),
  KEY `id_mbti_hasil` (`id_mbti_hasil`),
  CONSTRAINT `FK_result_mbti_hasil` FOREIGN KEY (`id_mbti_hasil`) REFERENCES `mbti_hasil` (`id_mbti_hasil`),
  CONSTRAINT `FK_result_skkni_skema` FOREIGN KEY (`id_skema`) REFERENCES `skkni_skema` (`id_skema`),
  CONSTRAINT `FK_result_users` FOREIGN KEY (`id_user`) REFERENCES `users` (`id`)
) ENGINE=InnoDB AUTO_INCREMENT=340 DEFAULT CHARSET=latin1;

-- Dumping data for table sppkti.result: ~332 rows (approximately)
/*!40000 ALTER TABLE `result` DISABLE KEYS */;
INSERT INTO `result` (`id`, `id_user`, `id_mbti_hasil`, `id_skema`, `presentase`, `persenmax`, `presentase_detil_max`, `presentase_detil_full`, `status`) VALUES
	(1, 1, 1, 'SK01', 0, 0, '', '', 'RESET'),
	(2, 1, 4, 'SK01', 0, 0, '', '', 'RESET'),
	(3, 1, 8, 'SK01', 0, 0, '', '', 'RESET'),
	(4, 1, 9, 'SK01', 0, 0, '', '', 'RESET'),
	(5, 1, 10, 'SK01', 0, 0, '', '', 'RESET'),
	(6, 1, 11, 'SK01', 0, 0, '', '', 'RESET'),
	(7, 1, 13, 'SK01', 0, 0, '', '', 'RESET'),
	(8, 1, 14, 'SK01', 0, 0, '', '', 'RESET'),
	(9, 1, 15, 'SK01', 0, 0, '', '', 'RESET'),
	(10, 1, 29, 'SK03', 0, 0, '', '', 'RESET'),
	(11, 1, 29, 'SK03', 0, 0, '', '', 'RESET'),
	(12, 1, 16, 'SK03', 0, 0, '', '', 'RESET'),
	(13, 1, 27, 'SK02', 0, 0, '', '', 'RESET'),
	(14, 1, 2, 'SK02', 0, 0, '', '', 'RESET'),
	(15, 1, 7, 'SK02', 0, 0, '', '', 'RESET'),
	(16, 1, 20, 'SK05', 0, 0, '', '', 'RESET'),
	(17, 1, 19, 'SK05', 0, 0, '', '', 'RESET'),
	(18, 1, 17, 'SK05', 0, 0, '', '', 'RESET'),
	(19, 1, 18, 'SK05', 0, 0, '', '', 'RESET'),
	(20, 1, 16, 'SK04', 0, 0, '', '', 'RESET'),
	(21, 1, 11, 'SK04', 0, 0, '', '', 'RESET'),
	(22, 1, 10, 'SK04', 0, 0, '', '', 'RESET'),
	(23, 1, 28, 'SK07', 0, 0, '', '', 'RESET'),
	(24, 1, 29, 'SK07', 0, 0, '', '', 'RESET'),
	(25, 1, 23, 'SK07', 0, 0, '', '', 'RESET'),
	(26, 1, 13, 'SK07', 0, 0, '', '', 'RESET'),
	(27, 1, 18, 'SK06', 0, 0, '', '', 'RESET'),
	(28, 1, 16, 'SK06', 0, 0, '', '', 'RESET'),
	(29, 1, 22, 'SK06', 0, 0, '', '', 'RESET'),
	(30, 7, 29, 'SK01', 100, 0, '', '', 'RESET'),
	(31, 7, 30, 'SK01', 100, 0, '', '', 'RESET'),
	(32, 7, 30, 'SK01', 100, 0, '', '', 'RESET'),
	(33, 7, 30, 'SK01', 100, 0, '', '', 'RESET'),
	(34, 7, 31, 'SK01', 100, 0, '', '', 'RESET'),
	(35, 1, 35, 'SK11', 0, 0, '', '', 'RESET'),
	(36, 1, 35, 'SK10', 0, 0, '', '', 'RESET'),
	(37, 9, 116, 'SK07', 0, 0, '', '', 'RESET'),
	(38, 9, 115, 'SK05', 0, 0, '', '', 'RESET'),
	(39, 9, 114, 'SK05', 0, 0, '', '', 'RESET'),
	(40, 9, 114, 'SK05', 0, 0, '', '', 'RESET'),
	(41, 9, 112, 'SK03', 0, 0, '', '', 'RESET'),
	(42, 9, 116, 'SK02', 0, 0, '', '', 'RESET'),
	(43, 9, 112, 'SK02', 0, 0, '', '', 'RESET'),
	(44, 9, 106, 'SK02', 0, 0, '', '', 'RESET'),
	(45, 9, 73, 'SK02', 0, 0, '', '', 'DELETE'),
	(46, 9, 41, 'SK02', 0, 0, '', '', 'DELETE'),
	(47, 9, 58, 'SK03', 0, 0, '', '', 'RESET'),
	(48, 9, 112, 'SK03', 0, 0, '', '', 'RESET'),
	(49, 9, 49, 'SK03', 0, 0, '', '', 'RESET'),
	(50, 9, 51, 'SK03', 0, 0, '', '', 'RESET'),
	(51, 9, 75, 'SK04', 0, 0, '', '', 'RESET'),
	(52, 9, 3, 'SK04', 0, 0, '', '', 'RESET'),
	(53, 9, 90, 'SK04', 0, 0, '', '', 'RESET'),
	(54, 9, 111, 'SK04', 0, 0, '', '', 'RESET'),
	(55, 9, 102, 'SK10', 0, 0, '', '', 'RESET'),
	(56, 9, 116, 'SK05', 0, 0, '', '', 'RESET'),
	(57, 9, 76, 'SK11', 0, 0, '', '', 'RESET'),
	(58, 9, 115, 'SK05', 0, 0, '', '', 'RESET'),
	(59, 9, 46, 'SK10', 0, 0, '', '', 'RESET'),
	(60, 9, 55, 'SK05', 0, 0, '', '', 'RESET'),
	(61, 9, 50, 'SK05', 0, 0, '', '', 'RESET'),
	(62, 9, 1, 'SK05', 0, 0, '', '', 'RESET'),
	(63, 9, 1, 'SK06', 0, 0, '', '', 'RESET'),
	(64, 9, 2, 'SK06', 0, 0, '', '', 'RESET'),
	(65, 9, 3, 'SK06', 0, 0, '', '', 'RESET'),
	(66, 9, 4, 'SK06', 0, 0, '', '', 'RESET'),
	(67, 9, 7, 'SK06', 0, 0, '', '', 'RESET'),
	(68, 9, 8, 'SK07', 0, 0, '', '', 'RESET'),
	(69, 9, 9, 'SK07', 0, 0, '', '', 'RESET'),
	(70, 9, 10, 'SK07', 0, 0, '', '', 'RESET'),
	(71, 9, 11, 'SK07', 0, 0, '', '', 'RESET'),
	(72, 9, 12, 'SK07', 0, 0, '', '', 'RESET'),
	(73, 9, 21, 'SK08', 0, 0, '', '', 'RESET'),
	(74, 9, 22, 'SK08', 0, 0, '', '', 'RESET'),
	(75, 9, 23, 'SK08', 0, 0, '', '', 'RESET'),
	(76, 9, 24, 'SK08', 0, 0, '', '', 'RESET'),
	(77, 9, 25, 'SK08', 0, 0, '', '', 'RESET'),
	(78, 9, 31, 'SK09', 0, 0, '', '', 'RESET'),
	(79, 9, 32, 'SK09', 0, 0, '', '', 'RESET'),
	(80, 9, 33, 'SK09', 0, 0, '', '', 'RESET'),
	(81, 9, 34, 'SK09', 0, 0, '', '', 'RESET'),
	(82, 9, 35, 'SK09', 0, 0, '', '', 'RESET'),
	(83, 9, 101, 'SK10', 0, 0, '', '', 'RESET'),
	(84, 9, 102, 'SK10', 0, 0, '', '', 'RESET'),
	(85, 9, 103, 'SK10', 0, 0, '', '', 'RESET'),
	(86, 9, 104, 'SK10', 0, 0, '', '', 'RESET'),
	(87, 9, 105, 'SK10', 0, 0, '', '', 'RESET'),
	(88, 9, 111, 'SK11', 0, 0, '', '', 'RESET'),
	(89, 9, 112, 'SK11', 0, 0, '', '', 'RESET'),
	(90, 9, 113, 'SK11', 0, 0, '', '', 'RESET'),
	(91, 9, 114, 'SK11', 0, 0, '', '', 'RESET'),
	(92, 9, 115, 'SK11', 0, 0, '', '', 'RESET'),
	(93, 1, 26, 'SK02', 0, 0, '', '', 'RESET'),
	(94, 1, 27, 'SK02', 0, 0, '', '', 'RESET'),
	(95, 1, 28, 'SK02', 0, 0, '', '', 'RESET'),
	(96, 1, 29, 'SK02', 0, 0, '', '', 'RESET'),
	(97, 1, 30, 'SK02', 0, 0, '', '', 'RESET'),
	(98, 1, 36, 'SK03', 0, 0, '', '', 'RESET'),
	(99, 1, 37, 'SK03', 0, 0, '', '', 'RESET'),
	(100, 1, 38, 'SK03', 0, 0, '', '', 'RESET'),
	(101, 1, 39, 'SK03', 0, 0, '', '', 'RESET'),
	(102, 1, 40, 'SK03', 0, 0, '', '', 'RESET'),
	(103, 1, 42, 'SK04', 0, 0, '', '', 'RESET'),
	(104, 1, 43, 'SK04', 0, 0, '', '', 'RESET'),
	(105, 1, 44, 'SK04', 0, 0, '', '', 'RESET'),
	(106, 1, 45, 'SK04', 0, 0, '', '', 'RESET'),
	(107, 1, 47, 'SK05', 0, 0, '', '', 'RESET'),
	(108, 1, 48, 'SK05', 0, 0, '', '', 'RESET'),
	(109, 1, 52, 'SK06', 0, 0, '', '', 'RESET'),
	(110, 1, 53, 'SK06', 0, 0, '', '', 'RESET'),
	(111, 1, 54, 'SK06', 0, 0, '', '', 'RESET'),
	(112, 1, 56, 'SK06', 0, 0, '', '', 'RESET'),
	(113, 1, 57, 'SK06', 0, 0, '', '', 'RESET'),
	(114, 1, 59, 'SK06', 0, 0, '', '', 'RESET'),
	(115, 1, 60, 'SK06', 0, 0, '', '', 'RESET'),
	(116, 1, 61, 'SK07', 0, 0, '', '', 'RESET'),
	(117, 1, 62, 'SK07', 0, 0, '', '', 'RESET'),
	(119, 1, 63, 'SK07', 0, 0, '', '', 'RESET'),
	(120, 1, 64, 'SK07', 0, 0, '', '', 'RESET'),
	(121, 1, 65, 'SK07', 0, 0, '', '', 'RESET'),
	(122, 1, 66, 'SK08', 0, 0, '', '', 'RESET'),
	(123, 1, 66, 'SK08', 0, 0, '', '', 'RESET'),
	(124, 1, 67, 'SK08', 0, 0, '', '', 'RESET'),
	(125, 1, 68, 'SK08', 0, 0, '', '', 'RESET'),
	(126, 1, 69, 'SK08', 0, 0, '', '', 'RESET'),
	(127, 1, 70, 'SK08', 0, 0, '', '', 'RESET'),
	(128, 1, 71, 'SK09', 0, 0, '', '', 'RESET'),
	(129, 1, 72, 'SK09', 0, 0, '', '', 'RESET'),
	(130, 1, 74, 'SK09', 0, 0, '', '', 'RESET'),
	(131, 1, 77, 'SK09', 0, 0, '', '', 'RESET'),
	(132, 1, 78, 'SK09', 0, 0, '', '', 'RESET'),
	(133, 1, 79, 'SK09', 0, 0, '', '', 'RESET'),
	(134, 1, 80, 'SK09', 0, 0, '', '', 'RESET'),
	(135, 1, 81, 'SK10', 0, 0, '', '', 'RESET'),
	(136, 1, 82, 'SK10', 0, 0, '', '', 'RESET'),
	(137, 1, 83, 'SK10', 0, 0, '', '', 'RESET'),
	(138, 1, 84, 'SK10', 0, 0, '', '', 'RESET'),
	(139, 1, 85, 'SK10', 0, 0, '', '', 'RESET'),
	(140, 1, 86, 'SK10', 0, 0, '', '', 'RESET'),
	(141, 1, 87, 'SK10', 0, 0, '', '', 'RESET'),
	(142, 1, 88, 'SK10', 0, 0, '', '', 'RESET'),
	(143, 1, 89, 'SK10', 0, 0, '', '', 'RESET'),
	(144, 1, 91, 'SK11', 0, 0, '', '', 'RESET'),
	(145, 1, 92, 'SK11', 0, 0, '', '', 'RESET'),
	(146, 1, 93, 'SK03', 0, 0, '', '', 'RESET'),
	(147, 1, 94, 'SK11', 0, 0, '', '', 'RESET'),
	(148, 1, 95, 'SK03', 0, 0, '', '', 'RESET'),
	(149, 1, 96, 'SK03', 0, 0, '', '', 'RESET'),
	(150, 1, 97, 'SK11', 0, 0, '', '', 'RESET'),
	(151, 1, 99, 'SK11', 0, 0, '', '', 'RESET'),
	(152, 1, 100, 'SK11', 0, 0, '', '', 'RESET'),
	(153, 1, 98, 'SK02', 0, 0, '', '', 'RESET'),
	(154, 1, 107, 'SK02', 0, 0, '', '', 'RESET'),
	(155, 1, 108, 'SK02', 0, 0, '', '', 'RESET'),
	(156, 1, 109, 'SK02', 0, 0, '', '', 'RESET'),
	(157, 1, 110, 'SK02', 0, 0, '', '', 'RESET'),
	(158, 1, 117, 'SK02', 0, 0, '', '', 'RESET'),
	(159, 1, 118, 'SK02', 0, 0, '', '', 'RESET'),
	(160, 1, 119, 'SK02', 0, 0, '', '', 'RESET'),
	(161, 1, 120, 'SK02', 0, 0, '', '', 'RESET'),
	(162, 1, 152, 'SK01', 0, 0, '', '', 'RESET'),
	(163, 1, 151, 'SK01', 0, 0, '', '', 'RESET'),
	(164, 1, 150, 'SK01', 0, 0, '', '', 'RESET'),
	(165, 1, 149, 'SK01', 0, 0, '', '', 'RESET'),
	(166, 1, 148, 'SK01', 0, 0, '', '', 'RESET'),
	(167, 1, 152, 'SK02', 0, 0, '', '', 'RESET'),
	(168, 1, 151, 'SK02', 0, 0, '', '', 'RESET'),
	(169, 1, 150, 'SK02', 0, 0, '', '', 'RESET'),
	(170, 1, 149, 'SK02', 0, 0, '', '', 'RESET'),
	(171, 1, 148, 'SK02', 0, 0, '', '', 'RESET'),
	(172, 1, 152, 'SK03', 0, 0, '', '', 'RESET'),
	(173, 1, 151, 'SK03', 0, 0, '', '', 'RESET'),
	(174, 1, 150, 'SK03', 0, 0, '', '', 'RESET'),
	(175, 1, 149, 'SK03', 0, 0, '', '', 'RESET'),
	(176, 1, 148, 'SK03', 0, 0, '', '', 'RESET'),
	(177, 1, 152, 'SK04', 0, 0, '', '', 'RESET'),
	(178, 1, 151, 'SK04', 0, 0, '', '', 'RESET'),
	(179, 1, 150, 'SK04', 0, 0, '', '', 'RESET'),
	(180, 1, 149, 'SK04', 0, 0, '', '', 'RESET'),
	(181, 1, 148, 'SK04', 0, 0, '', '', 'RESET'),
	(182, 1, 152, 'SK05', 0, 0, '', '', 'RESET'),
	(183, 1, 151, 'SK05', 0, 0, '', '', 'RESET'),
	(184, 1, 150, 'SK05', 0, 0, '', '', 'RESET'),
	(185, 1, 149, 'SK05', 0, 0, '', '', 'RESET'),
	(186, 1, 148, 'SK05', 0, 0, '', '', 'RESET'),
	(187, 1, 147, 'SK06', 0, 0, '', '', 'RESET'),
	(188, 1, 147, 'SK07', 0, 0, '', '', 'RESET'),
	(189, 1, 147, 'SK08', 0, 0, '', '', 'RESET'),
	(190, 1, 147, 'SK09', 0, 0, '', '', 'RESET'),
	(191, 1, 147, 'SK09', 0, 0, '', '', 'RESET'),
	(192, 1, 147, 'SK10', 0, 0, '', '', 'RESET'),
	(193, 1, 147, 'SK11', 0, 0, '', '', 'RESET'),
	(194, 1, 146, 'SK06', 0, 0, '', '', 'RESET'),
	(195, 1, 146, 'SK07', 0, 0, '', '', 'RESET'),
	(196, 1, 146, 'SK08', 0, 0, '', '', 'RESET'),
	(197, 1, 146, 'SK09', 0, 0, '', '', 'RESET'),
	(198, 1, 146, 'SK10', 0, 0, '', '', 'RESET'),
	(199, 1, 146, 'SK11', 0, 0, '', '', 'RESET'),
	(200, 1, 145, 'SK06', 0, 0, '', '', 'RESET'),
	(201, 1, 145, 'SK07', 0, 0, '', '', 'RESET'),
	(202, 1, 145, 'SK08', 0, 0, '', '', 'RESET'),
	(203, 1, 145, 'SK09', 0, 0, '', '', 'RESET'),
	(204, 1, 145, 'SK10', 0, 0, '', '', 'RESET'),
	(205, 1, 145, 'SK11', 0, 0, '', '', 'RESET'),
	(206, 1, 144, 'SK06', 0, 0, '', '', 'RESET'),
	(207, 1, 144, 'SK07', 0, 0, '', '', 'RESET'),
	(208, 1, 144, 'SK08', 0, 0, '', '', 'RESET'),
	(209, 1, 144, 'SK09', 0, 0, '', '', 'RESET'),
	(210, 1, 144, 'SK10', 0, 0, '', '', 'RESET'),
	(211, 1, 144, 'SK11', 0, 0, '', '', 'RESET'),
	(212, 1, 143, 'SK06', 0, 0, '', '', 'RESET'),
	(213, 1, 143, 'SK07', 0, 0, '', '', 'RESET'),
	(214, 1, 143, 'SK08', 0, 0, '', '', 'RESET'),
	(215, 1, 143, 'SK09', 0, 0, '', '', 'RESET'),
	(216, 1, 143, 'SK10', 0, 0, '', '', 'RESET'),
	(217, 1, 143, 'SK11', 0, 0, '', '', 'RESET'),
	(218, 1, 142, 'SK06', 0, 0, '', '', 'RESET'),
	(219, 1, 142, 'SK07', 0, 0, '', '', 'RESET'),
	(220, 1, 142, 'SK08', 0, 0, '', '', 'RESET'),
	(221, 1, 142, 'SK09', 0, 0, '', '', 'RESET'),
	(222, 1, 142, 'SK10', 0, 0, '', '', 'RESET'),
	(223, 1, 142, 'SK11', 0, 0, '', '', 'RESET'),
	(224, 1, 141, 'SK06', 0, 0, '', '', 'RESET'),
	(225, 1, 141, 'SK07', 0, 0, '', '', 'RESET'),
	(226, 1, 141, 'SK08', 0, 0, '', '', 'RESET'),
	(227, 1, 141, 'SK09', 0, 0, '', '', 'RESET'),
	(228, 1, 141, 'SK10', 0, 0, '', '', 'RESET'),
	(229, 1, 141, 'SK11', 0, 0, '', '', 'RESET'),
	(230, 1, 140, 'SK06', 0, 0, '', '', 'RESET'),
	(231, 1, 140, 'SK07', 0, 0, '', '', 'RESET'),
	(232, 1, 140, 'SK08', 0, 0, '', '', 'RESET'),
	(233, 1, 140, 'SK09', 0, 0, '', '', 'RESET'),
	(234, 1, 140, 'SK10', 0, 0, '', '', 'RESET'),
	(235, 1, 140, 'SK11', 0, 0, '', '', 'RESET'),
	(236, 1, 12, 'SK02', 0, 0, '', '', 'RESET'),
	(237, 1, 13, 'SK02', 0, 0, '', '', 'DELETE'),
	(238, 1, 14, 'SK02', 0, 0, '', '', 'DELETE'),
	(239, 1, 15, 'SK02', 0, 0, '', '', 'DELETE'),
	(240, 1, 16, 'SK02', 0, 0, '', '', 'DELETE'),
	(241, 1, 17, 'SK02', 0, 0, '', '', 'DELETE'),
	(242, 1, 18, 'SK02', 0, 0, '', '', 'DELETE'),
	(243, 1, 19, 'SK02', 0, 0, '', '', 'DELETE'),
	(244, 1, 20, 'SK02', 0, 0, '', '', 'DELETE'),
	(245, 1, 21, 'SK02', 0, 0, '', '', 'DELETE'),
	(246, 1, 21, 'SK02', 0, 0, '', '', 'DELETE'),
	(247, 1, 22, 'SK02', 0, 0, '', '', 'DELETE'),
	(248, 1, 23, 'SK02', 0, 0, '', '', 'DELETE'),
	(249, 1, 24, 'SK02', 0, 0, '', '', 'DELETE'),
	(250, 1, 25, 'SK02', 0, 0, '', '', 'DELETE'),
	(251, 1, 25, 'SK04', 0, 0, '', '', 'RESET'),
	(252, 1, 26, 'SK04', 0, 0, '', '', 'RESET'),
	(253, 1, 27, 'SK04', 0, 0, '', '', 'RESET'),
	(254, 1, 28, 'SK04', 0, 0, '', '', 'RESET'),
	(255, 1, 29, 'SK04', 0, 0, '', '', 'RESET'),
	(256, 1, 30, 'SK04', 0, 0, '', '', 'RESET'),
	(257, 1, 31, 'SK04', 0, 0, '', '', 'RESET'),
	(258, 1, 32, 'SK04', 0, 0, '', '', 'RESET'),
	(259, 1, 33, 'SK04', 0, 0, '', '', 'RESET'),
	(260, 1, 34, 'SK04', 0, 0, '', '', 'RESET'),
	(261, 1, 35, 'SK04', 0, 0, '', '', 'RESET'),
	(262, 1, 36, 'SK04', 0, 0, '', '', 'RESET'),
	(263, 1, 40, 'SK04', 0, 0, '', '', 'RESET'),
	(264, 1, 41, 'SK04', 0, 0, '', '', 'RESET'),
	(265, 1, 42, 'SK04', 0, 0, '', '', 'RESET'),
	(266, 1, 152, 'SK06', 0, 0, '', '', 'RESET'),
	(267, 1, 145, 'SK06', 0, 0, '', '', 'RESET'),
	(268, 1, 144, 'SK06', 0, 0, '', '', 'RESET'),
	(269, 1, 143, 'SK06', 0, 0, '', '', 'RESET'),
	(270, 1, 142, 'SK06', 0, 0, '', '', 'RESET'),
	(271, 1, 131, 'SK06', 0, 0, '', '', 'RESET'),
	(272, 1, 130, 'SK06', 0, 0, '', '', 'RESET'),
	(273, 1, 129, 'SK06', 0, 0, '', '', 'RESET'),
	(274, 1, 126, 'SK06', 0, 0, '', '', 'RESET'),
	(275, 1, 125, 'SK06', 0, 0, '', '', 'RESET'),
	(276, 1, 121, 'SK06', 0, 0, '', '', 'RESET'),
	(277, 1, 116, 'SK06', 0, 0, '', '', 'RESET'),
	(278, 1, 152, 'SK08', 0, 0, '', '', 'RESET'),
	(279, 1, 151, 'SK08', 0, 0, '', '', 'RESET'),
	(280, 1, 150, 'SK08', 0, 0, '', '', 'RESET'),
	(281, 1, 148, 'SK08', 0, 0, '', '', 'RESET'),
	(282, 1, 145, 'SK08', 0, 0, '', '', 'RESET'),
	(283, 1, 144, 'SK08', 0, 0, '', '', 'RESET'),
	(284, 1, 144, 'SK08', 0, 0, '', '', 'RESET'),
	(285, 1, 141, 'SK08', 0, 0, '', '', 'RESET'),
	(286, 1, 139, 'SK08', 0, 0, '', '', 'RESET'),
	(287, 1, 136, 'SK08', 0, 0, '', '', 'RESET'),
	(288, 1, 131, 'SK08', 0, 0, '', '', 'RESET'),
	(289, 1, 128, 'SK08', 0, 0, '', '', 'RESET'),
	(290, 1, 145, 'SK03', 0, 0, '', '', 'RESET'),
	(291, 1, 144, 'SK03', 0, 0, '', '', 'RESET'),
	(292, 1, 143, 'SK03', 0, 0, '', '', 'RESET'),
	(293, 1, 142, 'SK03', 0, 0, '', '', 'RESET'),
	(294, 1, 136, 'SK03', 0, 0, '', '', 'RESET'),
	(295, 1, 135, 'SK03', 0, 0, '', '', 'RESET'),
	(296, 1, 131, 'SK03', 0, 0, '', '', 'RESET'),
	(297, 1, 128, 'SK03', 0, 0, '', '', 'RESET'),
	(298, 1, 125, 'SK03', 0, 0, '', '', 'RESET'),
	(299, 1, 121, 'SK03', 0, 0, '', '', 'RESET'),
	(300, 1, 124, 'SK01', 0, 0, '', '', 'RESET'),
	(301, 1, 120, 'SK01', 0, 0, '', '', 'RESET'),
	(302, 1, 144, 'SK05', 0, 0, '', '', 'RESET'),
	(303, 1, 143, 'SK05', 0, 0, '', '', 'RESET'),
	(304, 1, 134, 'SK05', 0, 0, '', '', 'RESET'),
	(305, 1, 133, 'SK05', 0, 0, '', '', 'RESET'),
	(306, 1, 129, 'SK05', 0, 0, '', '', 'RESET'),
	(307, 1, 22, 'SK05', 0, 0, '', '', 'RESET'),
	(308, 1, 2, 'SK05', 0, 0, '', '', 'RESET'),
	(309, 1, 137, 'SK05', 0, 0, '', '', 'RESET'),
	(310, 1, 141, 'SK05', 0, 0, '', '', 'RESET'),
	(311, 1, 102, 'SK05', 0, 0, '', '', 'RESET'),
	(312, 1, 144, 'SK07', 0, 0, '', '', 'RESET'),
	(313, 1, 143, 'SK07', 0, 0, '', '', 'RESET'),
	(314, 1, 142, 'SK07', 0, 0, '', '', 'RESET'),
	(315, 1, 136, 'SK07', 0, 0, '', '', 'RESET'),
	(316, 1, 135, 'SK07', 0, 0, '', '', 'RESET'),
	(317, 1, 131, 'SK07', 0, 0, '', '', 'RESET'),
	(318, 1, 130, 'SK07', 0, 0, '', '', 'RESET'),
	(319, 1, 145, 'SK09', 0, 0, '', '', 'RESET'),
	(320, 1, 143, 'SK09', 0, 0, '', '', 'RESET'),
	(321, 1, 132, 'SK09', 0, 0, '', '', 'RESET'),
	(322, 1, 144, 'SK09', 0, 0, '', '', 'RESET'),
	(323, 1, 129, 'SK09', 0, 0, '', '', 'RESET'),
	(324, 1, 128, 'SK09', 0, 0, '', '', 'RESET'),
	(325, 1, 140, 'SK10', 0, 0, '', '', 'RESET'),
	(326, 1, 137, 'SK10', 0, 0, '', '', 'RESET'),
	(327, 1, 143, 'SK11', 0, 0, '', '', 'RESET'),
	(328, 1, 139, 'SK11', 0, 0, '', '', 'RESET'),
	(329, 7, 42, 'SK02', 92, 0, '', '', 'CURRENT'),
	(330, 21, 153, 'SK07', 92, 0, '', '', 'PAST'),
	(331, 21, 153, 'SK03', 59, 0, '', '', 'CURRENT'),
	(332, 10, 158, 'SK08', 60, 0, '', '', 'RESET'),
	(333, 10, 158, 'SK09', 75.1884, 75.1884, 'Mobile Programmer:75.1884, Junior Mobile Programmer:24.8116, Client Server Programmer:0', 'Analyst Programmer:0,Junior Programmer:0,Programmer:0,Junior Database Programmer:0,Database Programmer:0,Junior Web Programmer:0,Web Programmer:0,Junior Mobile Programmer:24.8116,Mobile Programmer:75.1884,Client Server Programmer:0,Cloud Programmer:0', 'PAST'),
	(334, 22, 160, 'SK05', 97.2901, 97.386, 'Database Programmer:97.2901, Junior Database Programmer:1.7734, Web Programmer:0.838', 'Analyst Programmer:0,Junior Programmer:0.0013,Programmer:0.024,Junior Database Programmer:1.7734,Database Programmer:97.2901,Junior Web Programmer:0.0733,Web Programmer:0.838,Junior Mobile Programmer:0,Mobile Programmer:0,Client Server Programmer:0,Cloud ', 'PAST'),
	(335, 10, 158, 'SK01', 83.2264, 83.2349, 'Analyst Programmer:83.2264, Programmer:16.5886, Database Programmer:0.1748', 'Analyst Programmer:83.2264,Junior Programmer:0.0021,Programmer:16.5886,Junior Database Programmer:0.0004,Database Programmer:0.1748,Junior Web Programmer:0,Web Programmer:0.0003,Junior Mobile Programmer:0,Mobile Programmer:0,Client Server Programmer:0.007', 'CURRENT');
/*!40000 ALTER TABLE `result` ENABLE KEYS */;

-- Dumping structure for table sppkti.result_detail
CREATE TABLE IF NOT EXISTS `result_detail` (
  `id` int(11) DEFAULT NULL,
  `id_skema` varchar(50) DEFAULT NULL,
  `persentase` float DEFAULT NULL,
  KEY `FK__result` (`id`),
  CONSTRAINT `FK__result` FOREIGN KEY (`id`) REFERENCES `result` (`id`)
) ENGINE=InnoDB DEFAULT CHARSET=latin1;

-- Dumping data for table sppkti.result_detail: ~334 rows (approximately)
/*!40000 ALTER TABLE `result_detail` DISABLE KEYS */;
INSERT INTO `result_detail` (`id`, `id_skema`, `persentase`) VALUES
	(1, 'SK01', 0),
	(2, 'SK01', 0),
	(3, 'SK01', 0),
	(4, 'SK01', 0),
	(5, 'SK01', 0),
	(6, 'SK01', 0),
	(7, 'SK01', 0),
	(8, 'SK01', 0),
	(9, 'SK01', 0),
	(10, 'SK03', 0),
	(11, 'SK03', 0),
	(12, 'SK03', 0),
	(13, 'SK02', 0),
	(14, 'SK02', 0),
	(15, 'SK02', 0),
	(16, 'SK05', 0),
	(17, 'SK05', 0),
	(18, 'SK05', 0),
	(19, 'SK05', 0),
	(20, 'SK04', 0),
	(21, 'SK04', 0),
	(22, 'SK04', 0),
	(23, 'SK07', 0),
	(24, 'SK07', 0),
	(25, 'SK07', 0),
	(26, 'SK07', 0),
	(27, 'SK06', 0),
	(28, 'SK06', 0),
	(29, 'SK06', 0),
	(30, 'SK01', 100),
	(31, 'SK01', 100),
	(32, 'SK01', 100),
	(33, 'SK01', 100),
	(34, 'SK01', 100),
	(35, 'SK11', 0),
	(36, 'SK10', 0),
	(37, 'SK07', 0),
	(38, 'SK05', 0),
	(39, 'SK05', 0),
	(40, 'SK05', 0),
	(41, 'SK03', 0),
	(42, 'SK02', 0),
	(43, 'SK02', 0),
	(44, 'SK02', 0),
	(45, 'SK02', 0),
	(46, 'SK02', 0),
	(47, 'SK03', 0),
	(48, 'SK03', 0),
	(49, 'SK03', 0),
	(50, 'SK03', 0),
	(51, 'SK04', 0),
	(52, 'SK04', 0),
	(53, 'SK04', 0),
	(54, 'SK04', 0),
	(55, 'SK10', 0),
	(56, 'SK05', 0),
	(57, 'SK11', 0),
	(58, 'SK05', 0),
	(59, 'SK10', 0),
	(60, 'SK05', 0),
	(61, 'SK05', 0),
	(62, 'SK05', 0),
	(63, 'SK06', 0),
	(64, 'SK06', 0),
	(65, 'SK06', 0),
	(66, 'SK06', 0),
	(67, 'SK06', 0),
	(68, 'SK07', 0),
	(69, 'SK07', 0),
	(70, 'SK07', 0),
	(71, 'SK07', 0),
	(72, 'SK07', 0),
	(73, 'SK08', 0),
	(74, 'SK08', 0),
	(75, 'SK08', 0),
	(76, 'SK08', 0),
	(77, 'SK08', 0),
	(78, 'SK09', 0),
	(79, 'SK09', 0),
	(80, 'SK09', 0),
	(81, 'SK09', 0),
	(82, 'SK09', 0),
	(83, 'SK10', 0),
	(84, 'SK10', 0),
	(85, 'SK10', 0),
	(86, 'SK10', 0),
	(87, 'SK10', 0),
	(88, 'SK11', 0),
	(89, 'SK11', 0),
	(90, 'SK11', 0),
	(91, 'SK11', 0),
	(92, 'SK11', 0),
	(93, 'SK02', 0),
	(94, 'SK02', 0),
	(95, 'SK02', 0),
	(96, 'SK02', 0),
	(97, 'SK02', 0),
	(98, 'SK03', 0),
	(99, 'SK03', 0),
	(100, 'SK03', 0),
	(101, 'SK03', 0),
	(102, 'SK03', 0),
	(103, 'SK04', 0),
	(104, 'SK04', 0),
	(105, 'SK04', 0),
	(106, 'SK04', 0),
	(107, 'SK05', 0),
	(108, 'SK05', 0),
	(109, 'SK06', 0),
	(110, 'SK06', 0),
	(111, 'SK06', 0),
	(112, 'SK06', 0),
	(113, 'SK06', 0),
	(114, 'SK06', 0),
	(115, 'SK06', 0),
	(116, 'SK07', 0),
	(117, 'SK07', 0),
	(119, 'SK07', 0),
	(120, 'SK07', 0),
	(121, 'SK07', 0),
	(122, 'SK08', 0),
	(123, 'SK08', 0),
	(124, 'SK08', 0),
	(125, 'SK08', 0),
	(126, 'SK08', 0),
	(127, 'SK08', 0),
	(128, 'SK09', 0),
	(129, 'SK09', 0),
	(130, 'SK09', 0),
	(131, 'SK09', 0),
	(132, 'SK09', 0),
	(133, 'SK09', 0),
	(134, 'SK09', 0),
	(135, 'SK10', 0),
	(136, 'SK10', 0),
	(137, 'SK10', 0),
	(138, 'SK10', 0),
	(139, 'SK10', 0),
	(140, 'SK10', 0),
	(141, 'SK10', 0),
	(142, 'SK10', 0),
	(143, 'SK10', 0),
	(144, 'SK11', 0),
	(145, 'SK11', 0),
	(146, 'SK03', 0),
	(147, 'SK11', 0),
	(148, 'SK03', 0),
	(149, 'SK03', 0),
	(150, 'SK11', 0),
	(151, 'SK11', 0),
	(152, 'SK11', 0),
	(153, 'SK02', 0),
	(154, 'SK02', 0),
	(155, 'SK02', 0),
	(156, 'SK02', 0),
	(157, 'SK02', 0),
	(158, 'SK02', 0),
	(159, 'SK02', 0),
	(160, 'SK02', 0),
	(161, 'SK02', 0),
	(162, 'SK01', 0),
	(163, 'SK01', 0),
	(164, 'SK01', 0),
	(165, 'SK01', 0),
	(166, 'SK01', 0),
	(167, 'SK02', 0),
	(168, 'SK02', 0),
	(169, 'SK02', 0),
	(170, 'SK02', 0),
	(171, 'SK02', 0),
	(172, 'SK03', 0),
	(173, 'SK03', 0),
	(174, 'SK03', 0),
	(175, 'SK03', 0),
	(176, 'SK03', 0),
	(177, 'SK04', 0),
	(178, 'SK04', 0),
	(179, 'SK04', 0),
	(180, 'SK04', 0),
	(181, 'SK04', 0),
	(182, 'SK05', 0),
	(183, 'SK05', 0),
	(184, 'SK05', 0),
	(185, 'SK05', 0),
	(186, 'SK05', 0),
	(187, 'SK06', 0),
	(188, 'SK07', 0),
	(189, 'SK08', 0),
	(190, 'SK09', 0),
	(191, 'SK09', 0),
	(192, 'SK10', 0),
	(193, 'SK11', 0),
	(194, 'SK06', 0),
	(195, 'SK07', 0),
	(196, 'SK08', 0),
	(197, 'SK09', 0),
	(198, 'SK10', 0),
	(199, 'SK11', 0),
	(200, 'SK06', 0),
	(201, 'SK07', 0),
	(202, 'SK08', 0),
	(203, 'SK09', 0),
	(204, 'SK10', 0),
	(205, 'SK11', 0),
	(206, 'SK06', 0),
	(207, 'SK07', 0),
	(208, 'SK08', 0),
	(209, 'SK09', 0),
	(210, 'SK10', 0),
	(211, 'SK11', 0),
	(212, 'SK06', 0),
	(213, 'SK07', 0),
	(214, 'SK08', 0),
	(215, 'SK09', 0),
	(216, 'SK10', 0),
	(217, 'SK11', 0),
	(218, 'SK06', 0),
	(219, 'SK07', 0),
	(220, 'SK08', 0),
	(221, 'SK09', 0),
	(222, 'SK10', 0),
	(223, 'SK11', 0),
	(224, 'SK06', 0),
	(225, 'SK07', 0),
	(226, 'SK08', 0),
	(227, 'SK09', 0),
	(228, 'SK10', 0),
	(229, 'SK11', 0),
	(230, 'SK06', 0),
	(231, 'SK07', 0),
	(232, 'SK08', 0),
	(233, 'SK09', 0),
	(234, 'SK10', 0),
	(235, 'SK11', 0),
	(236, 'SK02', 0),
	(237, 'SK02', 0),
	(238, 'SK02', 0),
	(239, 'SK02', 0),
	(240, 'SK02', 0),
	(241, 'SK02', 0),
	(242, 'SK02', 0),
	(243, 'SK02', 0),
	(244, 'SK02', 0),
	(245, 'SK02', 0),
	(246, 'SK02', 0),
	(247, 'SK02', 0),
	(248, 'SK02', 0),
	(249, 'SK02', 0),
	(250, 'SK02', 0),
	(251, 'SK04', 0),
	(252, 'SK04', 0),
	(253, 'SK04', 0),
	(254, 'SK04', 0),
	(255, 'SK04', 0),
	(256, 'SK04', 0),
	(257, 'SK04', 0),
	(258, 'SK04', 0),
	(259, 'SK04', 0),
	(260, 'SK04', 0),
	(261, 'SK04', 0),
	(262, 'SK04', 0),
	(263, 'SK04', 0),
	(264, 'SK04', 0),
	(265, 'SK04', 0),
	(266, 'SK06', 0),
	(267, 'SK06', 0),
	(268, 'SK06', 0),
	(269, 'SK06', 0),
	(270, 'SK06', 0),
	(271, 'SK06', 0),
	(272, 'SK06', 0),
	(273, 'SK06', 0),
	(274, 'SK06', 0),
	(275, 'SK06', 0),
	(276, 'SK06', 0),
	(277, 'SK06', 0),
	(278, 'SK08', 0),
	(279, 'SK08', 0),
	(280, 'SK08', 0),
	(281, 'SK08', 0),
	(282, 'SK08', 0),
	(283, 'SK08', 0),
	(284, 'SK08', 0),
	(285, 'SK08', 0),
	(286, 'SK08', 0),
	(287, 'SK08', 0),
	(288, 'SK08', 0),
	(289, 'SK08', 0),
	(290, 'SK03', 0),
	(291, 'SK03', 0),
	(292, 'SK03', 0),
	(293, 'SK03', 0),
	(294, 'SK03', 0),
	(295, 'SK03', 0),
	(296, 'SK03', 0),
	(297, 'SK03', 0),
	(298, 'SK03', 0),
	(299, 'SK03', 0),
	(300, 'SK01', 0),
	(301, 'SK01', 0),
	(302, 'SK05', 0),
	(303, 'SK05', 0),
	(304, 'SK05', 0),
	(305, 'SK05', 0),
	(306, 'SK05', 0),
	(307, 'SK05', 0),
	(308, 'SK05', 0),
	(309, 'SK05', 0),
	(310, 'SK05', 0),
	(311, 'SK05', 0),
	(312, 'SK07', 0),
	(313, 'SK07', 0),
	(314, 'SK07', 0),
	(315, 'SK07', 0),
	(316, 'SK07', 0),
	(317, 'SK07', 0),
	(318, 'SK07', 0),
	(319, 'SK09', 0),
	(320, 'SK09', 0),
	(321, 'SK09', 0),
	(322, 'SK09', 0),
	(323, 'SK09', 0),
	(324, 'SK09', 0),
	(325, 'SK10', 0),
	(326, 'SK10', 0),
	(327, 'SK11', 0),
	(328, 'SK11', 0),
	(329, 'SK02', 92),
	(330, 'SK07', 92),
	(331, 'SK03', 59),
	(332, 'SK08', 60),
	(333, 'SK09', 75.1884),
	(333, 'SK08', 24.8116),
	(333, 'SK10', 0),
	(334, 'SK05', 97.386),
	(334, 'SK04', 1.775),
	(334, 'SK07', 0.839),
	(335, 'SK01', 83.235),
	(335, 'SK03', 16.59),
	(335, 'SK05', 0.175);
/*!40000 ALTER TABLE `result_detail` ENABLE KEYS */;

-- Dumping structure for table sppkti.skkni_dataset
CREATE TABLE IF NOT EXISTS `skkni_dataset` (
  `id_dataset` int(11) NOT NULL AUTO_INCREMENT,
  `id_hasil` int(11) NOT NULL,
  `id_unit` varchar(5) NOT NULL,
  `nilai` varchar(3) NOT NULL,
  PRIMARY KEY (`id_dataset`),
  KEY `FK_skkni_dataset_skkni_unit` (`id_unit`),
  KEY `key` (`id_hasil`),
  CONSTRAINT `FK_skkni_dataset_result` FOREIGN KEY (`id_hasil`) REFERENCES `result` (`id`),
  CONSTRAINT `FK_skkni_dataset_skkni_unit` FOREIGN KEY (`id_unit`) REFERENCES `skkni_unit` (`id_unit`)
) ENGINE=InnoDB AUTO_INCREMENT=19605 DEFAULT CHARSET=latin1;

-- Dumping data for table sppkti.skkni_dataset: ~18,951 rows (approximately)
/*!40000 ALTER TABLE `skkni_dataset` DISABLE KEYS */;
INSERT INTO `skkni_dataset` (`id_dataset`, `id_hasil`, `id_unit`, `nilai`) VALUES
	(1, 1, 'UK001', 'K'),
	(2, 1, 'UK002', 'K'),
	(3, 1, 'UK003', 'BK'),
	(4, 1, 'UK004', 'K'),
	(5, 1, 'UK005', 'K'),
	(6, 1, 'UK006', 'K'),
	(7, 1, 'UK007', 'K'),
	(8, 1, 'UK008', 'K'),
	(9, 1, 'UK009', 'K'),
	(10, 1, 'UK010', 'K'),
	(11, 1, 'UK011', 'K'),
	(12, 1, 'UK012', 'K'),
	(13, 1, 'UK013', 'K'),
	(14, 1, 'UK014', 'K'),
	(15, 1, 'UK015', 'K'),
	(16, 1, 'UK016', 'K'),
	(17, 1, 'UK017', 'K'),
	(18, 1, 'UK018', 'K'),
	(19, 1, 'UK019', 'K'),
	(20, 1, 'UK020', 'BK'),
	(21, 1, 'UK021', 'BK'),
	(22, 1, 'UK022', 'BK'),
	(23, 1, 'UK023', 'BK'),
	(24, 1, 'UK024', 'BK'),
	(25, 1, 'UK025', 'BK'),
	(26, 1, 'UK026', 'BK'),
	(27, 1, 'UK027', 'BK'),
	(28, 1, 'UK028', 'BK'),
	(29, 1, 'UK029', 'BK'),
	(30, 1, 'UK030', 'K'),
	(31, 1, 'UK031', 'BK'),
	(32, 1, 'UK032', 'BK'),
	(33, 1, 'UK033', 'BK'),
	(34, 1, 'UK034', 'BK'),
	(35, 1, 'UK035', 'K'),
	(36, 1, 'UK036', 'BK'),
	(37, 1, 'UK037', 'K'),
	(38, 1, 'UK038', 'BK'),
	(39, 1, 'UK039', 'BK'),
	(40, 1, 'UK040', 'K'),
	(41, 1, 'UK041', 'K'),
	(42, 1, 'UK042', 'K'),
	(43, 1, 'UK043', 'K'),
	(44, 1, 'UK044', 'BK'),
	(45, 1, 'UK045', 'BK'),
	(46, 1, 'UK046', 'K'),
	(47, 1, 'UK047', 'K'),
	(48, 1, 'UK048', 'BK'),
	(49, 1, 'UK049', 'K'),
	(50, 1, 'UK050', 'K'),
	(51, 1, 'UK051', 'K'),
	(52, 1, 'UK052', 'BK'),
	(53, 1, 'UK053', 'BK'),
	(54, 1, 'UK054', 'BK'),
	(55, 1, 'UK055', 'BK'),
	(56, 1, 'UK056', 'BK'),
	(57, 1, 'UK057', 'BK'),
	(58, 1, 'UK058', 'K'),
	(59, 2, 'UK001', 'K'),
	(60, 2, 'UK002', 'K'),
	(61, 2, 'UK003', 'K'),
	(62, 2, 'UK004', 'K'),
	(63, 2, 'UK005', 'K'),
	(64, 2, 'UK006', 'K'),
	(65, 2, 'UK007', 'K'),
	(66, 2, 'UK008', 'K'),
	(67, 2, 'UK009', 'K'),
	(68, 2, 'UK010', 'K'),
	(69, 2, 'UK011', 'K'),
	(70, 2, 'UK012', 'K'),
	(71, 2, 'UK013', 'K'),
	(72, 2, 'UK014', 'K'),
	(73, 2, 'UK015', 'K'),
	(74, 2, 'UK016', 'K'),
	(75, 2, 'UK017', 'K'),
	(76, 2, 'UK018', 'K'),
	(77, 2, 'UK019', 'BK'),
	(78, 2, 'UK020', 'BK'),
	(79, 2, 'UK021', 'K'),
	(80, 2, 'UK022', 'BK'),
	(81, 2, 'UK023', 'BK'),
	(82, 2, 'UK024', 'BK'),
	(83, 2, 'UK025', 'BK'),
	(84, 2, 'UK026', 'BK'),
	(85, 2, 'UK027', 'K'),
	(86, 2, 'UK028', 'BK'),
	(87, 2, 'UK029', 'BK'),
	(88, 2, 'UK030', 'K'),
	(89, 2, 'UK031', 'K'),
	(90, 2, 'UK032', 'BK'),
	(91, 2, 'UK033', 'K'),
	(92, 2, 'UK034', 'BK'),
	(93, 2, 'UK035', 'BK'),
	(94, 2, 'UK036', 'BK'),
	(95, 2, 'UK037', 'K'),
	(96, 2, 'UK038', 'BK'),
	(97, 2, 'UK039', 'BK'),
	(98, 2, 'UK040', 'K'),
	(99, 2, 'UK041', 'BK'),
	(100, 2, 'UK042', 'K'),
	(101, 2, 'UK043', 'K'),
	(102, 2, 'UK044', 'BK'),
	(103, 2, 'UK045', 'BK'),
	(104, 2, 'UK046', 'K'),
	(105, 2, 'UK047', 'BK'),
	(106, 2, 'UK048', 'BK'),
	(107, 2, 'UK049', 'BK'),
	(108, 2, 'UK050', 'K'),
	(109, 2, 'UK051', 'BK'),
	(110, 2, 'UK052', 'BK'),
	(111, 2, 'UK053', 'K'),
	(112, 2, 'UK054', 'BK'),
	(113, 2, 'UK055', 'BK'),
	(114, 2, 'UK056', 'BK'),
	(115, 2, 'UK057', 'BK'),
	(116, 2, 'UK058', 'K'),
	(117, 3, 'UK001', 'K'),
	(118, 3, 'UK002', 'K'),
	(119, 3, 'UK003', 'K'),
	(120, 3, 'UK004', 'K'),
	(121, 3, 'UK005', 'K'),
	(122, 3, 'UK006', 'K'),
	(123, 3, 'UK007', 'K'),
	(124, 3, 'UK008', 'K'),
	(125, 3, 'UK009', 'K'),
	(126, 3, 'UK010', 'K'),
	(127, 3, 'UK011', 'K'),
	(128, 3, 'UK012', 'K'),
	(129, 3, 'UK013', 'K'),
	(130, 3, 'UK014', 'K'),
	(131, 3, 'UK015', 'K'),
	(132, 3, 'UK016', 'K'),
	(133, 3, 'UK017', 'K'),
	(134, 3, 'UK018', 'K'),
	(135, 3, 'UK019', 'BK'),
	(136, 3, 'UK020', 'BK'),
	(137, 3, 'UK021', 'BK'),
	(138, 3, 'UK022', 'BK'),
	(139, 3, 'UK023', 'BK'),
	(140, 3, 'UK024', 'K'),
	(141, 3, 'UK025', 'BK'),
	(142, 3, 'UK026', 'BK'),
	(143, 3, 'UK027', 'K'),
	(144, 3, 'UK028', 'K'),
	(145, 3, 'UK029', 'BK'),
	(146, 3, 'UK030', 'BK'),
	(147, 3, 'UK031', 'BK'),
	(148, 3, 'UK032', 'K'),
	(149, 3, 'UK033', 'BK'),
	(150, 3, 'UK034', 'K'),
	(151, 3, 'UK035', 'BK'),
	(152, 3, 'UK036', 'K'),
	(153, 3, 'UK037', 'BK'),
	(154, 3, 'UK038', 'BK'),
	(155, 3, 'UK039', 'K'),
	(156, 3, 'UK040', 'BK'),
	(157, 3, 'UK041', 'BK'),
	(158, 3, 'UK042', 'BK'),
	(159, 3, 'UK043', 'BK'),
	(160, 3, 'UK044', 'K'),
	(161, 3, 'UK045', 'BK'),
	(162, 3, 'UK046', 'BK'),
	(163, 3, 'UK047', 'BK'),
	(164, 3, 'UK048', 'K'),
	(165, 3, 'UK049', 'BK'),
	(166, 3, 'UK050', 'BK'),
	(167, 3, 'UK051', 'K'),
	(168, 3, 'UK052', 'K'),
	(169, 3, 'UK053', 'K'),
	(170, 3, 'UK054', 'BK'),
	(171, 3, 'UK055', 'BK'),
	(172, 3, 'UK056', 'K'),
	(173, 3, 'UK057', 'BK'),
	(174, 3, 'UK058', 'BK'),
	(175, 4, 'UK001', 'K'),
	(176, 4, 'UK002', 'K'),
	(177, 4, 'UK003', 'K'),
	(178, 4, 'UK004', 'K'),
	(179, 4, 'UK005', 'K'),
	(180, 4, 'UK006', 'K'),
	(181, 4, 'UK007', 'K'),
	(182, 4, 'UK008', 'K'),
	(183, 4, 'UK009', 'K'),
	(184, 4, 'UK010', 'K'),
	(185, 4, 'UK011', 'K'),
	(186, 4, 'UK012', 'K'),
	(187, 4, 'UK013', 'K'),
	(188, 4, 'UK014', 'K'),
	(189, 4, 'UK015', 'K'),
	(190, 4, 'UK016', 'K'),
	(191, 4, 'UK017', 'K'),
	(192, 4, 'UK018', 'K'),
	(193, 4, 'UK019', 'K'),
	(194, 4, 'UK020', 'BK'),
	(195, 4, 'UK021', 'BK'),
	(196, 4, 'UK022', 'BK'),
	(197, 4, 'UK023', 'BK'),
	(198, 4, 'UK024', 'K'),
	(199, 4, 'UK025', 'BK'),
	(200, 4, 'UK026', 'BK'),
	(201, 4, 'UK027', 'BK'),
	(202, 4, 'UK028', 'K'),
	(203, 4, 'UK029', 'K'),
	(204, 4, 'UK030', 'BK'),
	(205, 4, 'UK031', 'K'),
	(206, 4, 'UK032', 'BK'),
	(207, 4, 'UK033', 'BK'),
	(208, 4, 'UK034', 'K'),
	(209, 4, 'UK035', 'BK'),
	(210, 4, 'UK036', 'BK'),
	(211, 4, 'UK037', 'BK'),
	(212, 4, 'UK038', 'K'),
	(213, 4, 'UK039', 'BK'),
	(214, 4, 'UK040', 'K'),
	(215, 4, 'UK041', 'BK'),
	(216, 4, 'UK042', 'K'),
	(217, 4, 'UK043', 'K'),
	(218, 4, 'UK044', 'BK'),
	(219, 4, 'UK045', 'BK'),
	(220, 4, 'UK046', 'BK'),
	(221, 4, 'UK047', 'K'),
	(222, 4, 'UK048', 'BK'),
	(223, 4, 'UK049', 'BK'),
	(224, 4, 'UK050', 'BK'),
	(225, 4, 'UK051', 'BK'),
	(226, 4, 'UK052', 'K'),
	(227, 4, 'UK053', 'BK'),
	(228, 4, 'UK054', 'BK'),
	(229, 4, 'UK055', 'K'),
	(230, 4, 'UK056', 'K'),
	(231, 4, 'UK057', 'BK'),
	(232, 4, 'UK058', 'BK'),
	(233, 5, 'UK001', 'K'),
	(234, 5, 'UK002', 'K'),
	(235, 5, 'UK003', 'K'),
	(236, 5, 'UK004', 'K'),
	(237, 5, 'UK005', 'K'),
	(238, 5, 'UK006', 'K'),
	(239, 5, 'UK007', 'K'),
	(240, 5, 'UK008', 'K'),
	(241, 5, 'UK009', 'K'),
	(242, 5, 'UK010', 'K'),
	(243, 5, 'UK011', 'K'),
	(244, 5, 'UK012', 'K'),
	(245, 5, 'UK013', 'K'),
	(246, 5, 'UK014', 'K'),
	(247, 5, 'UK015', 'K'),
	(248, 5, 'UK016', 'K'),
	(249, 5, 'UK017', 'K'),
	(250, 5, 'UK018', 'K'),
	(251, 5, 'UK019', 'BK'),
	(252, 5, 'UK020', 'BK'),
	(253, 5, 'UK021', 'K'),
	(254, 5, 'UK022', 'K'),
	(255, 5, 'UK023', 'K'),
	(256, 5, 'UK024', 'BK'),
	(257, 5, 'UK025', 'BK'),
	(258, 5, 'UK026', 'K'),
	(259, 5, 'UK027', 'BK'),
	(260, 5, 'UK028', 'BK'),
	(261, 5, 'UK029', 'BK'),
	(262, 5, 'UK030', 'BK'),
	(263, 5, 'UK031', 'BK'),
	(264, 5, 'UK032', 'K'),
	(265, 5, 'UK033', 'BK'),
	(266, 5, 'UK034', 'K'),
	(267, 5, 'UK035', 'K'),
	(268, 5, 'UK036', 'K'),
	(269, 5, 'UK037', 'K'),
	(270, 5, 'UK038', 'BK'),
	(271, 5, 'UK039', 'K'),
	(272, 5, 'UK040', 'BK'),
	(273, 5, 'UK041', 'K'),
	(274, 5, 'UK042', 'BK'),
	(275, 5, 'UK043', 'BK'),
	(276, 5, 'UK044', 'BK'),
	(277, 5, 'UK045', 'K'),
	(278, 5, 'UK046', 'BK'),
	(279, 5, 'UK047', 'BK'),
	(280, 5, 'UK048', 'K'),
	(281, 5, 'UK049', 'K'),
	(282, 5, 'UK050', 'K'),
	(283, 5, 'UK051', 'BK'),
	(284, 5, 'UK052', 'K'),
	(285, 5, 'UK053', 'K'),
	(286, 5, 'UK054', 'BK'),
	(287, 5, 'UK055', 'BK'),
	(288, 5, 'UK056', 'BK'),
	(289, 5, 'UK057', 'BK'),
	(290, 5, 'UK058', 'BK'),
	(291, 6, 'UK001', 'K'),
	(292, 6, 'UK002', 'K'),
	(293, 6, 'UK003', 'K'),
	(294, 6, 'UK004', 'K'),
	(295, 6, 'UK005', 'K'),
	(296, 6, 'UK006', 'K'),
	(297, 6, 'UK007', 'K'),
	(298, 6, 'UK008', 'K'),
	(299, 6, 'UK009', 'K'),
	(300, 6, 'UK010', 'K'),
	(301, 6, 'UK011', 'K'),
	(302, 6, 'UK012', 'K'),
	(303, 6, 'UK013', 'K'),
	(304, 6, 'UK014', 'K'),
	(305, 6, 'UK015', 'K'),
	(306, 6, 'UK016', 'K'),
	(307, 6, 'UK017', 'K'),
	(308, 6, 'UK018', 'K'),
	(309, 6, 'UK019', 'BK'),
	(310, 6, 'UK020', 'BK'),
	(311, 6, 'UK021', 'BK'),
	(312, 6, 'UK022', 'K'),
	(313, 6, 'UK023', 'BK'),
	(314, 6, 'UK024', 'BK'),
	(315, 6, 'UK025', 'BK'),
	(316, 6, 'UK026', 'K'),
	(317, 6, 'UK027', 'BK'),
	(318, 6, 'UK028', 'BK'),
	(319, 6, 'UK029', 'BK'),
	(320, 6, 'UK030', 'K'),
	(321, 6, 'UK031', 'K'),
	(322, 6, 'UK032', 'K'),
	(323, 6, 'UK033', 'BK'),
	(324, 6, 'UK034', 'K'),
	(325, 6, 'UK035', 'BK'),
	(326, 6, 'UK036', 'BK'),
	(327, 6, 'UK037', 'K'),
	(328, 6, 'UK038', 'K'),
	(329, 6, 'UK039', 'K'),
	(330, 6, 'UK040', 'K'),
	(331, 6, 'UK041', 'BK'),
	(332, 6, 'UK042', 'BK'),
	(333, 6, 'UK043', 'BK'),
	(334, 6, 'UK044', 'K'),
	(335, 6, 'UK045', 'BK'),
	(336, 6, 'UK046', 'K'),
	(337, 6, 'UK047', 'K'),
	(338, 6, 'UK048', 'K'),
	(339, 6, 'UK049', 'BK'),
	(340, 6, 'UK050', 'BK'),
	(341, 6, 'UK051', 'BK'),
	(342, 6, 'UK052', 'BK'),
	(343, 6, 'UK053', 'BK'),
	(344, 6, 'UK054', 'BK'),
	(345, 6, 'UK055', 'BK'),
	(346, 6, 'UK056', 'K'),
	(347, 6, 'UK057', 'BK'),
	(348, 6, 'UK058', 'BK'),
	(349, 7, 'UK001', 'K'),
	(350, 7, 'UK002', 'K'),
	(351, 7, 'UK003', 'K'),
	(352, 7, 'UK004', 'K'),
	(353, 7, 'UK005', 'K'),
	(354, 7, 'UK006', 'K'),
	(355, 7, 'UK007', 'K'),
	(356, 7, 'UK008', 'K'),
	(357, 7, 'UK009', 'K'),
	(358, 7, 'UK010', 'BK'),
	(359, 7, 'UK011', 'K'),
	(360, 7, 'UK012', 'K'),
	(361, 7, 'UK013', 'K'),
	(362, 7, 'UK014', 'K'),
	(363, 7, 'UK015', 'K'),
	(364, 7, 'UK016', 'K'),
	(365, 7, 'UK017', 'K'),
	(366, 7, 'UK018', 'K'),
	(367, 7, 'UK019', 'BK'),
	(368, 7, 'UK020', 'K'),
	(369, 7, 'UK021', 'BK'),
	(370, 7, 'UK022', 'BK'),
	(371, 7, 'UK023', 'BK'),
	(372, 7, 'UK024', 'K'),
	(373, 7, 'UK025', 'K'),
	(374, 7, 'UK026', 'BK'),
	(375, 7, 'UK027', 'BK'),
	(376, 7, 'UK028', 'K'),
	(377, 7, 'UK029', 'BK'),
	(378, 7, 'UK030', 'BK'),
	(379, 7, 'UK031', 'BK'),
	(380, 7, 'UK032', 'K'),
	(381, 7, 'UK033', 'BK'),
	(382, 7, 'UK034', 'K'),
	(383, 7, 'UK035', 'BK'),
	(384, 7, 'UK036', 'BK'),
	(385, 7, 'UK037', 'BK'),
	(386, 7, 'UK038', 'BK'),
	(387, 7, 'UK039', 'BK'),
	(388, 7, 'UK040', 'BK'),
	(389, 7, 'UK041', 'BK'),
	(390, 7, 'UK042', 'K'),
	(391, 7, 'UK043', 'BK'),
	(392, 7, 'UK044', 'BK'),
	(393, 7, 'UK045', 'BK'),
	(394, 7, 'UK046', 'K'),
	(395, 7, 'UK047', 'BK'),
	(396, 7, 'UK048', 'K'),
	(397, 7, 'UK049', 'BK'),
	(398, 7, 'UK050', 'BK'),
	(399, 7, 'UK051', 'K'),
	(400, 7, 'UK052', 'BK'),
	(401, 7, 'UK053', 'BK'),
	(402, 7, 'UK054', 'K'),
	(403, 7, 'UK055', 'BK'),
	(404, 7, 'UK056', 'K'),
	(405, 7, 'UK057', 'BK'),
	(406, 7, 'UK058', 'K'),
	(407, 8, 'UK001', 'K'),
	(408, 8, 'UK002', 'K'),
	(409, 8, 'UK003', 'K'),
	(410, 8, 'UK004', 'K'),
	(411, 8, 'UK005', 'K'),
	(412, 8, 'UK006', 'K'),
	(413, 8, 'UK007', 'K'),
	(414, 8, 'UK008', 'K'),
	(415, 8, 'UK009', 'K'),
	(416, 8, 'UK010', 'K'),
	(417, 8, 'UK011', 'K'),
	(418, 8, 'UK012', 'K'),
	(419, 8, 'UK013', 'K'),
	(420, 8, 'UK014', 'K'),
	(421, 8, 'UK015', 'K'),
	(422, 8, 'UK016', 'K'),
	(423, 8, 'UK017', 'K'),
	(424, 8, 'UK018', 'K'),
	(425, 8, 'UK019', 'K'),
	(426, 8, 'UK020', 'BK'),
	(427, 8, 'UK021', 'BK'),
	(428, 8, 'UK022', 'BK'),
	(429, 8, 'UK023', 'BK'),
	(430, 8, 'UK024', 'BK'),
	(431, 8, 'UK025', 'K'),
	(432, 8, 'UK026', 'BK'),
	(433, 8, 'UK027', 'BK'),
	(434, 8, 'UK028', 'BK'),
	(435, 8, 'UK029', 'K'),
	(436, 8, 'UK030', 'BK'),
	(437, 8, 'UK031', 'BK'),
	(438, 8, 'UK032', 'BK'),
	(439, 8, 'UK033', 'K'),
	(440, 8, 'UK034', 'BK'),
	(441, 8, 'UK035', 'K'),
	(442, 8, 'UK036', 'BK'),
	(443, 8, 'UK037', 'BK'),
	(444, 8, 'UK038', 'BK'),
	(445, 8, 'UK039', 'BK'),
	(446, 8, 'UK040', 'K'),
	(447, 8, 'UK041', 'K'),
	(448, 8, 'UK042', 'K'),
	(449, 8, 'UK043', 'BK'),
	(450, 8, 'UK044', 'BK'),
	(451, 8, 'UK045', 'K'),
	(452, 8, 'UK046', 'K'),
	(453, 8, 'UK047', 'K'),
	(454, 8, 'UK048', 'BK'),
	(455, 8, 'UK049', 'K'),
	(456, 8, 'UK050', 'BK'),
	(457, 8, 'UK051', 'BK'),
	(458, 8, 'UK052', 'BK'),
	(459, 8, 'UK053', 'BK'),
	(460, 8, 'UK054', 'K'),
	(461, 8, 'UK055', 'K'),
	(462, 8, 'UK056', 'K'),
	(463, 8, 'UK057', 'BK'),
	(464, 8, 'UK058', 'BK'),
	(465, 9, 'UK001', 'K'),
	(466, 9, 'UK002', 'K'),
	(467, 9, 'UK003', 'K'),
	(468, 9, 'UK004', 'K'),
	(469, 9, 'UK005', 'K'),
	(470, 9, 'UK006', 'K'),
	(471, 9, 'UK007', 'K'),
	(472, 9, 'UK008', 'K'),
	(473, 9, 'UK009', 'K'),
	(474, 9, 'UK010', 'K'),
	(475, 9, 'UK011', 'K'),
	(476, 9, 'UK012', 'K'),
	(477, 9, 'UK013', 'K'),
	(478, 9, 'UK014', 'K'),
	(479, 9, 'UK015', 'K'),
	(480, 9, 'UK016', 'K'),
	(481, 9, 'UK017', 'K'),
	(482, 9, 'UK018', 'K'),
	(483, 9, 'UK019', 'BK'),
	(484, 9, 'UK020', 'BK'),
	(485, 9, 'UK021', 'BK'),
	(486, 9, 'UK022', 'BK'),
	(487, 9, 'UK023', 'BK'),
	(488, 9, 'UK024', 'BK'),
	(489, 9, 'UK025', 'BK'),
	(490, 9, 'UK026', 'BK'),
	(491, 9, 'UK027', 'K'),
	(492, 9, 'UK028', 'K'),
	(493, 9, 'UK029', 'BK'),
	(494, 9, 'UK030', 'BK'),
	(495, 9, 'UK031', 'K'),
	(496, 9, 'UK032', 'BK'),
	(497, 9, 'UK033', 'BK'),
	(498, 9, 'UK034', 'BK'),
	(499, 9, 'UK035', 'BK'),
	(500, 9, 'UK036', 'K'),
	(501, 9, 'UK037', 'K'),
	(502, 9, 'UK038', 'BK'),
	(503, 9, 'UK039', 'K'),
	(504, 9, 'UK040', 'BK'),
	(505, 9, 'UK041', 'BK'),
	(506, 9, 'UK042', 'BK'),
	(507, 9, 'UK043', 'BK'),
	(508, 9, 'UK044', 'BK'),
	(509, 9, 'UK045', 'BK'),
	(510, 9, 'UK046', 'BK'),
	(511, 9, 'UK047', 'BK'),
	(512, 9, 'UK048', 'BK'),
	(513, 9, 'UK049', 'K'),
	(514, 9, 'UK050', 'K'),
	(515, 9, 'UK051', 'BK'),
	(516, 9, 'UK052', 'K'),
	(517, 9, 'UK053', 'BK'),
	(518, 9, 'UK054', 'BK'),
	(519, 9, 'UK055', 'K'),
	(520, 9, 'UK056', 'K'),
	(521, 9, 'UK057', 'BK'),
	(522, 9, 'UK058', 'K'),
	(523, 10, 'UK001', 'BK'),
	(524, 10, 'UK002', 'BK'),
	(525, 10, 'UK003', 'K'),
	(526, 10, 'UK004', 'BK'),
	(527, 10, 'UK005', 'BK'),
	(528, 10, 'UK006', 'K'),
	(529, 10, 'UK007', 'K'),
	(530, 10, 'UK008', 'K'),
	(531, 10, 'UK009', 'K'),
	(532, 10, 'UK010', 'BK'),
	(533, 10, 'UK011', 'BK'),
	(534, 10, 'UK012', 'BK'),
	(535, 10, 'UK013', 'BK'),
	(536, 10, 'UK014', 'BK'),
	(537, 10, 'UK015', 'BK'),
	(538, 10, 'UK016', 'BK'),
	(539, 10, 'UK017', 'K'),
	(540, 10, 'UK018', 'BK'),
	(541, 10, 'UK019', 'K'),
	(542, 10, 'UK020', 'BK'),
	(543, 10, 'UK021', 'K'),
	(544, 10, 'UK022', 'K'),
	(545, 10, 'UK023', 'K'),
	(546, 10, 'UK024', 'BK'),
	(547, 10, 'UK025', 'K'),
	(548, 10, 'UK026', 'K'),
	(549, 10, 'UK027', 'K'),
	(550, 10, 'UK028', 'K'),
	(551, 10, 'UK029', 'K'),
	(552, 10, 'UK030', 'K'),
	(553, 10, 'UK031', 'K'),
	(554, 10, 'UK032', 'K'),
	(555, 10, 'UK033', 'K'),
	(556, 10, 'UK034', 'K'),
	(557, 10, 'UK035', 'BK'),
	(558, 10, 'UK036', 'K'),
	(559, 10, 'UK037', 'BK'),
	(560, 10, 'UK038', 'BK'),
	(561, 10, 'UK039', 'BK'),
	(562, 10, 'UK040', 'K'),
	(563, 10, 'UK041', 'K'),
	(564, 10, 'UK042', 'BK'),
	(565, 10, 'UK043', 'BK'),
	(566, 10, 'UK044', 'BK'),
	(567, 10, 'UK045', 'BK'),
	(568, 10, 'UK046', 'BK'),
	(569, 10, 'UK047', 'K'),
	(570, 10, 'UK048', 'BK'),
	(571, 10, 'UK049', 'BK'),
	(572, 10, 'UK050', 'BK'),
	(573, 10, 'UK051', 'K'),
	(574, 10, 'UK052', 'BK'),
	(575, 10, 'UK053', 'BK'),
	(576, 10, 'UK054', 'K'),
	(577, 10, 'UK055', 'K'),
	(578, 10, 'UK056', 'K'),
	(579, 10, 'UK057', 'K'),
	(580, 10, 'UK058', 'BK'),
	(581, 11, 'UK001', 'BK'),
	(582, 11, 'UK002', 'BK'),
	(583, 11, 'UK003', 'K'),
	(584, 11, 'UK004', 'K'),
	(585, 11, 'UK005', 'K'),
	(586, 11, 'UK006', 'K'),
	(587, 11, 'UK007', 'K'),
	(588, 11, 'UK008', 'K'),
	(589, 11, 'UK009', 'K'),
	(590, 11, 'UK010', 'K'),
	(591, 11, 'UK011', 'BK'),
	(592, 11, 'UK012', 'BK'),
	(593, 11, 'UK013', 'K'),
	(594, 11, 'UK014', 'BK'),
	(595, 11, 'UK015', 'K'),
	(596, 11, 'UK016', 'BK'),
	(597, 11, 'UK017', 'BK'),
	(598, 11, 'UK018', 'BK'),
	(599, 11, 'UK019', 'K'),
	(600, 11, 'UK020', 'BK'),
	(601, 11, 'UK021', 'K'),
	(602, 11, 'UK022', 'K'),
	(603, 11, 'UK023', 'K'),
	(604, 11, 'UK024', 'K'),
	(605, 11, 'UK025', 'K'),
	(606, 11, 'UK026', 'K'),
	(607, 11, 'UK027', 'K'),
	(608, 11, 'UK028', 'K'),
	(609, 11, 'UK029', 'K'),
	(610, 11, 'UK030', 'K'),
	(611, 11, 'UK031', 'K'),
	(612, 11, 'UK032', 'K'),
	(613, 11, 'UK033', 'K'),
	(614, 11, 'UK034', 'BK'),
	(615, 11, 'UK035', 'BK'),
	(616, 11, 'UK036', 'BK'),
	(617, 11, 'UK037', 'BK'),
	(618, 11, 'UK038', 'K'),
	(619, 11, 'UK039', 'K'),
	(620, 11, 'UK040', 'BK'),
	(621, 11, 'UK041', 'BK'),
	(622, 11, 'UK042', 'K'),
	(623, 11, 'UK043', 'BK'),
	(624, 11, 'UK044', 'BK'),
	(625, 11, 'UK045', 'BK'),
	(626, 11, 'UK046', 'BK'),
	(627, 11, 'UK047', 'BK'),
	(628, 11, 'UK048', 'K'),
	(629, 11, 'UK049', 'K'),
	(630, 11, 'UK050', 'BK'),
	(631, 11, 'UK051', 'BK'),
	(632, 11, 'UK052', 'BK'),
	(633, 11, 'UK053', 'K'),
	(634, 11, 'UK054', 'BK'),
	(635, 11, 'UK055', 'BK'),
	(636, 11, 'UK056', 'BK'),
	(637, 11, 'UK057', 'K'),
	(638, 11, 'UK058', 'BK'),
	(639, 12, 'UK001', 'K'),
	(640, 12, 'UK002', 'BK'),
	(641, 12, 'UK003', 'K'),
	(642, 12, 'UK004', 'BK'),
	(643, 12, 'UK005', 'K'),
	(644, 12, 'UK006', 'K'),
	(645, 12, 'UK007', 'K'),
	(646, 12, 'UK008', 'K'),
	(647, 12, 'UK009', 'K'),
	(648, 12, 'UK010', 'BK'),
	(649, 12, 'UK011', 'K'),
	(650, 12, 'UK012', 'K'),
	(651, 12, 'UK013', 'K'),
	(652, 12, 'UK014', 'BK'),
	(653, 12, 'UK015', 'BK'),
	(654, 12, 'UK016', 'BK'),
	(655, 12, 'UK017', 'BK'),
	(656, 12, 'UK018', 'K'),
	(657, 12, 'UK019', 'K'),
	(658, 12, 'UK020', 'BK'),
	(659, 12, 'UK021', 'K'),
	(660, 12, 'UK022', 'K'),
	(661, 12, 'UK023', 'K'),
	(662, 12, 'UK024', 'BK'),
	(663, 12, 'UK025', 'K'),
	(664, 12, 'UK026', 'K'),
	(665, 12, 'UK027', 'K'),
	(666, 12, 'UK028', 'K'),
	(667, 12, 'UK029', 'K'),
	(668, 12, 'UK030', 'K'),
	(669, 12, 'UK031', 'K'),
	(670, 12, 'UK032', 'K'),
	(671, 12, 'UK033', 'K'),
	(672, 12, 'UK034', 'K'),
	(673, 12, 'UK035', 'BK'),
	(674, 12, 'UK036', 'BK'),
	(675, 12, 'UK037', 'BK'),
	(676, 12, 'UK038', 'K'),
	(677, 12, 'UK039', 'BK'),
	(678, 12, 'UK040', 'BK'),
	(679, 12, 'UK041', 'K'),
	(680, 12, 'UK042', 'BK'),
	(681, 12, 'UK043', 'BK'),
	(682, 12, 'UK044', 'K'),
	(683, 12, 'UK045', 'BK'),
	(684, 12, 'UK046', 'BK'),
	(685, 12, 'UK047', 'BK'),
	(686, 12, 'UK048', 'BK'),
	(687, 12, 'UK049', 'K'),
	(688, 12, 'UK050', 'K'),
	(689, 12, 'UK051', 'BK'),
	(690, 12, 'UK052', 'K'),
	(691, 12, 'UK053', 'K'),
	(692, 12, 'UK054', 'BK'),
	(693, 12, 'UK055', 'K'),
	(694, 12, 'UK056', 'BK'),
	(695, 12, 'UK057', 'K'),
	(696, 12, 'UK058', 'K'),
	(697, 13, 'UK001', 'BK'),
	(698, 13, 'UK002', 'BK'),
	(699, 13, 'UK003', 'K'),
	(700, 13, 'UK004', 'K'),
	(701, 13, 'UK005', 'BK'),
	(702, 13, 'UK006', 'K'),
	(703, 13, 'UK007', 'BK'),
	(704, 13, 'UK008', 'K'),
	(705, 13, 'UK009', 'K'),
	(706, 13, 'UK010', 'BK'),
	(707, 13, 'UK011', 'BK'),
	(708, 13, 'UK012', 'BK'),
	(709, 13, 'UK013', 'K'),
	(710, 13, 'UK014', 'K'),
	(711, 13, 'UK015', 'BK'),
	(712, 13, 'UK016', 'BK'),
	(713, 13, 'UK017', 'BK'),
	(714, 13, 'UK018', 'BK'),
	(715, 13, 'UK019', 'K'),
	(716, 13, 'UK020', 'K'),
	(717, 13, 'UK021', 'K'),
	(718, 13, 'UK022', 'K'),
	(719, 13, 'UK023', 'K'),
	(720, 13, 'UK024', 'K'),
	(721, 13, 'UK025', 'K'),
	(722, 13, 'UK026', 'K'),
	(723, 13, 'UK027', 'BK'),
	(724, 13, 'UK028', 'K'),
	(725, 13, 'UK029', 'K'),
	(726, 13, 'UK030', 'BK'),
	(727, 13, 'UK031', 'BK'),
	(728, 13, 'UK032', 'BK'),
	(729, 13, 'UK033', 'BK'),
	(730, 13, 'UK034', 'K'),
	(731, 13, 'UK035', 'K'),
	(732, 13, 'UK036', 'BK'),
	(733, 13, 'UK037', 'K'),
	(734, 13, 'UK038', 'BK'),
	(735, 13, 'UK039', 'K'),
	(736, 13, 'UK040', 'BK'),
	(737, 13, 'UK041', 'BK'),
	(738, 13, 'UK042', 'K'),
	(739, 13, 'UK043', 'BK'),
	(740, 13, 'UK044', 'BK'),
	(741, 13, 'UK045', 'BK'),
	(742, 13, 'UK046', 'BK'),
	(743, 13, 'UK047', 'K'),
	(744, 13, 'UK048', 'BK'),
	(745, 13, 'UK049', 'BK'),
	(746, 13, 'UK050', 'BK'),
	(747, 13, 'UK051', 'K'),
	(748, 13, 'UK052', 'K'),
	(749, 13, 'UK053', 'BK'),
	(750, 13, 'UK054', 'BK'),
	(751, 13, 'UK055', 'K'),
	(752, 13, 'UK056', 'K'),
	(753, 13, 'UK057', 'BK'),
	(754, 13, 'UK058', 'K'),
	(755, 14, 'UK001', 'BK'),
	(756, 14, 'UK002', 'K'),
	(757, 14, 'UK003', 'BK'),
	(758, 14, 'UK004', 'BK'),
	(759, 14, 'UK005', 'K'),
	(760, 14, 'UK006', 'K'),
	(761, 14, 'UK007', 'K'),
	(762, 14, 'UK008', 'K'),
	(763, 14, 'UK009', 'BK'),
	(764, 14, 'UK010', 'K'),
	(765, 14, 'UK011', 'K'),
	(766, 14, 'UK012', 'K'),
	(767, 14, 'UK013', 'BK'),
	(768, 14, 'UK014', 'BK'),
	(769, 14, 'UK015', 'BK'),
	(770, 14, 'UK016', 'K'),
	(771, 14, 'UK017', 'K'),
	(772, 14, 'UK018', 'BK'),
	(773, 14, 'UK019', 'K'),
	(774, 14, 'UK020', 'K'),
	(775, 14, 'UK021', 'K'),
	(776, 14, 'UK022', 'K'),
	(777, 14, 'UK023', 'K'),
	(778, 14, 'UK024', 'K'),
	(779, 14, 'UK025', 'K'),
	(780, 14, 'UK026', 'K'),
	(781, 14, 'UK027', 'K'),
	(782, 14, 'UK028', 'K'),
	(783, 14, 'UK029', 'BK'),
	(784, 14, 'UK030', 'K'),
	(785, 14, 'UK031', 'BK'),
	(786, 14, 'UK032', 'BK'),
	(787, 14, 'UK033', 'BK'),
	(788, 14, 'UK034', 'BK'),
	(789, 14, 'UK035', 'BK'),
	(790, 14, 'UK036', 'K'),
	(791, 14, 'UK037', 'BK'),
	(792, 14, 'UK038', 'BK'),
	(793, 14, 'UK039', 'BK'),
	(794, 14, 'UK040', 'BK'),
	(795, 14, 'UK041', 'BK'),
	(796, 14, 'UK042', 'BK'),
	(797, 14, 'UK043', 'K'),
	(798, 14, 'UK044', 'K'),
	(799, 14, 'UK045', 'BK'),
	(800, 14, 'UK046', 'BK'),
	(801, 14, 'UK047', 'BK'),
	(802, 14, 'UK048', 'BK'),
	(803, 14, 'UK049', 'BK'),
	(804, 14, 'UK050', 'K'),
	(805, 14, 'UK051', 'BK'),
	(806, 14, 'UK052', 'BK'),
	(807, 14, 'UK053', 'BK'),
	(808, 14, 'UK054', 'BK'),
	(809, 14, 'UK055', 'BK'),
	(810, 14, 'UK056', 'BK'),
	(811, 14, 'UK057', 'K'),
	(812, 14, 'UK058', 'K'),
	(813, 15, 'UK001', 'BK'),
	(814, 15, 'UK002', 'BK'),
	(815, 15, 'UK003', 'BK'),
	(816, 15, 'UK004', 'BK'),
	(817, 15, 'UK005', 'BK'),
	(818, 15, 'UK006', 'K'),
	(819, 15, 'UK007', 'K'),
	(820, 15, 'UK008', 'K'),
	(821, 15, 'UK009', 'K'),
	(822, 15, 'UK010', 'BK'),
	(823, 15, 'UK011', 'BK'),
	(824, 15, 'UK012', 'BK'),
	(825, 15, 'UK013', 'BK'),
	(826, 15, 'UK014', 'K'),
	(827, 15, 'UK015', 'K'),
	(828, 15, 'UK016', 'BK'),
	(829, 15, 'UK017', 'BK'),
	(830, 15, 'UK018', 'K'),
	(831, 15, 'UK019', 'K'),
	(832, 15, 'UK020', 'K'),
	(833, 15, 'UK021', 'K'),
	(834, 15, 'UK022', 'K'),
	(835, 15, 'UK023', 'K'),
	(836, 15, 'UK024', 'K'),
	(837, 15, 'UK025', 'K'),
	(838, 15, 'UK026', 'K'),
	(839, 15, 'UK027', 'BK'),
	(840, 15, 'UK028', 'BK'),
	(841, 15, 'UK029', 'K'),
	(842, 15, 'UK030', 'BK'),
	(843, 15, 'UK031', 'K'),
	(844, 15, 'UK032', 'BK'),
	(845, 15, 'UK033', 'BK'),
	(846, 15, 'UK034', 'K'),
	(847, 15, 'UK035', 'BK'),
	(848, 15, 'UK036', 'K'),
	(849, 15, 'UK037', 'K'),
	(850, 15, 'UK038', 'K'),
	(851, 15, 'UK039', 'BK'),
	(852, 15, 'UK040', 'BK'),
	(853, 15, 'UK041', 'BK'),
	(854, 15, 'UK042', 'K'),
	(855, 15, 'UK043', 'BK'),
	(856, 15, 'UK044', 'K'),
	(857, 15, 'UK045', 'BK'),
	(858, 15, 'UK046', 'BK'),
	(859, 15, 'UK047', 'BK'),
	(860, 15, 'UK048', 'BK'),
	(861, 15, 'UK049', 'K'),
	(862, 15, 'UK050', 'BK'),
	(863, 15, 'UK051', 'K'),
	(864, 15, 'UK052', 'K'),
	(865, 15, 'UK053', 'BK'),
	(866, 15, 'UK054', 'K'),
	(867, 15, 'UK055', 'K'),
	(868, 15, 'UK056', 'BK'),
	(869, 15, 'UK057', 'BK'),
	(870, 15, 'UK058', 'K'),
	(871, 16, 'UK001', 'K'),
	(872, 16, 'UK002', 'K'),
	(873, 16, 'UK003', 'K'),
	(874, 16, 'UK004', 'BK'),
	(875, 16, 'UK005', 'BK'),
	(876, 16, 'UK006', 'BK'),
	(877, 16, 'UK007', 'BK'),
	(878, 16, 'UK008', 'BK'),
	(879, 16, 'UK009', 'K'),
	(880, 16, 'UK010', 'BK'),
	(881, 16, 'UK011', 'K'),
	(882, 16, 'UK012', 'BK'),
	(883, 16, 'UK013', 'BK'),
	(884, 16, 'UK014', 'K'),
	(885, 16, 'UK015', 'BK'),
	(886, 16, 'UK016', 'BK'),
	(887, 16, 'UK017', 'BK'),
	(888, 16, 'UK018', 'K'),
	(889, 16, 'UK019', 'K'),
	(890, 16, 'UK020', 'BK'),
	(891, 16, 'UK021', 'K'),
	(892, 16, 'UK022', 'K'),
	(893, 16, 'UK023', 'K'),
	(894, 16, 'UK024', 'K'),
	(895, 16, 'UK025', 'K'),
	(896, 16, 'UK026', 'K'),
	(897, 16, 'UK027', 'K'),
	(898, 16, 'UK028', 'BK'),
	(899, 16, 'UK029', 'K'),
	(900, 16, 'UK030', 'K'),
	(901, 16, 'UK031', 'BK'),
	(902, 16, 'UK032', 'BK'),
	(903, 16, 'UK033', 'K'),
	(904, 16, 'UK034', 'BK'),
	(905, 16, 'UK035', 'K'),
	(906, 16, 'UK036', 'BK'),
	(907, 16, 'UK037', 'K'),
	(908, 16, 'UK038', 'K'),
	(909, 16, 'UK039', 'BK'),
	(910, 16, 'UK040', 'K'),
	(911, 16, 'UK041', 'BK'),
	(912, 16, 'UK042', 'BK'),
	(913, 16, 'UK043', 'BK'),
	(914, 16, 'UK044', 'K'),
	(915, 16, 'UK045', 'K'),
	(916, 16, 'UK046', 'K'),
	(917, 16, 'UK047', 'BK'),
	(918, 16, 'UK048', 'BK'),
	(919, 16, 'UK049', 'BK'),
	(920, 16, 'UK050', 'BK'),
	(921, 16, 'UK051', 'BK'),
	(922, 16, 'UK052', 'BK'),
	(923, 16, 'UK053', 'BK'),
	(924, 16, 'UK054', 'BK'),
	(925, 16, 'UK055', 'K'),
	(926, 16, 'UK056', 'BK'),
	(927, 16, 'UK057', 'BK'),
	(928, 16, 'UK058', 'K'),
	(929, 17, 'UK001', 'K'),
	(930, 17, 'UK002', 'K'),
	(931, 17, 'UK003', 'K'),
	(932, 17, 'UK004', 'BK'),
	(933, 17, 'UK005', 'K'),
	(934, 17, 'UK006', 'BK'),
	(935, 17, 'UK007', 'BK'),
	(936, 17, 'UK008', 'BK'),
	(937, 17, 'UK009', 'K'),
	(938, 17, 'UK010', 'BK'),
	(939, 17, 'UK011', 'K'),
	(940, 17, 'UK012', 'BK'),
	(941, 17, 'UK013', 'BK'),
	(942, 17, 'UK014', 'K'),
	(943, 17, 'UK015', 'BK'),
	(944, 17, 'UK016', 'BK'),
	(945, 17, 'UK017', 'BK'),
	(946, 17, 'UK018', 'K'),
	(947, 17, 'UK019', 'K'),
	(948, 17, 'UK020', 'BK'),
	(949, 17, 'UK021', 'K'),
	(950, 17, 'UK022', 'K'),
	(951, 17, 'UK023', 'K'),
	(952, 17, 'UK024', 'K'),
	(953, 17, 'UK025', 'BK'),
	(954, 17, 'UK026', 'K'),
	(955, 17, 'UK027', 'K'),
	(956, 17, 'UK028', 'BK'),
	(957, 17, 'UK029', 'K'),
	(958, 17, 'UK030', 'K'),
	(959, 17, 'UK031', 'BK'),
	(960, 17, 'UK032', 'BK'),
	(961, 17, 'UK033', 'K'),
	(962, 17, 'UK034', 'BK'),
	(963, 17, 'UK035', 'K'),
	(964, 17, 'UK036', 'K'),
	(965, 17, 'UK037', 'K'),
	(966, 17, 'UK038', 'K'),
	(967, 17, 'UK039', 'K'),
	(968, 17, 'UK040', 'K'),
	(969, 17, 'UK041', 'BK'),
	(970, 17, 'UK042', 'BK'),
	(971, 17, 'UK043', 'K'),
	(972, 17, 'UK044', 'BK'),
	(973, 17, 'UK045', 'K'),
	(974, 17, 'UK046', 'K'),
	(975, 17, 'UK047', 'K'),
	(976, 17, 'UK048', 'K'),
	(977, 17, 'UK049', 'BK'),
	(978, 17, 'UK050', 'BK'),
	(979, 17, 'UK051', 'BK'),
	(980, 17, 'UK052', 'K'),
	(981, 17, 'UK053', 'BK'),
	(982, 17, 'UK054', 'BK'),
	(983, 17, 'UK055', 'BK'),
	(984, 17, 'UK056', 'K'),
	(985, 17, 'UK057', 'K'),
	(986, 17, 'UK058', 'BK'),
	(987, 18, 'UK001', 'K'),
	(988, 18, 'UK002', 'K'),
	(989, 18, 'UK003', 'K'),
	(990, 18, 'UK004', 'BK'),
	(991, 18, 'UK005', 'BK'),
	(992, 18, 'UK006', 'BK'),
	(993, 18, 'UK007', 'BK'),
	(994, 18, 'UK008', 'K'),
	(995, 18, 'UK009', 'K'),
	(996, 18, 'UK010', 'BK'),
	(997, 18, 'UK011', 'BK'),
	(998, 18, 'UK012', 'BK'),
	(999, 18, 'UK013', 'BK'),
	(1000, 18, 'UK014', 'K'),
	(1001, 18, 'UK015', 'BK'),
	(1002, 18, 'UK016', 'BK'),
	(1003, 18, 'UK017', 'BK'),
	(1004, 18, 'UK018', 'K'),
	(1005, 18, 'UK019', 'K'),
	(1006, 18, 'UK020', 'BK'),
	(1007, 18, 'UK021', 'K'),
	(1008, 18, 'UK022', 'K'),
	(1009, 18, 'UK023', 'K'),
	(1010, 18, 'UK024', 'K'),
	(1011, 18, 'UK025', 'BK'),
	(1012, 18, 'UK026', 'K'),
	(1013, 18, 'UK027', 'BK'),
	(1014, 18, 'UK028', 'K'),
	(1015, 18, 'UK029', 'K'),
	(1016, 18, 'UK030', 'K'),
	(1017, 18, 'UK031', 'BK'),
	(1018, 18, 'UK032', 'K'),
	(1019, 18, 'UK033', 'BK'),
	(1020, 18, 'UK034', 'BK'),
	(1021, 18, 'UK035', 'K'),
	(1022, 18, 'UK036', 'BK'),
	(1023, 18, 'UK037', 'K'),
	(1024, 18, 'UK038', 'K'),
	(1025, 18, 'UK039', 'BK'),
	(1026, 18, 'UK040', 'K'),
	(1027, 18, 'UK041', 'BK'),
	(1028, 18, 'UK042', 'K'),
	(1029, 18, 'UK043', 'K'),
	(1030, 18, 'UK044', 'BK'),
	(1031, 18, 'UK045', 'BK'),
	(1032, 18, 'UK046', 'BK'),
	(1033, 18, 'UK047', 'BK'),
	(1034, 18, 'UK048', 'BK'),
	(1035, 18, 'UK049', 'K'),
	(1036, 18, 'UK050', 'BK'),
	(1037, 18, 'UK051', 'K'),
	(1038, 18, 'UK052', 'K'),
	(1039, 18, 'UK053', 'BK'),
	(1040, 18, 'UK054', 'BK'),
	(1041, 18, 'UK055', 'BK'),
	(1042, 18, 'UK056', 'BK'),
	(1043, 18, 'UK057', 'BK'),
	(1044, 18, 'UK058', 'BK'),
	(1045, 19, 'UK001', 'K'),
	(1046, 19, 'UK002', 'K'),
	(1047, 19, 'UK003', 'K'),
	(1048, 19, 'UK004', 'K'),
	(1049, 19, 'UK005', 'K'),
	(1050, 19, 'UK006', 'K'),
	(1051, 19, 'UK007', 'BK'),
	(1052, 19, 'UK008', 'K'),
	(1053, 19, 'UK009', 'K'),
	(1054, 19, 'UK010', 'BK'),
	(1055, 19, 'UK011', 'BK'),
	(1056, 19, 'UK012', 'BK'),
	(1057, 19, 'UK013', 'K'),
	(1058, 19, 'UK014', 'K'),
	(1059, 19, 'UK015', 'BK'),
	(1060, 19, 'UK016', 'BK'),
	(1061, 19, 'UK017', 'K'),
	(1062, 19, 'UK018', 'K'),
	(1063, 19, 'UK019', 'K'),
	(1064, 19, 'UK020', 'BK'),
	(1065, 19, 'UK021', 'K'),
	(1066, 19, 'UK022', 'K'),
	(1067, 19, 'UK023', 'K'),
	(1068, 19, 'UK024', 'K'),
	(1069, 19, 'UK025', 'BK'),
	(1070, 19, 'UK026', 'K'),
	(1071, 19, 'UK027', 'K'),
	(1072, 19, 'UK028', 'K'),
	(1073, 19, 'UK029', 'K'),
	(1074, 19, 'UK030', 'BK'),
	(1075, 19, 'UK031', 'BK'),
	(1076, 19, 'UK032', 'BK'),
	(1077, 19, 'UK033', 'K'),
	(1078, 19, 'UK034', 'BK'),
	(1079, 19, 'UK035', 'K'),
	(1080, 19, 'UK036', 'K'),
	(1081, 19, 'UK037', 'BK'),
	(1082, 19, 'UK038', 'K'),
	(1083, 19, 'UK039', 'K'),
	(1084, 19, 'UK040', 'K'),
	(1085, 19, 'UK041', 'K'),
	(1086, 19, 'UK042', 'BK'),
	(1087, 19, 'UK043', 'BK'),
	(1088, 19, 'UK044', 'BK'),
	(1089, 19, 'UK045', 'K'),
	(1090, 19, 'UK046', 'K'),
	(1091, 19, 'UK047', 'K'),
	(1092, 19, 'UK048', 'BK'),
	(1093, 19, 'UK049', 'K'),
	(1094, 19, 'UK050', 'K'),
	(1095, 19, 'UK051', 'BK'),
	(1096, 19, 'UK052', 'BK'),
	(1097, 19, 'UK053', 'K'),
	(1098, 19, 'UK054', 'K'),
	(1099, 19, 'UK055', 'BK'),
	(1100, 19, 'UK056', 'BK'),
	(1101, 19, 'UK057', 'BK'),
	(1102, 19, 'UK058', 'BK'),
	(1103, 20, 'UK001', 'K'),
	(1104, 20, 'UK002', 'BK'),
	(1105, 20, 'UK003', 'BK'),
	(1106, 20, 'UK004', 'BK'),
	(1107, 20, 'UK005', 'K'),
	(1108, 20, 'UK006', 'BK'),
	(1109, 20, 'UK007', 'K'),
	(1110, 20, 'UK008', 'K'),
	(1111, 20, 'UK009', 'BK'),
	(1112, 20, 'UK010', 'BK'),
	(1113, 20, 'UK011', 'BK'),
	(1114, 20, 'UK012', 'K'),
	(1115, 20, 'UK013', 'K'),
	(1116, 20, 'UK014', 'BK'),
	(1117, 20, 'UK015', 'BK'),
	(1118, 20, 'UK016', 'K'),
	(1119, 20, 'UK017', 'BK'),
	(1120, 20, 'UK018', 'BK'),
	(1121, 20, 'UK019', 'K'),
	(1122, 20, 'UK020', 'K'),
	(1123, 20, 'UK021', 'K'),
	(1124, 20, 'UK022', 'K'),
	(1125, 20, 'UK023', 'K'),
	(1126, 20, 'UK024', 'K'),
	(1127, 20, 'UK025', 'K'),
	(1128, 20, 'UK026', 'K'),
	(1129, 20, 'UK027', 'BK'),
	(1130, 20, 'UK028', 'BK'),
	(1131, 20, 'UK029', 'K'),
	(1132, 20, 'UK030', 'K'),
	(1133, 20, 'UK031', 'BK'),
	(1134, 20, 'UK032', 'BK'),
	(1135, 20, 'UK033', 'BK'),
	(1136, 20, 'UK034', 'K'),
	(1137, 20, 'UK035', 'K'),
	(1138, 20, 'UK036', 'K'),
	(1139, 20, 'UK037', 'BK'),
	(1140, 20, 'UK038', 'K'),
	(1141, 20, 'UK039', 'BK'),
	(1142, 20, 'UK040', 'K'),
	(1143, 20, 'UK041', 'BK'),
	(1144, 20, 'UK042', 'K'),
	(1145, 20, 'UK043', 'BK'),
	(1146, 20, 'UK044', 'K'),
	(1147, 20, 'UK045', 'K'),
	(1148, 20, 'UK046', 'K'),
	(1149, 20, 'UK047', 'K'),
	(1150, 20, 'UK048', 'K'),
	(1151, 20, 'UK049', 'BK'),
	(1152, 20, 'UK050', 'BK'),
	(1153, 20, 'UK051', 'BK'),
	(1154, 20, 'UK052', 'BK'),
	(1155, 20, 'UK053', 'BK'),
	(1156, 20, 'UK054', 'BK'),
	(1157, 20, 'UK055', 'BK'),
	(1158, 20, 'UK056', 'K'),
	(1159, 20, 'UK057', 'K'),
	(1160, 20, 'UK058', 'K'),
	(1161, 21, 'UK001', 'BK'),
	(1162, 21, 'UK002', 'BK'),
	(1163, 21, 'UK003', 'BK'),
	(1164, 21, 'UK004', 'BK'),
	(1165, 21, 'UK005', 'BK'),
	(1166, 21, 'UK006', 'K'),
	(1167, 21, 'UK007', 'BK'),
	(1168, 21, 'UK008', 'K'),
	(1169, 21, 'UK009', 'BK'),
	(1170, 21, 'UK010', 'BK'),
	(1171, 21, 'UK011', 'K'),
	(1172, 21, 'UK012', 'K'),
	(1173, 21, 'UK013', 'BK'),
	(1174, 21, 'UK014', 'BK'),
	(1175, 21, 'UK015', 'BK'),
	(1176, 21, 'UK016', 'K'),
	(1177, 21, 'UK017', 'BK'),
	(1178, 21, 'UK018', 'BK'),
	(1179, 21, 'UK019', 'K'),
	(1180, 21, 'UK020', 'K'),
	(1181, 21, 'UK021', 'K'),
	(1182, 21, 'UK022', 'K'),
	(1183, 21, 'UK023', 'K'),
	(1184, 21, 'UK024', 'K'),
	(1185, 21, 'UK025', 'K'),
	(1186, 21, 'UK026', 'BK'),
	(1187, 21, 'UK027', 'BK'),
	(1188, 21, 'UK028', 'BK'),
	(1189, 21, 'UK029', 'K'),
	(1190, 21, 'UK030', 'K'),
	(1191, 21, 'UK031', 'K'),
	(1192, 21, 'UK032', 'BK'),
	(1193, 21, 'UK033', 'BK'),
	(1194, 21, 'UK034', 'K'),
	(1195, 21, 'UK035', 'K'),
	(1196, 21, 'UK036', 'K'),
	(1197, 21, 'UK037', 'BK'),
	(1198, 21, 'UK038', 'K'),
	(1199, 21, 'UK039', 'BK'),
	(1200, 21, 'UK040', 'BK'),
	(1201, 21, 'UK041', 'BK'),
	(1202, 21, 'UK042', 'K'),
	(1203, 21, 'UK043', 'BK'),
	(1204, 21, 'UK044', 'BK'),
	(1205, 21, 'UK045', 'BK'),
	(1206, 21, 'UK046', 'BK'),
	(1207, 21, 'UK047', 'BK'),
	(1208, 21, 'UK048', 'BK'),
	(1209, 21, 'UK049', 'K'),
	(1210, 21, 'UK050', 'BK'),
	(1211, 21, 'UK051', 'K'),
	(1212, 21, 'UK052', 'BK'),
	(1213, 21, 'UK053', 'BK'),
	(1214, 21, 'UK054', 'K'),
	(1215, 21, 'UK055', 'K'),
	(1216, 21, 'UK056', 'BK'),
	(1217, 21, 'UK057', 'BK'),
	(1218, 21, 'UK058', 'BK'),
	(1219, 22, 'UK001', 'BK'),
	(1220, 22, 'UK002', 'BK'),
	(1221, 22, 'UK003', 'BK'),
	(1222, 22, 'UK004', 'BK'),
	(1223, 22, 'UK005', 'BK'),
	(1224, 22, 'UK006', 'K'),
	(1225, 22, 'UK007', 'BK'),
	(1226, 22, 'UK008', 'K'),
	(1227, 22, 'UK009', 'K'),
	(1228, 22, 'UK010', 'BK'),
	(1229, 22, 'UK011', 'K'),
	(1230, 22, 'UK012', 'BK'),
	(1231, 22, 'UK013', 'K'),
	(1232, 22, 'UK014', 'BK'),
	(1233, 22, 'UK015', 'K'),
	(1234, 22, 'UK016', 'K'),
	(1235, 22, 'UK017', 'BK'),
	(1236, 22, 'UK018', 'K'),
	(1237, 22, 'UK019', 'K'),
	(1238, 22, 'UK020', 'BK'),
	(1239, 22, 'UK021', 'K'),
	(1240, 22, 'UK022', 'K'),
	(1241, 22, 'UK023', 'K'),
	(1242, 22, 'UK024', 'K'),
	(1243, 22, 'UK025', 'K'),
	(1244, 22, 'UK026', 'BK'),
	(1245, 22, 'UK027', 'K'),
	(1246, 22, 'UK028', 'K'),
	(1247, 22, 'UK029', 'K'),
	(1248, 22, 'UK030', 'K'),
	(1249, 22, 'UK031', 'K'),
	(1250, 22, 'UK032', 'K'),
	(1251, 22, 'UK033', 'K'),
	(1252, 22, 'UK034', 'K'),
	(1253, 22, 'UK035', 'K'),
	(1254, 22, 'UK036', 'K'),
	(1255, 22, 'UK037', 'K'),
	(1256, 22, 'UK038', 'K'),
	(1257, 22, 'UK039', 'BK'),
	(1258, 22, 'UK040', 'K'),
	(1259, 22, 'UK041', 'BK'),
	(1260, 22, 'UK042', 'BK'),
	(1261, 22, 'UK043', 'BK'),
	(1262, 22, 'UK044', 'K'),
	(1263, 22, 'UK045', 'BK'),
	(1264, 22, 'UK046', 'K'),
	(1265, 22, 'UK047', 'K'),
	(1266, 22, 'UK048', 'K'),
	(1267, 22, 'UK049', 'BK'),
	(1268, 22, 'UK050', 'K'),
	(1269, 22, 'UK051', 'BK'),
	(1270, 22, 'UK052', 'K'),
	(1271, 22, 'UK053', 'K'),
	(1272, 22, 'UK054', 'BK'),
	(1273, 22, 'UK055', 'K'),
	(1274, 22, 'UK056', 'BK'),
	(1275, 22, 'UK057', 'K'),
	(1276, 22, 'UK058', 'BK'),
	(1277, 23, 'UK001', 'K'),
	(1278, 23, 'UK002', 'K'),
	(1279, 23, 'UK003', 'K'),
	(1280, 23, 'UK004', 'BK'),
	(1281, 23, 'UK005', 'K'),
	(1282, 23, 'UK006', 'K'),
	(1283, 23, 'UK007', 'K'),
	(1284, 23, 'UK008', 'K'),
	(1285, 23, 'UK009', 'BK'),
	(1286, 23, 'UK010', 'BK'),
	(1287, 23, 'UK011', 'BK'),
	(1288, 23, 'UK012', 'BK'),
	(1289, 23, 'UK013', 'BK'),
	(1290, 23, 'UK014', 'BK'),
	(1291, 23, 'UK015', 'BK'),
	(1292, 23, 'UK016', 'BK'),
	(1293, 23, 'UK017', 'K'),
	(1294, 23, 'UK018', 'K'),
	(1295, 23, 'UK019', 'K'),
	(1296, 23, 'UK020', 'K'),
	(1297, 23, 'UK021', 'K'),
	(1298, 23, 'UK022', 'BK'),
	(1299, 23, 'UK023', 'BK'),
	(1300, 23, 'UK024', 'K'),
	(1301, 23, 'UK025', 'K'),
	(1302, 23, 'UK026', 'K'),
	(1303, 23, 'UK027', 'K'),
	(1304, 23, 'UK028', 'BK'),
	(1305, 23, 'UK029', 'K'),
	(1306, 23, 'UK030', 'K'),
	(1307, 23, 'UK031', 'K'),
	(1308, 23, 'UK032', 'K'),
	(1309, 23, 'UK033', 'BK'),
	(1310, 23, 'UK034', 'K'),
	(1311, 23, 'UK035', 'K'),
	(1312, 23, 'UK036', 'BK'),
	(1313, 23, 'UK037', 'K'),
	(1314, 23, 'UK038', 'BK'),
	(1315, 23, 'UK039', 'K'),
	(1316, 23, 'UK040', 'K'),
	(1317, 23, 'UK041', 'BK'),
	(1318, 23, 'UK042', 'BK'),
	(1319, 23, 'UK043', 'BK'),
	(1320, 23, 'UK044', 'BK'),
	(1321, 23, 'UK045', 'BK'),
	(1322, 23, 'UK046', 'K'),
	(1323, 23, 'UK047', 'BK'),
	(1324, 23, 'UK048', 'BK'),
	(1325, 23, 'UK049', 'BK'),
	(1326, 23, 'UK050', 'BK'),
	(1327, 23, 'UK051', 'K'),
	(1328, 23, 'UK052', 'BK'),
	(1329, 23, 'UK053', 'K'),
	(1330, 23, 'UK054', 'BK'),
	(1331, 23, 'UK055', 'BK'),
	(1332, 23, 'UK056', 'BK'),
	(1333, 23, 'UK057', 'BK'),
	(1334, 23, 'UK058', 'BK'),
	(1335, 24, 'UK001', 'K'),
	(1336, 24, 'UK002', 'K'),
	(1337, 24, 'UK003', 'K'),
	(1338, 24, 'UK004', 'BK'),
	(1339, 24, 'UK005', 'BK'),
	(1340, 24, 'UK006', 'K'),
	(1341, 24, 'UK007', 'BK'),
	(1342, 24, 'UK008', 'K'),
	(1343, 24, 'UK009', 'BK'),
	(1344, 24, 'UK010', 'BK'),
	(1345, 24, 'UK011', 'BK'),
	(1346, 24, 'UK012', 'K'),
	(1347, 24, 'UK013', 'BK'),
	(1348, 24, 'UK014', 'K'),
	(1349, 24, 'UK015', 'BK'),
	(1350, 24, 'UK016', 'BK'),
	(1351, 24, 'UK017', 'BK'),
	(1352, 24, 'UK018', 'BK'),
	(1353, 24, 'UK019', 'K'),
	(1354, 24, 'UK020', 'K'),
	(1355, 24, 'UK021', 'K'),
	(1356, 24, 'UK022', 'BK'),
	(1357, 24, 'UK023', 'BK'),
	(1358, 24, 'UK024', 'K'),
	(1359, 24, 'UK025', 'K'),
	(1360, 24, 'UK026', 'K'),
	(1361, 24, 'UK027', 'BK'),
	(1362, 24, 'UK028', 'K'),
	(1363, 24, 'UK029', 'K'),
	(1364, 24, 'UK030', 'K'),
	(1365, 24, 'UK031', 'K'),
	(1366, 24, 'UK032', 'K'),
	(1367, 24, 'UK033', 'BK'),
	(1368, 24, 'UK034', 'BK'),
	(1369, 24, 'UK035', 'K'),
	(1370, 24, 'UK036', 'BK'),
	(1371, 24, 'UK037', 'K'),
	(1372, 24, 'UK038', 'K'),
	(1373, 24, 'UK039', 'K'),
	(1374, 24, 'UK040', 'BK'),
	(1375, 24, 'UK041', 'BK'),
	(1376, 24, 'UK042', 'BK'),
	(1377, 24, 'UK043', 'K'),
	(1378, 24, 'UK044', 'K'),
	(1379, 24, 'UK045', 'BK'),
	(1380, 24, 'UK046', 'BK'),
	(1381, 24, 'UK047', 'K'),
	(1382, 24, 'UK048', 'K'),
	(1383, 24, 'UK049', 'BK'),
	(1384, 24, 'UK050', 'K'),
	(1385, 24, 'UK051', 'K'),
	(1386, 24, 'UK052', 'BK'),
	(1387, 24, 'UK053', 'K'),
	(1388, 24, 'UK054', 'K'),
	(1389, 24, 'UK055', 'BK'),
	(1390, 24, 'UK056', 'BK'),
	(1391, 24, 'UK057', 'K'),
	(1392, 24, 'UK058', 'BK'),
	(1393, 25, 'UK001', 'K'),
	(1394, 25, 'UK002', 'K'),
	(1395, 25, 'UK003', 'K'),
	(1396, 25, 'UK004', 'K'),
	(1397, 25, 'UK005', 'K'),
	(1398, 25, 'UK006', 'K'),
	(1399, 25, 'UK007', 'BK'),
	(1400, 25, 'UK008', 'K'),
	(1401, 25, 'UK009', 'K'),
	(1402, 25, 'UK010', 'BK'),
	(1403, 25, 'UK011', 'K'),
	(1404, 25, 'UK012', 'BK'),
	(1405, 25, 'UK013', 'BK'),
	(1406, 25, 'UK014', 'BK'),
	(1407, 25, 'UK015', 'BK'),
	(1408, 25, 'UK016', 'BK'),
	(1409, 25, 'UK017', 'BK'),
	(1410, 25, 'UK018', 'BK'),
	(1411, 25, 'UK019', 'K'),
	(1412, 25, 'UK020', 'K'),
	(1413, 25, 'UK021', 'K'),
	(1414, 25, 'UK022', 'BK'),
	(1415, 25, 'UK023', 'BK'),
	(1416, 25, 'UK024', 'K'),
	(1417, 25, 'UK025', 'K'),
	(1418, 25, 'UK026', 'K'),
	(1419, 25, 'UK027', 'K'),
	(1420, 25, 'UK028', 'K'),
	(1421, 25, 'UK029', 'K'),
	(1422, 25, 'UK030', 'BK'),
	(1423, 25, 'UK031', 'K'),
	(1424, 25, 'UK032', 'K'),
	(1425, 25, 'UK033', 'K'),
	(1426, 25, 'UK034', 'K'),
	(1427, 25, 'UK035', 'K'),
	(1428, 25, 'UK036', 'K'),
	(1429, 25, 'UK037', 'K'),
	(1430, 25, 'UK038', 'BK'),
	(1431, 25, 'UK039', 'K'),
	(1432, 25, 'UK040', 'BK'),
	(1433, 25, 'UK041', 'BK'),
	(1434, 25, 'UK042', 'K'),
	(1435, 25, 'UK043', 'BK'),
	(1436, 25, 'UK044', 'BK'),
	(1437, 25, 'UK045', 'K'),
	(1438, 25, 'UK046', 'K'),
	(1439, 25, 'UK047', 'K'),
	(1440, 25, 'UK048', 'BK'),
	(1441, 25, 'UK049', 'BK'),
	(1442, 25, 'UK050', 'BK'),
	(1443, 25, 'UK051', 'K'),
	(1444, 25, 'UK052', 'BK'),
	(1445, 25, 'UK053', 'BK'),
	(1446, 25, 'UK054', 'BK'),
	(1447, 25, 'UK055', 'BK'),
	(1448, 25, 'UK056', 'K'),
	(1449, 25, 'UK057', 'BK'),
	(1450, 25, 'UK058', 'BK'),
	(1451, 26, 'UK001', 'K'),
	(1452, 26, 'UK002', 'K'),
	(1453, 26, 'UK003', 'K'),
	(1454, 26, 'UK004', 'K'),
	(1455, 26, 'UK005', 'BK'),
	(1456, 26, 'UK006', 'K'),
	(1457, 26, 'UK007', 'K'),
	(1458, 26, 'UK008', 'K'),
	(1459, 26, 'UK009', 'BK'),
	(1460, 26, 'UK010', 'BK'),
	(1461, 26, 'UK011', 'BK'),
	(1462, 26, 'UK012', 'BK'),
	(1463, 26, 'UK013', 'K'),
	(1464, 26, 'UK014', 'K'),
	(1465, 26, 'UK015', 'BK'),
	(1466, 26, 'UK016', 'BK'),
	(1467, 26, 'UK017', 'BK'),
	(1468, 26, 'UK018', 'K'),
	(1469, 26, 'UK019', 'K'),
	(1470, 26, 'UK020', 'K'),
	(1471, 26, 'UK021', 'K'),
	(1472, 26, 'UK022', 'BK'),
	(1473, 26, 'UK023', 'K'),
	(1474, 26, 'UK024', 'K'),
	(1475, 26, 'UK025', 'K'),
	(1476, 26, 'UK026', 'K'),
	(1477, 26, 'UK027', 'K'),
	(1478, 26, 'UK028', 'K'),
	(1479, 26, 'UK029', 'K'),
	(1480, 26, 'UK030', 'K'),
	(1481, 26, 'UK031', 'K'),
	(1482, 26, 'UK032', 'K'),
	(1483, 26, 'UK033', 'BK'),
	(1484, 26, 'UK034', 'BK'),
	(1485, 26, 'UK035', 'K'),
	(1486, 26, 'UK036', 'BK'),
	(1487, 26, 'UK037', 'K'),
	(1488, 26, 'UK038', 'K'),
	(1489, 26, 'UK039', 'K'),
	(1490, 26, 'UK040', 'BK'),
	(1491, 26, 'UK041', 'BK'),
	(1492, 26, 'UK042', 'BK'),
	(1493, 26, 'UK043', 'BK'),
	(1494, 26, 'UK044', 'BK'),
	(1495, 26, 'UK045', 'BK'),
	(1496, 26, 'UK046', 'BK'),
	(1497, 26, 'UK047', 'BK'),
	(1498, 26, 'UK048', 'K'),
	(1499, 26, 'UK049', 'BK'),
	(1500, 26, 'UK050', 'K'),
	(1501, 26, 'UK051', 'BK'),
	(1502, 26, 'UK052', 'BK'),
	(1503, 26, 'UK053', 'K'),
	(1504, 26, 'UK054', 'BK'),
	(1505, 26, 'UK055', 'BK'),
	(1506, 26, 'UK056', 'K'),
	(1507, 26, 'UK057', 'BK'),
	(1508, 26, 'UK058', 'BK'),
	(1509, 27, 'UK001', 'BK'),
	(1510, 27, 'UK002', 'K'),
	(1511, 27, 'UK003', 'BK'),
	(1512, 27, 'UK004', 'BK'),
	(1513, 27, 'UK005', 'K'),
	(1514, 27, 'UK006', 'BK'),
	(1515, 27, 'UK007', 'K'),
	(1516, 27, 'UK008', 'K'),
	(1517, 27, 'UK009', 'BK'),
	(1518, 27, 'UK010', 'K'),
	(1519, 27, 'UK011', 'BK'),
	(1520, 27, 'UK012', 'BK'),
	(1521, 27, 'UK013', 'K'),
	(1522, 27, 'UK014', 'BK'),
	(1523, 27, 'UK015', 'BK'),
	(1524, 27, 'UK016', 'K'),
	(1525, 27, 'UK017', 'K'),
	(1526, 27, 'UK018', 'K'),
	(1527, 27, 'UK019', 'K'),
	(1528, 27, 'UK020', 'K'),
	(1529, 27, 'UK021', 'K'),
	(1530, 27, 'UK022', 'BK'),
	(1531, 27, 'UK023', 'BK'),
	(1532, 27, 'UK024', 'K'),
	(1533, 27, 'UK025', 'K'),
	(1534, 27, 'UK026', 'K'),
	(1535, 27, 'UK027', 'BK'),
	(1536, 27, 'UK028', 'BK'),
	(1537, 27, 'UK029', 'BK'),
	(1538, 27, 'UK030', 'K'),
	(1539, 27, 'UK031', 'BK'),
	(1540, 27, 'UK032', 'BK'),
	(1541, 27, 'UK033', 'BK'),
	(1542, 27, 'UK034', 'K'),
	(1543, 27, 'UK035', 'K'),
	(1544, 27, 'UK036', 'K'),
	(1545, 27, 'UK037', 'K'),
	(1546, 27, 'UK038', 'K'),
	(1547, 27, 'UK039', 'BK'),
	(1548, 27, 'UK040', 'K'),
	(1549, 27, 'UK041', 'K'),
	(1550, 27, 'UK042', 'BK'),
	(1551, 27, 'UK043', 'K'),
	(1552, 27, 'UK044', 'BK'),
	(1553, 27, 'UK045', 'BK'),
	(1554, 27, 'UK046', 'BK'),
	(1555, 27, 'UK047', 'BK'),
	(1556, 27, 'UK048', 'BK'),
	(1557, 27, 'UK049', 'BK'),
	(1558, 27, 'UK050', 'K'),
	(1559, 27, 'UK051', 'K'),
	(1560, 27, 'UK052', 'BK'),
	(1561, 27, 'UK053', 'K'),
	(1562, 27, 'UK054', 'BK'),
	(1563, 27, 'UK055', 'BK'),
	(1564, 27, 'UK056', 'BK'),
	(1565, 27, 'UK057', 'BK'),
	(1566, 27, 'UK058', 'BK'),
	(1567, 28, 'UK001', 'K'),
	(1568, 28, 'UK002', 'BK'),
	(1569, 28, 'UK003', 'BK'),
	(1570, 28, 'UK004', 'BK'),
	(1571, 28, 'UK005', 'BK'),
	(1572, 28, 'UK006', 'BK'),
	(1573, 28, 'UK007', 'BK'),
	(1574, 28, 'UK008', 'K'),
	(1575, 28, 'UK009', 'K'),
	(1576, 28, 'UK010', 'K'),
	(1577, 28, 'UK011', 'BK'),
	(1578, 28, 'UK012', 'BK'),
	(1579, 28, 'UK013', 'K'),
	(1580, 28, 'UK014', 'BK'),
	(1581, 28, 'UK015', 'BK'),
	(1582, 28, 'UK016', 'BK'),
	(1583, 28, 'UK017', 'K'),
	(1584, 28, 'UK018', 'K'),
	(1585, 28, 'UK019', 'K'),
	(1586, 28, 'UK020', 'BK'),
	(1587, 28, 'UK021', 'K'),
	(1588, 28, 'UK022', 'K'),
	(1589, 28, 'UK023', 'K'),
	(1590, 28, 'UK024', 'K'),
	(1591, 28, 'UK025', 'K'),
	(1592, 28, 'UK026', 'BK'),
	(1593, 28, 'UK027', 'BK'),
	(1594, 28, 'UK028', 'K'),
	(1595, 28, 'UK029', 'BK'),
	(1596, 28, 'UK030', 'BK'),
	(1597, 28, 'UK031', 'K'),
	(1598, 28, 'UK032', 'K'),
	(1599, 28, 'UK033', 'K'),
	(1600, 28, 'UK034', 'K'),
	(1601, 28, 'UK035', 'K'),
	(1602, 28, 'UK036', 'K'),
	(1603, 28, 'UK037', 'K'),
	(1604, 28, 'UK038', 'BK'),
	(1605, 28, 'UK039', 'BK'),
	(1606, 28, 'UK040', 'K'),
	(1607, 28, 'UK041', 'K'),
	(1608, 28, 'UK042', 'BK'),
	(1609, 28, 'UK043', 'BK'),
	(1610, 28, 'UK044', 'BK'),
	(1611, 28, 'UK045', 'K'),
	(1612, 28, 'UK046', 'BK'),
	(1613, 28, 'UK047', 'BK'),
	(1614, 28, 'UK048', 'BK'),
	(1615, 28, 'UK049', 'BK'),
	(1616, 28, 'UK050', 'K'),
	(1617, 28, 'UK051', 'BK'),
	(1618, 28, 'UK052', 'BK'),
	(1619, 28, 'UK053', 'K'),
	(1620, 28, 'UK054', 'BK'),
	(1621, 28, 'UK055', 'BK'),
	(1622, 28, 'UK056', 'BK'),
	(1623, 28, 'UK057', 'BK'),
	(1624, 28, 'UK058', 'K'),
	(1625, 29, 'UK001', 'BK'),
	(1626, 29, 'UK002', 'BK'),
	(1627, 29, 'UK003', 'BK'),
	(1628, 29, 'UK004', 'K'),
	(1629, 29, 'UK005', 'BK'),
	(1630, 29, 'UK006', 'BK'),
	(1631, 29, 'UK007', 'K'),
	(1632, 29, 'UK008', 'K'),
	(1633, 29, 'UK009', 'BK'),
	(1634, 29, 'UK010', 'K'),
	(1635, 29, 'UK011', 'BK'),
	(1636, 29, 'UK012', 'K'),
	(1637, 29, 'UK013', 'BK'),
	(1638, 29, 'UK014', 'BK'),
	(1639, 29, 'UK015', 'K'),
	(1640, 29, 'UK016', 'K'),
	(1641, 29, 'UK017', 'K'),
	(1642, 29, 'UK018', 'K'),
	(1643, 29, 'UK019', 'K'),
	(1644, 29, 'UK020', 'BK'),
	(1645, 29, 'UK021', 'K'),
	(1646, 29, 'UK022', 'BK'),
	(1647, 29, 'UK023', 'BK'),
	(1648, 29, 'UK024', 'K'),
	(1649, 29, 'UK025', 'K'),
	(1650, 29, 'UK026', 'BK'),
	(1651, 29, 'UK027', 'BK'),
	(1652, 29, 'UK028', 'K'),
	(1653, 29, 'UK029', 'K'),
	(1654, 29, 'UK030', 'K'),
	(1655, 29, 'UK031', 'BK'),
	(1656, 29, 'UK032', 'BK'),
	(1657, 29, 'UK033', 'BK'),
	(1658, 29, 'UK034', 'K'),
	(1659, 29, 'UK035', 'K'),
	(1660, 29, 'UK036', 'K'),
	(1661, 29, 'UK037', 'K'),
	(1662, 29, 'UK038', 'BK'),
	(1663, 29, 'UK039', 'K'),
	(1664, 29, 'UK040', 'BK'),
	(1665, 29, 'UK041', 'BK'),
	(1666, 29, 'UK042', 'BK'),
	(1667, 29, 'UK043', 'BK'),
	(1668, 29, 'UK044', 'BK'),
	(1669, 29, 'UK045', 'K'),
	(1670, 29, 'UK046', 'K'),
	(1671, 29, 'UK047', 'K'),
	(1672, 29, 'UK048', 'BK'),
	(1673, 29, 'UK049', 'BK'),
	(1674, 29, 'UK050', 'K'),
	(1675, 29, 'UK051', 'K'),
	(1676, 29, 'UK052', 'K'),
	(1677, 29, 'UK053', 'BK'),
	(1678, 29, 'UK054', 'BK'),
	(1679, 29, 'UK055', 'K'),
	(1680, 29, 'UK056', 'BK'),
	(1681, 29, 'UK057', 'K'),
	(1682, 29, 'UK058', 'BK'),
	(1683, 30, 'UK001', 'K'),
	(1684, 30, 'UK002', 'K'),
	(1685, 30, 'UK003', 'K'),
	(1686, 30, 'UK004', 'K'),
	(1687, 30, 'UK005', 'K'),
	(1688, 30, 'UK006', 'K'),
	(1689, 30, 'UK007', 'K'),
	(1690, 30, 'UK008', 'K'),
	(1691, 30, 'UK009', 'K'),
	(1692, 30, 'UK010', 'K'),
	(1693, 30, 'UK011', 'K'),
	(1694, 30, 'UK012', 'K'),
	(1695, 30, 'UK013', 'K'),
	(1696, 30, 'UK014', 'K'),
	(1697, 30, 'UK015', 'K'),
	(1698, 30, 'UK016', 'K'),
	(1699, 30, 'UK017', 'K'),
	(1700, 30, 'UK018', 'K'),
	(1701, 30, 'UK019', 'BK'),
	(1702, 30, 'UK020', 'BK'),
	(1703, 30, 'UK021', 'BK'),
	(1704, 30, 'UK022', 'BK'),
	(1705, 30, 'UK023', 'BK'),
	(1706, 30, 'UK024', 'BK'),
	(1707, 30, 'UK025', 'BK'),
	(1708, 30, 'UK026', 'BK'),
	(1709, 30, 'UK027', 'BK'),
	(1710, 30, 'UK028', 'BK'),
	(1711, 30, 'UK029', 'BK'),
	(1712, 30, 'UK030', 'BK'),
	(1713, 30, 'UK031', 'BK'),
	(1714, 30, 'UK032', 'BK'),
	(1715, 30, 'UK033', 'BK'),
	(1716, 30, 'UK034', 'BK'),
	(1717, 30, 'UK035', 'BK'),
	(1718, 30, 'UK036', 'BK'),
	(1719, 30, 'UK037', 'BK'),
	(1720, 30, 'UK038', 'BK'),
	(1721, 30, 'UK039', 'BK'),
	(1722, 30, 'UK040', 'BK'),
	(1723, 30, 'UK041', 'BK'),
	(1724, 30, 'UK042', 'BK'),
	(1725, 30, 'UK043', 'BK'),
	(1726, 30, 'UK044', 'BK'),
	(1727, 30, 'UK045', 'BK'),
	(1728, 30, 'UK046', 'BK'),
	(1729, 30, 'UK047', 'BK'),
	(1730, 30, 'UK048', 'BK'),
	(1731, 30, 'UK049', 'BK'),
	(1732, 30, 'UK050', 'BK'),
	(1733, 30, 'UK051', 'BK'),
	(1734, 30, 'UK052', 'BK'),
	(1735, 30, 'UK053', 'BK'),
	(1736, 30, 'UK054', 'BK'),
	(1737, 30, 'UK055', 'BK'),
	(1738, 30, 'UK056', 'BK'),
	(1739, 30, 'UK057', 'BK'),
	(1740, 30, 'UK058', 'BK'),
	(1741, 31, 'UK001', 'BK'),
	(1742, 31, 'UK002', 'BK'),
	(1743, 31, 'UK003', 'BK'),
	(1744, 31, 'UK004', 'BK'),
	(1745, 31, 'UK005', 'BK'),
	(1746, 31, 'UK006', 'BK'),
	(1747, 31, 'UK007', 'BK'),
	(1748, 31, 'UK008', 'BK'),
	(1749, 31, 'UK009', 'BK'),
	(1750, 31, 'UK010', 'BK'),
	(1751, 31, 'UK011', 'BK'),
	(1752, 31, 'UK012', 'BK'),
	(1753, 31, 'UK013', 'BK'),
	(1754, 31, 'UK014', 'BK'),
	(1755, 31, 'UK015', 'BK'),
	(1756, 31, 'UK016', 'BK'),
	(1757, 31, 'UK017', 'BK'),
	(1758, 31, 'UK018', 'BK'),
	(1759, 31, 'UK019', 'BK'),
	(1760, 31, 'UK020', 'BK'),
	(1761, 31, 'UK021', 'BK'),
	(1762, 31, 'UK022', 'BK'),
	(1763, 31, 'UK023', 'BK'),
	(1764, 31, 'UK024', 'BK'),
	(1765, 31, 'UK025', 'BK'),
	(1766, 31, 'UK026', 'BK'),
	(1767, 31, 'UK027', 'BK'),
	(1768, 31, 'UK028', 'BK'),
	(1769, 31, 'UK029', 'BK'),
	(1770, 31, 'UK030', 'BK'),
	(1771, 31, 'UK031', 'BK'),
	(1772, 31, 'UK032', 'BK'),
	(1773, 31, 'UK033', 'BK'),
	(1774, 31, 'UK034', 'BK'),
	(1775, 31, 'UK035', 'BK'),
	(1776, 31, 'UK036', 'BK'),
	(1777, 31, 'UK037', 'BK'),
	(1778, 31, 'UK038', 'BK'),
	(1779, 31, 'UK039', 'BK'),
	(1780, 31, 'UK040', 'BK'),
	(1781, 31, 'UK041', 'BK'),
	(1782, 31, 'UK042', 'BK'),
	(1783, 31, 'UK043', 'BK'),
	(1784, 31, 'UK044', 'BK'),
	(1785, 31, 'UK045', 'BK'),
	(1786, 31, 'UK046', 'BK'),
	(1787, 31, 'UK047', 'BK'),
	(1788, 31, 'UK048', 'BK'),
	(1789, 31, 'UK049', 'K'),
	(1790, 31, 'UK050', 'K'),
	(1791, 31, 'UK051', 'K'),
	(1792, 31, 'UK052', 'K'),
	(1793, 31, 'UK053', 'K'),
	(1794, 31, 'UK054', 'K'),
	(1795, 31, 'UK055', 'K'),
	(1796, 31, 'UK056', 'K'),
	(1797, 31, 'UK057', 'K'),
	(1798, 31, 'UK058', 'K'),
	(1799, 32, 'UK001', 'BK'),
	(1800, 32, 'UK002', 'BK'),
	(1801, 32, 'UK003', 'BK'),
	(1802, 32, 'UK004', 'BK'),
	(1803, 32, 'UK005', 'BK'),
	(1804, 32, 'UK006', 'BK'),
	(1805, 32, 'UK007', 'BK'),
	(1806, 32, 'UK008', 'BK'),
	(1807, 32, 'UK009', 'BK'),
	(1808, 32, 'UK010', 'BK'),
	(1809, 32, 'UK011', 'BK'),
	(1810, 32, 'UK012', 'BK'),
	(1811, 32, 'UK013', 'BK'),
	(1812, 32, 'UK014', 'BK'),
	(1813, 32, 'UK015', 'BK'),
	(1814, 32, 'UK016', 'BK'),
	(1815, 32, 'UK017', 'BK'),
	(1816, 32, 'UK018', 'BK'),
	(1817, 32, 'UK019', 'BK'),
	(1818, 32, 'UK020', 'BK'),
	(1819, 32, 'UK021', 'BK'),
	(1820, 32, 'UK022', 'BK'),
	(1821, 32, 'UK023', 'BK'),
	(1822, 32, 'UK024', 'BK'),
	(1823, 32, 'UK025', 'BK'),
	(1824, 32, 'UK026', 'BK'),
	(1825, 32, 'UK027', 'BK'),
	(1826, 32, 'UK028', 'BK'),
	(1827, 32, 'UK029', 'BK'),
	(1828, 32, 'UK030', 'BK'),
	(1829, 32, 'UK031', 'BK'),
	(1830, 32, 'UK032', 'BK'),
	(1831, 32, 'UK033', 'BK'),
	(1832, 32, 'UK034', 'BK'),
	(1833, 32, 'UK035', 'BK'),
	(1834, 32, 'UK036', 'BK'),
	(1835, 32, 'UK037', 'BK'),
	(1836, 32, 'UK038', 'BK'),
	(1837, 32, 'UK039', 'BK'),
	(1838, 32, 'UK040', 'K'),
	(1839, 32, 'UK041', 'K'),
	(1840, 32, 'UK042', 'K'),
	(1841, 32, 'UK043', 'K'),
	(1842, 32, 'UK044', 'K'),
	(1843, 32, 'UK045', 'K'),
	(1844, 32, 'UK046', 'K'),
	(1845, 32, 'UK047', 'K'),
	(1846, 32, 'UK048', 'K'),
	(1847, 32, 'UK049', 'K'),
	(1848, 32, 'UK050', 'K'),
	(1849, 32, 'UK051', 'BK'),
	(1850, 32, 'UK052', 'BK'),
	(1851, 32, 'UK053', 'BK'),
	(1852, 32, 'UK054', 'BK'),
	(1853, 32, 'UK055', 'BK'),
	(1854, 32, 'UK056', 'BK'),
	(1855, 32, 'UK057', 'BK'),
	(1856, 32, 'UK058', 'BK'),
	(1857, 33, 'UK001', 'BK'),
	(1858, 33, 'UK002', 'BK'),
	(1859, 33, 'UK003', 'BK'),
	(1860, 33, 'UK004', 'BK'),
	(1861, 33, 'UK005', 'BK'),
	(1862, 33, 'UK006', 'K'),
	(1863, 33, 'UK007', 'K'),
	(1864, 33, 'UK008', 'BK'),
	(1865, 33, 'UK009', 'K'),
	(1866, 33, 'UK010', 'BK'),
	(1867, 33, 'UK011', 'BK'),
	(1868, 33, 'UK012', 'K'),
	(1869, 33, 'UK013', 'BK'),
	(1870, 33, 'UK014', 'K'),
	(1871, 33, 'UK015', 'K'),
	(1872, 33, 'UK016', 'BK'),
	(1873, 33, 'UK017', 'BK'),
	(1874, 33, 'UK018', 'BK'),
	(1875, 33, 'UK019', 'BK'),
	(1876, 33, 'UK020', 'BK'),
	(1877, 33, 'UK021', 'BK'),
	(1878, 33, 'UK022', 'BK'),
	(1879, 33, 'UK023', 'BK'),
	(1880, 33, 'UK024', 'BK'),
	(1881, 33, 'UK025', 'BK'),
	(1882, 33, 'UK026', 'BK'),
	(1883, 33, 'UK027', 'BK'),
	(1884, 33, 'UK028', 'BK'),
	(1885, 33, 'UK029', 'BK'),
	(1886, 33, 'UK030', 'BK'),
	(1887, 33, 'UK031', 'BK'),
	(1888, 33, 'UK032', 'BK'),
	(1889, 33, 'UK033', 'K'),
	(1890, 33, 'UK034', 'BK'),
	(1891, 33, 'UK035', 'BK'),
	(1892, 33, 'UK036', 'BK'),
	(1893, 33, 'UK037', 'BK'),
	(1894, 33, 'UK038', 'BK'),
	(1895, 33, 'UK039', 'BK'),
	(1896, 33, 'UK040', 'BK'),
	(1897, 33, 'UK041', 'K'),
	(1898, 33, 'UK042', 'BK'),
	(1899, 33, 'UK043', 'BK'),
	(1900, 33, 'UK044', 'BK'),
	(1901, 33, 'UK045', 'K'),
	(1902, 33, 'UK046', 'BK'),
	(1903, 33, 'UK047', 'BK'),
	(1904, 33, 'UK048', 'BK'),
	(1905, 33, 'UK049', 'BK'),
	(1906, 33, 'UK050', 'BK'),
	(1907, 33, 'UK051', 'K'),
	(1908, 33, 'UK052', 'BK'),
	(1909, 33, 'UK053', 'BK'),
	(1910, 33, 'UK054', 'BK'),
	(1911, 33, 'UK055', 'K'),
	(1912, 33, 'UK056', 'BK'),
	(1913, 33, 'UK057', 'BK'),
	(1914, 33, 'UK058', 'BK'),
	(1915, 34, 'UK040', 'K'),
	(1916, 34, 'UK041', 'K'),
	(1917, 34, 'UK042', 'BK'),
	(1918, 34, 'UK043', 'BK'),
	(1919, 34, 'UK044', 'BK'),
	(1920, 34, 'UK045', 'BK'),
	(1921, 34, 'UK046', 'K'),
	(1922, 34, 'UK047', 'K'),
	(1923, 34, 'UK048', 'K'),
	(1924, 34, 'UK057', 'K'),
	(1925, 34, 'UK058', 'K'),
	(1926, 34, 'UK001', 'K'),
	(1927, 34, 'UK002', 'K'),
	(1928, 34, 'UK003', 'K'),
	(1929, 34, 'UK019', 'K'),
	(1930, 34, 'UK034', 'BK'),
	(1931, 34, 'UK004', 'K'),
	(1932, 34, 'UK027', 'K'),
	(1933, 34, 'UK005', 'K'),
	(1934, 34, 'UK028', 'BK'),
	(1935, 34, 'UK020', 'K'),
	(1936, 34, 'UK035', 'BK'),
	(1937, 34, 'UK029', 'K'),
	(1938, 34, 'UK052', 'K'),
	(1939, 34, 'UK006', 'K'),
	(1940, 34, 'UK007', 'K'),
	(1941, 34, 'UK036', 'K'),
	(1942, 34, 'UK021', 'K'),
	(1943, 34, 'UK030', 'BK'),
	(1944, 34, 'UK008', 'K'),
	(1945, 34, 'UK022', 'BK'),
	(1946, 34, 'UK023', 'K'),
	(1947, 34, 'UK024', 'K'),
	(1948, 34, 'UK037', 'K'),
	(1949, 34, 'UK009', 'K'),
	(1950, 34, 'UK025', 'K'),
	(1951, 34, 'UK010', 'K'),
	(1952, 34, 'UK049', 'K'),
	(1953, 34, 'UK050', 'BK'),
	(1954, 34, 'UK051', 'BK'),
	(1955, 34, 'UK011', 'K'),
	(1956, 34, 'UK038', 'K'),
	(1957, 34, 'UK026', 'K'),
	(1958, 34, 'UK012', 'K'),
	(1959, 34, 'UK013', 'K'),
	(1960, 34, 'UK014', 'K'),
	(1961, 34, 'UK039', 'K'),
	(1962, 34, 'UK031', 'K'),
	(1963, 34, 'UK015', 'K'),
	(1964, 34, 'UK016', 'BK'),
	(1965, 34, 'UK017', 'K'),
	(1966, 34, 'UK018', 'K'),
	(1967, 34, 'UK032', 'K'),
	(1968, 34, 'UK033', 'K'),
	(1969, 34, 'UK053', 'K'),
	(1970, 34, 'UK054', 'K'),
	(1971, 34, 'UK055', 'K'),
	(1972, 34, 'UK056', 'K'),
	(1973, 35, 'UK001', 'K'),
	(1974, 35, 'UK002', 'K'),
	(1975, 35, 'UK003', 'K'),
	(1976, 35, 'UK004', 'K'),
	(1977, 35, 'UK005', 'K'),
	(1978, 35, 'UK006', 'BK'),
	(1979, 35, 'UK007', 'BK'),
	(1980, 35, 'UK008', 'K'),
	(1981, 35, 'UK009', 'K'),
	(1982, 35, 'UK010', 'BK'),
	(1983, 35, 'UK011', 'BK'),
	(1984, 35, 'UK012', 'K'),
	(1985, 35, 'UK013', 'BK'),
	(1986, 35, 'UK014', 'K'),
	(1987, 35, 'UK015', 'BK'),
	(1988, 35, 'UK016', 'BK'),
	(1989, 35, 'UK017', 'BK'),
	(1990, 35, 'UK018', 'K'),
	(1991, 35, 'UK019', 'BK'),
	(1992, 35, 'UK020', 'K'),
	(1993, 35, 'UK021', 'K'),
	(1994, 35, 'UK022', 'BK'),
	(1995, 35, 'UK023', 'BK'),
	(1996, 35, 'UK024', 'K'),
	(1997, 35, 'UK025', 'K'),
	(1998, 35, 'UK026', 'K'),
	(1999, 35, 'UK027', 'K'),
	(2000, 35, 'UK028', 'K'),
	(2001, 35, 'UK029', 'K'),
	(2002, 35, 'UK030', 'K'),
	(2003, 35, 'UK031', 'K'),
	(2004, 35, 'UK032', 'K'),
	(2005, 35, 'UK033', 'BK'),
	(2006, 35, 'UK034', 'BK'),
	(2007, 35, 'UK035', 'K'),
	(2008, 35, 'UK036', 'K'),
	(2009, 35, 'UK037', 'BK'),
	(2010, 35, 'UK038', 'BK'),
	(2011, 35, 'UK039', 'BK'),
	(2012, 35, 'UK040', 'BK'),
	(2013, 35, 'UK041', 'K'),
	(2014, 35, 'UK042', 'K'),
	(2015, 35, 'UK043', 'BK'),
	(2016, 35, 'UK044', 'K'),
	(2017, 35, 'UK045', 'K'),
	(2018, 35, 'UK046', 'BK'),
	(2019, 35, 'UK047', 'BK'),
	(2020, 35, 'UK048', 'BK'),
	(2021, 35, 'UK049', 'BK'),
	(2022, 35, 'UK050', 'K'),
	(2023, 35, 'UK051', 'BK'),
	(2024, 35, 'UK052', 'K'),
	(2025, 35, 'UK053', 'K'),
	(2026, 35, 'UK054', 'K'),
	(2027, 35, 'UK055', 'K'),
	(2028, 35, 'UK056', 'K'),
	(2029, 35, 'UK057', 'BK'),
	(2030, 35, 'UK058', 'BK'),
	(2031, 36, 'UK001', 'BK'),
	(2032, 36, 'UK002', 'K'),
	(2033, 36, 'UK003', 'K'),
	(2034, 36, 'UK004', 'BK'),
	(2035, 36, 'UK005', 'K'),
	(2036, 36, 'UK006', 'K'),
	(2037, 36, 'UK007', 'K'),
	(2038, 36, 'UK008', 'K'),
	(2039, 36, 'UK009', 'K'),
	(2040, 36, 'UK010', 'BK'),
	(2041, 36, 'UK011', 'BK'),
	(2042, 36, 'UK012', 'BK'),
	(2043, 36, 'UK013', 'K'),
	(2044, 36, 'UK014', 'K'),
	(2045, 36, 'UK015', 'K'),
	(2046, 36, 'UK016', 'K'),
	(2047, 36, 'UK017', 'K'),
	(2048, 36, 'UK018', 'K'),
	(2049, 36, 'UK019', 'K'),
	(2050, 36, 'UK020', 'K'),
	(2051, 36, 'UK021', 'K'),
	(2052, 36, 'UK022', 'K'),
	(2053, 36, 'UK023', 'K'),
	(2054, 36, 'UK024', 'K'),
	(2055, 36, 'UK025', 'K'),
	(2056, 36, 'UK026', 'BK'),
	(2057, 36, 'UK027', 'K'),
	(2058, 36, 'UK028', 'BK'),
	(2059, 36, 'UK029', 'BK'),
	(2060, 36, 'UK030', 'K'),
	(2061, 36, 'UK031', 'BK'),
	(2062, 36, 'UK032', 'K'),
	(2063, 36, 'UK033', 'K'),
	(2064, 36, 'UK034', 'BK'),
	(2065, 36, 'UK035', 'BK'),
	(2066, 36, 'UK036', 'BK'),
	(2067, 36, 'UK037', 'K'),
	(2068, 36, 'UK038', 'K'),
	(2069, 36, 'UK039', 'BK'),
	(2070, 36, 'UK040', 'BK'),
	(2071, 36, 'UK041', 'BK'),
	(2072, 36, 'UK042', 'K'),
	(2073, 36, 'UK043', 'K'),
	(2074, 36, 'UK044', 'BK'),
	(2075, 36, 'UK045', 'K'),
	(2076, 36, 'UK046', 'K'),
	(2077, 36, 'UK047', 'K'),
	(2078, 36, 'UK048', 'K'),
	(2079, 36, 'UK049', 'K'),
	(2080, 36, 'UK050', 'K'),
	(2081, 36, 'UK051', 'K'),
	(2082, 36, 'UK052', 'K'),
	(2083, 36, 'UK053', 'BK'),
	(2084, 36, 'UK054', 'BK'),
	(2085, 36, 'UK055', 'K'),
	(2086, 36, 'UK056', 'K'),
	(2087, 36, 'UK057', 'BK'),
	(2088, 36, 'UK058', 'BK'),
	(2089, 37, 'UK001', 'K'),
	(2090, 37, 'UK002', 'BK'),
	(2091, 37, 'UK003', 'BK'),
	(2092, 37, 'UK004', 'K'),
	(2093, 37, 'UK005', 'K'),
	(2094, 37, 'UK006', 'K'),
	(2095, 37, 'UK007', 'K'),
	(2096, 37, 'UK008', 'K'),
	(2097, 37, 'UK009', 'K'),
	(2098, 37, 'UK010', 'K'),
	(2099, 37, 'UK011', 'BK'),
	(2100, 37, 'UK012', 'K'),
	(2101, 37, 'UK013', 'K'),
	(2102, 37, 'UK014', 'K'),
	(2103, 37, 'UK015', 'K'),
	(2104, 37, 'UK016', 'K'),
	(2105, 37, 'UK017', 'K'),
	(2106, 37, 'UK018', 'K'),
	(2107, 37, 'UK019', 'K'),
	(2108, 37, 'UK020', 'K'),
	(2109, 37, 'UK021', 'BK'),
	(2110, 37, 'UK022', 'K'),
	(2111, 37, 'UK023', 'K'),
	(2112, 37, 'UK024', 'BK'),
	(2113, 37, 'UK025', 'K'),
	(2114, 37, 'UK026', 'K'),
	(2115, 37, 'UK027', 'K'),
	(2116, 37, 'UK028', 'BK'),
	(2117, 37, 'UK029', 'BK'),
	(2118, 37, 'UK030', 'K'),
	(2119, 37, 'UK031', 'K'),
	(2120, 37, 'UK032', 'K'),
	(2121, 37, 'UK033', 'BK'),
	(2122, 37, 'UK034', 'BK'),
	(2123, 37, 'UK035', 'K'),
	(2124, 37, 'UK036', 'K'),
	(2125, 37, 'UK037', 'K'),
	(2126, 37, 'UK038', 'K'),
	(2127, 37, 'UK039', 'BK'),
	(2128, 37, 'UK040', 'K'),
	(2129, 37, 'UK041', 'K'),
	(2130, 37, 'UK042', 'BK'),
	(2131, 37, 'UK043', 'K'),
	(2132, 37, 'UK044', 'BK'),
	(2133, 37, 'UK045', 'BK'),
	(2134, 37, 'UK046', 'BK'),
	(2135, 37, 'UK047', 'BK'),
	(2136, 37, 'UK048', 'K'),
	(2137, 37, 'UK049', 'BK'),
	(2138, 37, 'UK050', 'BK'),
	(2139, 37, 'UK051', 'BK'),
	(2140, 37, 'UK052', 'BK'),
	(2141, 37, 'UK053', 'BK'),
	(2142, 37, 'UK054', 'K'),
	(2143, 37, 'UK055', 'K'),
	(2144, 37, 'UK056', 'K'),
	(2145, 37, 'UK057', 'BK'),
	(2146, 37, 'UK058', 'K'),
	(2147, 38, 'UK001', 'BK'),
	(2148, 38, 'UK002', 'K'),
	(2149, 38, 'UK003', 'BK'),
	(2150, 38, 'UK004', 'K'),
	(2151, 38, 'UK005', 'K'),
	(2152, 38, 'UK006', 'BK'),
	(2153, 38, 'UK007', 'K'),
	(2154, 38, 'UK008', 'K'),
	(2155, 38, 'UK009', 'K'),
	(2156, 38, 'UK010', 'K'),
	(2157, 38, 'UK011', 'BK'),
	(2158, 38, 'UK012', 'K'),
	(2159, 38, 'UK013', 'K'),
	(2160, 38, 'UK014', 'K'),
	(2161, 38, 'UK015', 'K'),
	(2162, 38, 'UK016', 'K'),
	(2163, 38, 'UK017', 'K'),
	(2164, 38, 'UK018', 'K'),
	(2165, 38, 'UK019', 'BK'),
	(2166, 38, 'UK020', 'BK'),
	(2167, 38, 'UK021', 'K'),
	(2168, 38, 'UK022', 'BK'),
	(2169, 38, 'UK023', 'K'),
	(2170, 38, 'UK024', 'K'),
	(2171, 38, 'UK025', 'K'),
	(2172, 38, 'UK026', 'K'),
	(2173, 38, 'UK027', 'K'),
	(2174, 38, 'UK028', 'BK'),
	(2175, 38, 'UK029', 'K'),
	(2176, 38, 'UK030', 'BK'),
	(2177, 38, 'UK031', 'BK'),
	(2178, 38, 'UK032', 'K'),
	(2179, 38, 'UK033', 'BK'),
	(2180, 38, 'UK034', 'BK'),
	(2181, 38, 'UK035', 'BK'),
	(2182, 38, 'UK036', 'K'),
	(2183, 38, 'UK037', 'K'),
	(2184, 38, 'UK038', 'BK'),
	(2185, 38, 'UK039', 'K'),
	(2186, 38, 'UK040', 'K'),
	(2187, 38, 'UK041', 'K'),
	(2188, 38, 'UK042', 'K'),
	(2189, 38, 'UK043', 'K'),
	(2190, 38, 'UK044', 'K'),
	(2191, 38, 'UK045', 'K'),
	(2192, 38, 'UK046', 'BK'),
	(2193, 38, 'UK047', 'BK'),
	(2194, 38, 'UK048', 'BK'),
	(2195, 38, 'UK049', 'BK'),
	(2196, 38, 'UK050', 'K'),
	(2197, 38, 'UK051', 'BK'),
	(2198, 38, 'UK052', 'K'),
	(2199, 38, 'UK053', 'K'),
	(2200, 38, 'UK054', 'BK'),
	(2201, 38, 'UK055', 'BK'),
	(2202, 38, 'UK056', 'BK'),
	(2203, 38, 'UK057', 'K'),
	(2204, 38, 'UK058', 'BK'),
	(2205, 39, 'UK001', 'K'),
	(2206, 39, 'UK002', 'K'),
	(2207, 39, 'UK003', 'BK'),
	(2208, 39, 'UK004', 'K'),
	(2209, 39, 'UK005', 'K'),
	(2210, 39, 'UK006', 'K'),
	(2211, 39, 'UK007', 'BK'),
	(2212, 39, 'UK008', 'K'),
	(2213, 39, 'UK009', 'K'),
	(2214, 39, 'UK010', 'K'),
	(2215, 39, 'UK011', 'K'),
	(2216, 39, 'UK012', 'K'),
	(2217, 39, 'UK013', 'K'),
	(2218, 39, 'UK014', 'BK'),
	(2219, 39, 'UK015', 'K'),
	(2220, 39, 'UK016', 'K'),
	(2221, 39, 'UK017', 'K'),
	(2222, 39, 'UK018', 'BK'),
	(2223, 39, 'UK019', 'BK'),
	(2224, 39, 'UK020', 'BK'),
	(2225, 39, 'UK021', 'BK'),
	(2226, 39, 'UK022', 'BK'),
	(2227, 39, 'UK023', 'K'),
	(2228, 39, 'UK024', 'K'),
	(2229, 39, 'UK025', 'BK'),
	(2230, 39, 'UK026', 'K'),
	(2231, 39, 'UK027', 'BK'),
	(2232, 39, 'UK028', 'BK'),
	(2233, 39, 'UK029', 'K'),
	(2234, 39, 'UK030', 'K'),
	(2235, 39, 'UK031', 'BK'),
	(2236, 39, 'UK032', 'K'),
	(2237, 39, 'UK033', 'K'),
	(2238, 39, 'UK034', 'BK'),
	(2239, 39, 'UK035', 'K'),
	(2240, 39, 'UK036', 'BK'),
	(2241, 39, 'UK037', 'K'),
	(2242, 39, 'UK038', 'K'),
	(2243, 39, 'UK039', 'BK'),
	(2244, 39, 'UK040', 'K'),
	(2245, 39, 'UK041', 'K'),
	(2246, 39, 'UK042', 'BK'),
	(2247, 39, 'UK043', 'BK'),
	(2248, 39, 'UK044', 'K'),
	(2249, 39, 'UK045', 'BK'),
	(2250, 39, 'UK046', 'BK'),
	(2251, 39, 'UK047', 'K'),
	(2252, 39, 'UK048', 'K'),
	(2253, 39, 'UK049', 'K'),
	(2254, 39, 'UK050', 'BK'),
	(2255, 39, 'UK051', 'BK'),
	(2256, 39, 'UK052', 'K'),
	(2257, 39, 'UK053', 'BK'),
	(2258, 39, 'UK054', 'K'),
	(2259, 39, 'UK055', 'BK'),
	(2260, 39, 'UK056', 'BK'),
	(2261, 39, 'UK057', 'K'),
	(2262, 39, 'UK058', 'K'),
	(2263, 40, 'UK001', 'K'),
	(2264, 40, 'UK002', 'K'),
	(2265, 40, 'UK003', 'K'),
	(2266, 40, 'UK004', 'K'),
	(2267, 40, 'UK005', 'K'),
	(2268, 40, 'UK006', 'K'),
	(2269, 40, 'UK007', 'BK'),
	(2270, 40, 'UK008', 'K'),
	(2271, 40, 'UK009', 'BK'),
	(2272, 40, 'UK010', 'K'),
	(2273, 40, 'UK011', 'K'),
	(2274, 40, 'UK012', 'K'),
	(2275, 40, 'UK013', 'K'),
	(2276, 40, 'UK014', 'BK'),
	(2277, 40, 'UK015', 'K'),
	(2278, 40, 'UK016', 'BK'),
	(2279, 40, 'UK017', 'K'),
	(2280, 40, 'UK018', 'K'),
	(2281, 40, 'UK019', 'K'),
	(2282, 40, 'UK020', 'K'),
	(2283, 40, 'UK021', 'BK'),
	(2284, 40, 'UK022', 'K'),
	(2285, 40, 'UK023', 'BK'),
	(2286, 40, 'UK024', 'K'),
	(2287, 40, 'UK025', 'BK'),
	(2288, 40, 'UK026', 'K'),
	(2289, 40, 'UK027', 'BK'),
	(2290, 40, 'UK028', 'BK'),
	(2291, 40, 'UK029', 'BK'),
	(2292, 40, 'UK030', 'K'),
	(2293, 40, 'UK031', 'K'),
	(2294, 40, 'UK032', 'K'),
	(2295, 40, 'UK033', 'BK'),
	(2296, 40, 'UK034', 'K'),
	(2297, 40, 'UK035', 'K'),
	(2298, 40, 'UK036', 'BK'),
	(2299, 40, 'UK037', 'BK'),
	(2300, 40, 'UK038', 'BK'),
	(2301, 40, 'UK039', 'K'),
	(2302, 40, 'UK040', 'BK'),
	(2303, 40, 'UK041', 'K'),
	(2304, 40, 'UK042', 'BK'),
	(2305, 40, 'UK043', 'BK'),
	(2306, 40, 'UK044', 'K'),
	(2307, 40, 'UK045', 'BK'),
	(2308, 40, 'UK046', 'BK'),
	(2309, 40, 'UK047', 'K'),
	(2310, 40, 'UK048', 'K'),
	(2311, 40, 'UK049', 'K'),
	(2312, 40, 'UK050', 'K'),
	(2313, 40, 'UK051', 'K'),
	(2314, 40, 'UK052', 'BK'),
	(2315, 40, 'UK053', 'K'),
	(2316, 40, 'UK054', 'BK'),
	(2317, 40, 'UK055', 'K'),
	(2318, 40, 'UK056', 'K'),
	(2319, 40, 'UK057', 'K'),
	(2320, 40, 'UK058', 'BK'),
	(2321, 41, 'UK001', 'K'),
	(2322, 41, 'UK002', 'K'),
	(2323, 41, 'UK003', 'K'),
	(2324, 41, 'UK004', 'K'),
	(2325, 41, 'UK005', 'BK'),
	(2326, 41, 'UK006', 'K'),
	(2327, 41, 'UK007', 'K'),
	(2328, 41, 'UK008', 'BK'),
	(2329, 41, 'UK009', 'K'),
	(2330, 41, 'UK010', 'K'),
	(2331, 41, 'UK011', 'K'),
	(2332, 41, 'UK012', 'K'),
	(2333, 41, 'UK013', 'K'),
	(2334, 41, 'UK014', 'BK'),
	(2335, 41, 'UK015', 'K'),
	(2336, 41, 'UK016', 'K'),
	(2337, 41, 'UK017', 'K'),
	(2338, 41, 'UK018', 'K'),
	(2339, 41, 'UK019', 'BK'),
	(2340, 41, 'UK020', 'BK'),
	(2341, 41, 'UK021', 'K'),
	(2342, 41, 'UK022', 'BK'),
	(2343, 41, 'UK023', 'BK'),
	(2344, 41, 'UK024', 'BK'),
	(2345, 41, 'UK025', 'BK'),
	(2346, 41, 'UK026', 'K'),
	(2347, 41, 'UK027', 'K'),
	(2348, 41, 'UK028', 'BK'),
	(2349, 41, 'UK029', 'K'),
	(2350, 41, 'UK030', 'K'),
	(2351, 41, 'UK031', 'BK'),
	(2352, 41, 'UK032', 'K'),
	(2353, 41, 'UK033', 'K'),
	(2354, 41, 'UK034', 'BK'),
	(2355, 41, 'UK035', 'K'),
	(2356, 41, 'UK036', 'K'),
	(2357, 41, 'UK037', 'K'),
	(2358, 41, 'UK038', 'K'),
	(2359, 41, 'UK039', 'BK'),
	(2360, 41, 'UK040', 'BK'),
	(2361, 41, 'UK041', 'K'),
	(2362, 41, 'UK042', 'K'),
	(2363, 41, 'UK043', 'BK'),
	(2364, 41, 'UK044', 'K'),
	(2365, 41, 'UK045', 'K'),
	(2366, 41, 'UK046', 'BK'),
	(2367, 41, 'UK047', 'K'),
	(2368, 41, 'UK048', 'K'),
	(2369, 41, 'UK049', 'K'),
	(2370, 41, 'UK050', 'K'),
	(2371, 41, 'UK051', 'BK'),
	(2372, 41, 'UK052', 'K'),
	(2373, 41, 'UK053', 'BK'),
	(2374, 41, 'UK054', 'BK'),
	(2375, 41, 'UK055', 'K'),
	(2376, 41, 'UK056', 'K'),
	(2377, 41, 'UK057', 'K'),
	(2378, 41, 'UK058', 'BK'),
	(2379, 42, 'UK001', 'BK'),
	(2380, 42, 'UK002', 'BK'),
	(2381, 42, 'UK003', 'BK'),
	(2382, 42, 'UK004', 'BK'),
	(2383, 42, 'UK005', 'K'),
	(2384, 42, 'UK006', 'K'),
	(2385, 42, 'UK007', 'K'),
	(2386, 42, 'UK008', 'K'),
	(2387, 42, 'UK009', 'K'),
	(2388, 42, 'UK010', 'BK'),
	(2389, 42, 'UK011', 'BK'),
	(2390, 42, 'UK012', 'K'),
	(2391, 42, 'UK013', 'K'),
	(2392, 42, 'UK014', 'BK'),
	(2393, 42, 'UK015', 'K'),
	(2394, 42, 'UK016', 'K'),
	(2395, 42, 'UK017', 'BK'),
	(2396, 42, 'UK018', 'K'),
	(2397, 42, 'UK019', 'K'),
	(2398, 42, 'UK020', 'K'),
	(2399, 42, 'UK021', 'K'),
	(2400, 42, 'UK022', 'K'),
	(2401, 42, 'UK023', 'K'),
	(2402, 42, 'UK024', 'K'),
	(2403, 42, 'UK025', 'K'),
	(2404, 42, 'UK026', 'K'),
	(2405, 42, 'UK027', 'K'),
	(2406, 42, 'UK028', 'BK'),
	(2407, 42, 'UK029', 'K'),
	(2408, 42, 'UK030', 'K'),
	(2409, 42, 'UK031', 'BK'),
	(2410, 42, 'UK032', 'BK'),
	(2411, 42, 'UK033', 'K'),
	(2412, 42, 'UK034', 'K'),
	(2413, 42, 'UK035', 'BK'),
	(2414, 42, 'UK036', 'BK'),
	(2415, 42, 'UK037', 'BK'),
	(2416, 42, 'UK038', 'K'),
	(2417, 42, 'UK039', 'K'),
	(2418, 42, 'UK040', 'BK'),
	(2419, 42, 'UK041', 'K'),
	(2420, 42, 'UK042', 'K'),
	(2421, 42, 'UK043', 'BK'),
	(2422, 42, 'UK044', 'BK'),
	(2423, 42, 'UK045', 'K'),
	(2424, 42, 'UK046', 'BK'),
	(2425, 42, 'UK047', 'BK'),
	(2426, 42, 'UK048', 'BK'),
	(2427, 42, 'UK049', 'BK'),
	(2428, 42, 'UK050', 'K'),
	(2429, 42, 'UK051', 'K'),
	(2430, 42, 'UK052', 'K'),
	(2431, 42, 'UK053', 'K'),
	(2432, 42, 'UK054', 'K'),
	(2433, 42, 'UK055', 'BK'),
	(2434, 42, 'UK056', 'K'),
	(2435, 42, 'UK057', 'K'),
	(2436, 42, 'UK058', 'K'),
	(2437, 43, 'UK001', 'K'),
	(2438, 43, 'UK002', 'BK'),
	(2439, 43, 'UK003', 'K'),
	(2440, 43, 'UK004', 'K'),
	(2441, 43, 'UK005', 'BK'),
	(2442, 43, 'UK006', 'K'),
	(2443, 43, 'UK007', 'K'),
	(2444, 43, 'UK008', 'K'),
	(2445, 43, 'UK009', 'BK'),
	(2446, 43, 'UK010', 'BK'),
	(2447, 43, 'UK011', 'BK'),
	(2448, 43, 'UK012', 'BK'),
	(2449, 43, 'UK013', 'BK'),
	(2450, 43, 'UK014', 'BK'),
	(2451, 43, 'UK015', 'BK'),
	(2452, 43, 'UK016', 'K'),
	(2453, 43, 'UK017', 'K'),
	(2454, 43, 'UK018', 'K'),
	(2455, 43, 'UK019', 'K'),
	(2456, 43, 'UK020', 'K'),
	(2457, 43, 'UK021', 'BK'),
	(2458, 43, 'UK022', 'K'),
	(2459, 43, 'UK023', 'K'),
	(2460, 43, 'UK024', 'K'),
	(2461, 43, 'UK025', 'BK'),
	(2462, 43, 'UK026', 'K'),
	(2463, 43, 'UK027', 'BK'),
	(2464, 43, 'UK028', 'K'),
	(2465, 43, 'UK029', 'K'),
	(2466, 43, 'UK030', 'BK'),
	(2467, 43, 'UK031', 'K'),
	(2468, 43, 'UK032', 'BK'),
	(2469, 43, 'UK033', 'K'),
	(2470, 43, 'UK034', 'K'),
	(2471, 43, 'UK035', 'K'),
	(2472, 43, 'UK036', 'K'),
	(2473, 43, 'UK037', 'K'),
	(2474, 43, 'UK038', 'K'),
	(2475, 43, 'UK039', 'BK'),
	(2476, 43, 'UK040', 'K'),
	(2477, 43, 'UK041', 'BK'),
	(2478, 43, 'UK042', 'BK'),
	(2479, 43, 'UK043', 'K'),
	(2480, 43, 'UK044', 'K'),
	(2481, 43, 'UK045', 'BK'),
	(2482, 43, 'UK046', 'K'),
	(2483, 43, 'UK047', 'BK'),
	(2484, 43, 'UK048', 'K'),
	(2485, 43, 'UK049', 'K'),
	(2486, 43, 'UK050', 'BK'),
	(2487, 43, 'UK051', 'BK'),
	(2488, 43, 'UK052', 'K'),
	(2489, 43, 'UK053', 'BK'),
	(2490, 43, 'UK054', 'BK'),
	(2491, 43, 'UK055', 'K'),
	(2492, 43, 'UK056', 'BK'),
	(2493, 43, 'UK057', 'K'),
	(2494, 43, 'UK058', 'BK'),
	(2495, 44, 'UK001', 'BK'),
	(2496, 44, 'UK002', 'BK'),
	(2497, 44, 'UK003', 'BK'),
	(2498, 44, 'UK004', 'BK'),
	(2499, 44, 'UK005', 'K'),
	(2500, 44, 'UK006', 'K'),
	(2501, 44, 'UK007', 'K'),
	(2502, 44, 'UK008', 'BK'),
	(2503, 44, 'UK009', 'K'),
	(2504, 44, 'UK010', 'BK'),
	(2505, 44, 'UK011', 'BK'),
	(2506, 44, 'UK012', 'BK'),
	(2507, 44, 'UK013', 'K'),
	(2508, 44, 'UK014', 'BK'),
	(2509, 44, 'UK015', 'BK'),
	(2510, 44, 'UK016', 'BK'),
	(2511, 44, 'UK017', 'K'),
	(2512, 44, 'UK018', 'K'),
	(2513, 44, 'UK019', 'K'),
	(2514, 44, 'UK020', 'K'),
	(2515, 44, 'UK021', 'BK'),
	(2516, 44, 'UK022', 'K'),
	(2517, 44, 'UK023', 'BK'),
	(2518, 44, 'UK024', 'BK'),
	(2519, 44, 'UK025', 'K'),
	(2520, 44, 'UK026', 'K'),
	(2521, 44, 'UK027', 'BK'),
	(2522, 44, 'UK028', 'K'),
	(2523, 44, 'UK029', 'BK'),
	(2524, 44, 'UK030', 'BK'),
	(2525, 44, 'UK031', 'BK'),
	(2526, 44, 'UK032', 'K'),
	(2527, 44, 'UK033', 'BK'),
	(2528, 44, 'UK034', 'BK'),
	(2529, 44, 'UK035', 'BK'),
	(2530, 44, 'UK036', 'K'),
	(2531, 44, 'UK037', 'K'),
	(2532, 44, 'UK038', 'BK'),
	(2533, 44, 'UK039', 'BK'),
	(2534, 44, 'UK040', 'BK'),
	(2535, 44, 'UK041', 'BK'),
	(2536, 44, 'UK042', 'K'),
	(2537, 44, 'UK043', 'BK'),
	(2538, 44, 'UK044', 'BK'),
	(2539, 44, 'UK045', 'K'),
	(2540, 44, 'UK046', 'K'),
	(2541, 44, 'UK047', 'K'),
	(2542, 44, 'UK048', 'K'),
	(2543, 44, 'UK049', 'BK'),
	(2544, 44, 'UK050', 'K'),
	(2545, 44, 'UK051', 'K'),
	(2546, 44, 'UK052', 'BK'),
	(2547, 44, 'UK053', 'BK'),
	(2548, 44, 'UK054', 'K'),
	(2549, 44, 'UK055', 'K'),
	(2550, 44, 'UK056', 'BK'),
	(2551, 44, 'UK057', 'K'),
	(2552, 44, 'UK058', 'K'),
	(2553, 45, 'UK001', 'BK'),
	(2554, 45, 'UK002', 'K'),
	(2555, 45, 'UK003', 'BK'),
	(2556, 45, 'UK004', 'BK'),
	(2557, 45, 'UK005', 'K'),
	(2558, 45, 'UK006', 'K'),
	(2559, 45, 'UK007', 'BK'),
	(2560, 45, 'UK008', 'K'),
	(2561, 45, 'UK009', 'K'),
	(2562, 45, 'UK010', 'BK'),
	(2563, 45, 'UK011', 'BK'),
	(2564, 45, 'UK012', 'BK'),
	(2565, 45, 'UK013', 'K'),
	(2566, 45, 'UK014', 'K'),
	(2567, 45, 'UK015', 'K'),
	(2568, 45, 'UK016', 'K'),
	(2569, 45, 'UK017', 'BK'),
	(2570, 45, 'UK018', 'BK'),
	(2571, 45, 'UK019', 'K'),
	(2572, 45, 'UK020', 'K'),
	(2573, 45, 'UK021', 'BK'),
	(2574, 45, 'UK022', 'K'),
	(2575, 45, 'UK023', 'K'),
	(2576, 45, 'UK024', 'K'),
	(2577, 45, 'UK025', 'BK'),
	(2578, 45, 'UK026', 'K'),
	(2579, 45, 'UK027', 'K'),
	(2580, 45, 'UK028', 'K'),
	(2581, 45, 'UK029', 'K'),
	(2582, 45, 'UK030', 'BK'),
	(2583, 45, 'UK031', 'BK'),
	(2584, 45, 'UK032', 'K'),
	(2585, 45, 'UK033', 'K'),
	(2586, 45, 'UK034', 'BK'),
	(2587, 45, 'UK035', 'BK'),
	(2588, 45, 'UK036', 'BK'),
	(2589, 45, 'UK037', 'BK'),
	(2590, 45, 'UK038', 'K'),
	(2591, 45, 'UK039', 'BK'),
	(2592, 45, 'UK040', 'BK'),
	(2593, 45, 'UK041', 'K'),
	(2594, 45, 'UK042', 'K'),
	(2595, 45, 'UK043', 'BK'),
	(2596, 45, 'UK044', 'BK'),
	(2597, 45, 'UK045', 'K'),
	(2598, 45, 'UK046', 'K'),
	(2599, 45, 'UK047', 'BK'),
	(2600, 45, 'UK048', 'K'),
	(2601, 45, 'UK049', 'K'),
	(2602, 45, 'UK050', 'K'),
	(2603, 45, 'UK051', 'K'),
	(2604, 45, 'UK052', 'BK'),
	(2605, 45, 'UK053', 'BK'),
	(2606, 45, 'UK054', 'BK'),
	(2607, 45, 'UK055', 'K'),
	(2608, 45, 'UK056', 'K'),
	(2609, 45, 'UK057', 'K'),
	(2610, 45, 'UK058', 'BK'),
	(2611, 46, 'UK001', 'K'),
	(2612, 46, 'UK002', 'BK'),
	(2613, 46, 'UK003', 'BK'),
	(2614, 46, 'UK004', 'K'),
	(2615, 46, 'UK005', 'BK'),
	(2616, 46, 'UK006', 'K'),
	(2617, 46, 'UK007', 'BK'),
	(2618, 46, 'UK008', 'K'),
	(2619, 46, 'UK009', 'K'),
	(2620, 46, 'UK010', 'K'),
	(2621, 46, 'UK011', 'K'),
	(2622, 46, 'UK012', 'BK'),
	(2623, 46, 'UK013', 'K'),
	(2624, 46, 'UK014', 'K'),
	(2625, 46, 'UK015', 'BK'),
	(2626, 46, 'UK016', 'K'),
	(2627, 46, 'UK017', 'BK'),
	(2628, 46, 'UK018', 'K'),
	(2629, 46, 'UK019', 'K'),
	(2630, 46, 'UK020', 'BK'),
	(2631, 46, 'UK021', 'K'),
	(2632, 46, 'UK022', 'K'),
	(2633, 46, 'UK023', 'BK'),
	(2634, 46, 'UK024', 'K'),
	(2635, 46, 'UK025', 'K'),
	(2636, 46, 'UK026', 'K'),
	(2637, 46, 'UK027', 'BK'),
	(2638, 46, 'UK028', 'BK'),
	(2639, 46, 'UK029', 'BK'),
	(2640, 46, 'UK030', 'BK'),
	(2641, 46, 'UK031', 'K'),
	(2642, 46, 'UK032', 'BK'),
	(2643, 46, 'UK033', 'K'),
	(2644, 46, 'UK034', 'K'),
	(2645, 46, 'UK035', 'K'),
	(2646, 46, 'UK036', 'BK'),
	(2647, 46, 'UK037', 'K'),
	(2648, 46, 'UK038', 'K'),
	(2649, 46, 'UK039', 'BK'),
	(2650, 46, 'UK040', 'K'),
	(2651, 46, 'UK041', 'BK'),
	(2652, 46, 'UK042', 'BK'),
	(2653, 46, 'UK043', 'BK'),
	(2654, 46, 'UK044', 'BK'),
	(2655, 46, 'UK045', 'K'),
	(2656, 46, 'UK046', 'K'),
	(2657, 46, 'UK047', 'K'),
	(2658, 46, 'UK048', 'BK'),
	(2659, 46, 'UK049', 'K'),
	(2660, 46, 'UK050', 'K'),
	(2661, 46, 'UK051', 'BK'),
	(2662, 46, 'UK052', 'K'),
	(2663, 46, 'UK053', 'K'),
	(2664, 46, 'UK054', 'BK'),
	(2665, 46, 'UK055', 'K'),
	(2666, 46, 'UK056', 'K'),
	(2667, 46, 'UK057', 'BK'),
	(2668, 46, 'UK058', 'BK'),
	(2669, 47, 'UK001', 'BK'),
	(2670, 47, 'UK002', 'K'),
	(2671, 47, 'UK003', 'K'),
	(2672, 47, 'UK004', 'BK'),
	(2673, 47, 'UK005', 'BK'),
	(2674, 47, 'UK006', 'K'),
	(2675, 47, 'UK007', 'K'),
	(2676, 47, 'UK008', 'K'),
	(2677, 47, 'UK009', 'K'),
	(2678, 47, 'UK010', 'BK'),
	(2679, 47, 'UK011', 'K'),
	(2680, 47, 'UK012', 'K'),
	(2681, 47, 'UK013', 'BK'),
	(2682, 47, 'UK014', 'BK'),
	(2683, 47, 'UK015', 'K'),
	(2684, 47, 'UK016', 'BK'),
	(2685, 47, 'UK017', 'K'),
	(2686, 47, 'UK018', 'K'),
	(2687, 47, 'UK019', 'K'),
	(2688, 47, 'UK020', 'BK'),
	(2689, 47, 'UK021', 'K'),
	(2690, 47, 'UK022', 'K'),
	(2691, 47, 'UK023', 'K'),
	(2692, 47, 'UK024', 'K'),
	(2693, 47, 'UK025', 'K'),
	(2694, 47, 'UK026', 'BK'),
	(2695, 47, 'UK027', 'K'),
	(2696, 47, 'UK028', 'K'),
	(2697, 47, 'UK029', 'K'),
	(2698, 47, 'UK030', 'BK'),
	(2699, 47, 'UK031', 'K'),
	(2700, 47, 'UK032', 'K'),
	(2701, 47, 'UK033', 'K'),
	(2702, 47, 'UK034', 'K'),
	(2703, 47, 'UK035', 'K'),
	(2704, 47, 'UK036', 'K'),
	(2705, 47, 'UK037', 'K'),
	(2706, 47, 'UK038', 'K'),
	(2707, 47, 'UK039', 'K'),
	(2708, 47, 'UK040', 'BK'),
	(2709, 47, 'UK041', 'K'),
	(2710, 47, 'UK042', 'K'),
	(2711, 47, 'UK043', 'K'),
	(2712, 47, 'UK044', 'BK'),
	(2713, 47, 'UK045', 'BK'),
	(2714, 47, 'UK046', 'BK'),
	(2715, 47, 'UK047', 'K'),
	(2716, 47, 'UK048', 'K'),
	(2717, 47, 'UK049', 'K'),
	(2718, 47, 'UK050', 'BK'),
	(2719, 47, 'UK051', 'BK'),
	(2720, 47, 'UK052', 'K'),
	(2721, 47, 'UK053', 'BK'),
	(2722, 47, 'UK054', 'BK'),
	(2723, 47, 'UK055', 'BK'),
	(2724, 47, 'UK056', 'BK'),
	(2725, 47, 'UK057', 'BK'),
	(2726, 47, 'UK058', 'K'),
	(2727, 48, 'UK001', 'BK'),
	(2728, 48, 'UK002', 'BK'),
	(2729, 48, 'UK003', 'BK'),
	(2730, 48, 'UK004', 'K'),
	(2731, 48, 'UK005', 'BK'),
	(2732, 48, 'UK006', 'K'),
	(2733, 48, 'UK007', 'K'),
	(2734, 48, 'UK008', 'K'),
	(2735, 48, 'UK009', 'K'),
	(2736, 48, 'UK010', 'K'),
	(2737, 48, 'UK011', 'K'),
	(2738, 48, 'UK012', 'K'),
	(2739, 48, 'UK013', 'K'),
	(2740, 48, 'UK014', 'K'),
	(2741, 48, 'UK015', 'BK'),
	(2742, 48, 'UK016', 'BK'),
	(2743, 48, 'UK017', 'K'),
	(2744, 48, 'UK018', 'K'),
	(2745, 48, 'UK019', 'K'),
	(2746, 48, 'UK020', 'K'),
	(2747, 48, 'UK021', 'K'),
	(2748, 48, 'UK022', 'K'),
	(2749, 48, 'UK023', 'K'),
	(2750, 48, 'UK024', 'BK'),
	(2751, 48, 'UK025', 'K'),
	(2752, 48, 'UK026', 'K'),
	(2753, 48, 'UK027', 'K'),
	(2754, 48, 'UK028', 'K'),
	(2755, 48, 'UK029', 'K'),
	(2756, 48, 'UK030', 'K'),
	(2757, 48, 'UK031', 'K'),
	(2758, 48, 'UK032', 'K'),
	(2759, 48, 'UK033', 'K'),
	(2760, 48, 'UK034', 'K'),
	(2761, 48, 'UK035', 'BK'),
	(2762, 48, 'UK036', 'BK'),
	(2763, 48, 'UK037', 'BK'),
	(2764, 48, 'UK038', 'BK'),
	(2765, 48, 'UK039', 'K'),
	(2766, 48, 'UK040', 'BK'),
	(2767, 48, 'UK041', 'K'),
	(2768, 48, 'UK042', 'K'),
	(2769, 48, 'UK043', 'K'),
	(2770, 48, 'UK044', 'BK'),
	(2771, 48, 'UK045', 'BK'),
	(2772, 48, 'UK046', 'BK'),
	(2773, 48, 'UK047', 'K'),
	(2774, 48, 'UK048', 'BK'),
	(2775, 48, 'UK049', 'BK'),
	(2776, 48, 'UK050', 'BK'),
	(2777, 48, 'UK051', 'BK'),
	(2778, 48, 'UK052', 'K'),
	(2779, 48, 'UK053', 'BK'),
	(2780, 48, 'UK054', 'K'),
	(2781, 48, 'UK055', 'K'),
	(2782, 48, 'UK056', 'BK'),
	(2783, 48, 'UK057', 'BK'),
	(2784, 48, 'UK058', 'BK'),
	(2785, 49, 'UK001', 'BK'),
	(2786, 49, 'UK002', 'K'),
	(2787, 49, 'UK003', 'K'),
	(2788, 49, 'UK004', 'BK'),
	(2789, 49, 'UK005', 'BK'),
	(2790, 49, 'UK006', 'K'),
	(2791, 49, 'UK007', 'BK'),
	(2792, 49, 'UK008', 'K'),
	(2793, 49, 'UK009', 'K'),
	(2794, 49, 'UK010', 'K'),
	(2795, 49, 'UK011', 'BK'),
	(2796, 49, 'UK012', 'BK'),
	(2797, 49, 'UK013', 'BK'),
	(2798, 49, 'UK014', 'BK'),
	(2799, 49, 'UK015', 'K'),
	(2800, 49, 'UK016', 'K'),
	(2801, 49, 'UK017', 'K'),
	(2802, 49, 'UK018', 'K'),
	(2803, 49, 'UK019', 'K'),
	(2804, 49, 'UK020', 'BK'),
	(2805, 49, 'UK021', 'K'),
	(2806, 49, 'UK022', 'K'),
	(2807, 49, 'UK023', 'K'),
	(2808, 49, 'UK024', 'BK'),
	(2809, 49, 'UK025', 'K'),
	(2810, 49, 'UK026', 'K'),
	(2811, 49, 'UK027', 'K'),
	(2812, 49, 'UK028', 'K'),
	(2813, 49, 'UK029', 'BK'),
	(2814, 49, 'UK030', 'K'),
	(2815, 49, 'UK031', 'BK'),
	(2816, 49, 'UK032', 'K'),
	(2817, 49, 'UK033', 'K'),
	(2818, 49, 'UK034', 'BK'),
	(2819, 49, 'UK035', 'BK'),
	(2820, 49, 'UK036', 'K'),
	(2821, 49, 'UK037', 'K'),
	(2822, 49, 'UK038', 'BK'),
	(2823, 49, 'UK039', 'K'),
	(2824, 49, 'UK040', 'BK'),
	(2825, 49, 'UK041', 'BK'),
	(2826, 49, 'UK042', 'K'),
	(2827, 49, 'UK043', 'K'),
	(2828, 49, 'UK044', 'BK'),
	(2829, 49, 'UK045', 'K'),
	(2830, 49, 'UK046', 'BK'),
	(2831, 49, 'UK047', 'BK'),
	(2832, 49, 'UK048', 'BK'),
	(2833, 49, 'UK049', 'K'),
	(2834, 49, 'UK050', 'BK'),
	(2835, 49, 'UK051', 'BK'),
	(2836, 49, 'UK052', 'BK'),
	(2837, 49, 'UK053', 'BK'),
	(2838, 49, 'UK054', 'BK'),
	(2839, 49, 'UK055', 'BK'),
	(2840, 49, 'UK056', 'BK'),
	(2841, 49, 'UK057', 'K'),
	(2842, 49, 'UK058', 'BK'),
	(2843, 50, 'UK001', 'BK'),
	(2844, 50, 'UK002', 'BK'),
	(2845, 50, 'UK003', 'BK'),
	(2846, 50, 'UK004', 'K'),
	(2847, 50, 'UK005', 'BK'),
	(2848, 50, 'UK006', 'BK'),
	(2849, 50, 'UK007', 'K'),
	(2850, 50, 'UK008', 'K'),
	(2851, 50, 'UK009', 'BK'),
	(2852, 50, 'UK010', 'BK'),
	(2853, 50, 'UK011', 'BK'),
	(2854, 50, 'UK012', 'BK'),
	(2855, 50, 'UK013', 'K'),
	(2856, 50, 'UK014', 'K'),
	(2857, 50, 'UK015', 'BK'),
	(2858, 50, 'UK016', 'K'),
	(2859, 50, 'UK017', 'BK'),
	(2860, 50, 'UK018', 'K'),
	(2861, 50, 'UK019', 'K'),
	(2862, 50, 'UK020', 'K'),
	(2863, 50, 'UK021', 'K'),
	(2864, 50, 'UK022', 'K'),
	(2865, 50, 'UK023', 'K'),
	(2866, 50, 'UK024', 'K'),
	(2867, 50, 'UK025', 'K'),
	(2868, 50, 'UK026', 'K'),
	(2869, 50, 'UK027', 'K'),
	(2870, 50, 'UK028', 'K'),
	(2871, 50, 'UK029', 'K'),
	(2872, 50, 'UK030', 'K'),
	(2873, 50, 'UK031', 'K'),
	(2874, 50, 'UK032', 'K'),
	(2875, 50, 'UK033', 'K'),
	(2876, 50, 'UK034', 'K'),
	(2877, 50, 'UK035', 'BK'),
	(2878, 50, 'UK036', 'K'),
	(2879, 50, 'UK037', 'BK'),
	(2880, 50, 'UK038', 'K'),
	(2881, 50, 'UK039', 'K'),
	(2882, 50, 'UK040', 'BK'),
	(2883, 50, 'UK041', 'K'),
	(2884, 50, 'UK042', 'K'),
	(2885, 50, 'UK043', 'K'),
	(2886, 50, 'UK044', 'K'),
	(2887, 50, 'UK045', 'BK'),
	(2888, 50, 'UK046', 'K'),
	(2889, 50, 'UK047', 'K'),
	(2890, 50, 'UK048', 'BK'),
	(2891, 50, 'UK049', 'BK'),
	(2892, 50, 'UK050', 'K'),
	(2893, 50, 'UK051', 'BK'),
	(2894, 50, 'UK052', 'BK'),
	(2895, 50, 'UK053', 'BK'),
	(2896, 50, 'UK054', 'BK'),
	(2897, 50, 'UK055', 'BK'),
	(2898, 50, 'UK056', 'K'),
	(2899, 50, 'UK057', 'BK'),
	(2900, 50, 'UK058', 'K'),
	(2901, 51, 'UK001', 'BK'),
	(2902, 51, 'UK002', 'K'),
	(2903, 51, 'UK003', 'BK'),
	(2904, 51, 'UK004', 'BK'),
	(2905, 51, 'UK005', 'K'),
	(2906, 51, 'UK006', 'K'),
	(2907, 51, 'UK007', 'BK'),
	(2908, 51, 'UK008', 'BK'),
	(2909, 51, 'UK009', 'K'),
	(2910, 51, 'UK010', 'BK'),
	(2911, 51, 'UK011', 'K'),
	(2912, 51, 'UK012', 'BK'),
	(2913, 51, 'UK013', 'K'),
	(2914, 51, 'UK014', 'BK'),
	(2915, 51, 'UK015', 'K'),
	(2916, 51, 'UK016', 'BK'),
	(2917, 51, 'UK017', 'K'),
	(2918, 51, 'UK018', 'BK'),
	(2919, 51, 'UK019', 'K'),
	(2920, 51, 'UK020', 'BK'),
	(2921, 51, 'UK021', 'K'),
	(2922, 51, 'UK022', 'K'),
	(2923, 51, 'UK023', 'K'),
	(2924, 51, 'UK024', 'K'),
	(2925, 51, 'UK025', 'K'),
	(2926, 51, 'UK026', 'K'),
	(2927, 51, 'UK027', 'K'),
	(2928, 51, 'UK028', 'K'),
	(2929, 51, 'UK029', 'K'),
	(2930, 51, 'UK030', 'K'),
	(2931, 51, 'UK031', 'BK'),
	(2932, 51, 'UK032', 'K'),
	(2933, 51, 'UK033', 'K'),
	(2934, 51, 'UK034', 'BK'),
	(2935, 51, 'UK035', 'K'),
	(2936, 51, 'UK036', 'K'),
	(2937, 51, 'UK037', 'K'),
	(2938, 51, 'UK038', 'K'),
	(2939, 51, 'UK039', 'K'),
	(2940, 51, 'UK040', 'BK'),
	(2941, 51, 'UK041', 'K'),
	(2942, 51, 'UK042', 'K'),
	(2943, 51, 'UK043', 'BK'),
	(2944, 51, 'UK044', 'BK'),
	(2945, 51, 'UK045', 'K'),
	(2946, 51, 'UK046', 'K'),
	(2947, 51, 'UK047', 'K'),
	(2948, 51, 'UK048', 'K'),
	(2949, 51, 'UK049', 'BK'),
	(2950, 51, 'UK050', 'BK'),
	(2951, 51, 'UK051', 'BK'),
	(2952, 51, 'UK052', 'K'),
	(2953, 51, 'UK053', 'K'),
	(2954, 51, 'UK054', 'K'),
	(2955, 51, 'UK055', 'BK'),
	(2956, 51, 'UK056', 'K'),
	(2957, 51, 'UK057', 'BK'),
	(2958, 51, 'UK058', 'K'),
	(2959, 52, 'UK001', 'K'),
	(2960, 52, 'UK002', 'BK'),
	(2961, 52, 'UK003', 'BK'),
	(2962, 52, 'UK004', 'K'),
	(2963, 52, 'UK005', 'BK'),
	(2964, 52, 'UK006', 'K'),
	(2965, 52, 'UK007', 'K'),
	(2966, 52, 'UK008', 'K'),
	(2967, 52, 'UK009', 'K'),
	(2968, 52, 'UK010', 'K'),
	(2969, 52, 'UK011', 'K'),
	(2970, 52, 'UK012', 'K'),
	(2971, 52, 'UK013', 'K'),
	(2972, 52, 'UK014', 'K'),
	(2973, 52, 'UK015', 'K'),
	(2974, 52, 'UK016', 'BK'),
	(2975, 52, 'UK017', 'K'),
	(2976, 52, 'UK018', 'BK'),
	(2977, 52, 'UK019', 'K'),
	(2978, 52, 'UK020', 'BK'),
	(2979, 52, 'UK021', 'K'),
	(2980, 52, 'UK022', 'K'),
	(2981, 52, 'UK023', 'BK'),
	(2982, 52, 'UK024', 'K'),
	(2983, 52, 'UK025', 'K'),
	(2984, 52, 'UK026', 'BK'),
	(2985, 52, 'UK027', 'K'),
	(2986, 52, 'UK028', 'BK'),
	(2987, 52, 'UK029', 'K'),
	(2988, 52, 'UK030', 'K'),
	(2989, 52, 'UK031', 'BK'),
	(2990, 52, 'UK032', 'K'),
	(2991, 52, 'UK033', 'K'),
	(2992, 52, 'UK034', 'K'),
	(2993, 52, 'UK035', 'K'),
	(2994, 52, 'UK036', 'K'),
	(2995, 52, 'UK037', 'BK'),
	(2996, 52, 'UK038', 'BK'),
	(2997, 52, 'UK039', 'BK'),
	(2998, 52, 'UK040', 'BK'),
	(2999, 52, 'UK041', 'K'),
	(3000, 52, 'UK042', 'K'),
	(3001, 52, 'UK043', 'K'),
	(3002, 52, 'UK044', 'K'),
	(3003, 52, 'UK045', 'BK'),
	(3004, 52, 'UK046', 'K'),
	(3005, 52, 'UK047', 'BK'),
	(3006, 52, 'UK048', 'BK'),
	(3007, 52, 'UK049', 'BK'),
	(3008, 52, 'UK050', 'BK'),
	(3009, 52, 'UK051', 'K'),
	(3010, 52, 'UK052', 'K'),
	(3011, 52, 'UK053', 'BK'),
	(3012, 52, 'UK054', 'BK'),
	(3013, 52, 'UK055', 'BK'),
	(3014, 52, 'UK056', 'BK'),
	(3015, 52, 'UK057', 'K'),
	(3016, 52, 'UK058', 'K'),
	(3017, 53, 'UK001', 'BK'),
	(3018, 53, 'UK002', 'K'),
	(3019, 53, 'UK003', 'K'),
	(3020, 53, 'UK004', 'K'),
	(3021, 53, 'UK005', 'BK'),
	(3022, 53, 'UK006', 'BK'),
	(3023, 53, 'UK007', 'K'),
	(3024, 53, 'UK008', 'K'),
	(3025, 53, 'UK009', 'BK'),
	(3026, 53, 'UK010', 'K'),
	(3027, 53, 'UK011', 'BK'),
	(3028, 53, 'UK012', 'K'),
	(3029, 53, 'UK013', 'K'),
	(3030, 53, 'UK014', 'K'),
	(3031, 53, 'UK015', 'K'),
	(3032, 53, 'UK016', 'K'),
	(3033, 53, 'UK017', 'K'),
	(3034, 53, 'UK018', 'BK'),
	(3035, 53, 'UK019', 'K'),
	(3036, 53, 'UK020', 'BK'),
	(3037, 53, 'UK021', 'BK'),
	(3038, 53, 'UK022', 'BK'),
	(3039, 53, 'UK023', 'K'),
	(3040, 53, 'UK024', 'K'),
	(3041, 53, 'UK025', 'BK'),
	(3042, 53, 'UK026', 'BK'),
	(3043, 53, 'UK027', 'K'),
	(3044, 53, 'UK028', 'K'),
	(3045, 53, 'UK029', 'K'),
	(3046, 53, 'UK030', 'K'),
	(3047, 53, 'UK031', 'BK'),
	(3048, 53, 'UK032', 'BK'),
	(3049, 53, 'UK033', 'BK'),
	(3050, 53, 'UK034', 'BK'),
	(3051, 53, 'UK035', 'K'),
	(3052, 53, 'UK036', 'K'),
	(3053, 53, 'UK037', 'BK'),
	(3054, 53, 'UK038', 'BK'),
	(3055, 53, 'UK039', 'BK'),
	(3056, 53, 'UK040', 'K'),
	(3057, 53, 'UK041', 'BK'),
	(3058, 53, 'UK042', 'BK'),
	(3059, 53, 'UK043', 'BK'),
	(3060, 53, 'UK044', 'K'),
	(3061, 53, 'UK045', 'BK'),
	(3062, 53, 'UK046', 'BK'),
	(3063, 53, 'UK047', 'K'),
	(3064, 53, 'UK048', 'K'),
	(3065, 53, 'UK049', 'BK'),
	(3066, 53, 'UK050', 'BK'),
	(3067, 53, 'UK051', 'BK'),
	(3068, 53, 'UK052', 'BK'),
	(3069, 53, 'UK053', 'K'),
	(3070, 53, 'UK054', 'K'),
	(3071, 53, 'UK055', 'K'),
	(3072, 53, 'UK056', 'K'),
	(3073, 53, 'UK057', 'K'),
	(3074, 53, 'UK058', 'BK'),
	(3075, 54, 'UK001', 'BK'),
	(3076, 54, 'UK002', 'K'),
	(3077, 54, 'UK003', 'K'),
	(3078, 54, 'UK004', 'K'),
	(3079, 54, 'UK005', 'BK'),
	(3080, 54, 'UK006', 'K'),
	(3081, 54, 'UK007', 'K'),
	(3082, 54, 'UK008', 'K'),
	(3083, 54, 'UK009', 'BK'),
	(3084, 54, 'UK010', 'K'),
	(3085, 54, 'UK011', 'BK'),
	(3086, 54, 'UK012', 'BK'),
	(3087, 54, 'UK013', 'BK'),
	(3088, 54, 'UK014', 'K'),
	(3089, 54, 'UK015', 'K'),
	(3090, 54, 'UK016', 'BK'),
	(3091, 54, 'UK017', 'K'),
	(3092, 54, 'UK018', 'K'),
	(3093, 54, 'UK019', 'K'),
	(3094, 54, 'UK020', 'K'),
	(3095, 54, 'UK021', 'BK'),
	(3096, 54, 'UK022', 'K'),
	(3097, 54, 'UK023', 'K'),
	(3098, 54, 'UK024', 'BK'),
	(3099, 54, 'UK025', 'K'),
	(3100, 54, 'UK026', 'K'),
	(3101, 54, 'UK027', 'K'),
	(3102, 54, 'UK028', 'BK'),
	(3103, 54, 'UK029', 'K'),
	(3104, 54, 'UK030', 'K'),
	(3105, 54, 'UK031', 'BK'),
	(3106, 54, 'UK032', 'K'),
	(3107, 54, 'UK033', 'BK'),
	(3108, 54, 'UK034', 'K'),
	(3109, 54, 'UK035', 'K'),
	(3110, 54, 'UK036', 'K'),
	(3111, 54, 'UK037', 'K'),
	(3112, 54, 'UK038', 'K'),
	(3113, 54, 'UK039', 'BK'),
	(3114, 54, 'UK040', 'BK'),
	(3115, 54, 'UK041', 'K'),
	(3116, 54, 'UK042', 'BK'),
	(3117, 54, 'UK043', 'K'),
	(3118, 54, 'UK044', 'K'),
	(3119, 54, 'UK045', 'BK'),
	(3120, 54, 'UK046', 'K'),
	(3121, 54, 'UK047', 'BK'),
	(3122, 54, 'UK048', 'K'),
	(3123, 54, 'UK049', 'K'),
	(3124, 54, 'UK050', 'BK'),
	(3125, 54, 'UK051', 'BK'),
	(3126, 54, 'UK052', 'BK'),
	(3127, 54, 'UK053', 'K'),
	(3128, 54, 'UK054', 'K'),
	(3129, 54, 'UK055', 'K'),
	(3130, 54, 'UK056', 'K'),
	(3131, 54, 'UK057', 'K'),
	(3132, 54, 'UK058', 'K'),
	(3133, 55, 'UK001', 'BK'),
	(3134, 55, 'UK002', 'K'),
	(3135, 55, 'UK003', 'BK'),
	(3136, 55, 'UK004', 'BK'),
	(3137, 55, 'UK005', 'K'),
	(3138, 55, 'UK006', 'K'),
	(3139, 55, 'UK007', 'K'),
	(3140, 55, 'UK008', 'K'),
	(3141, 55, 'UK009', 'K'),
	(3142, 55, 'UK010', 'BK'),
	(3143, 55, 'UK011', 'BK'),
	(3144, 55, 'UK012', 'K'),
	(3145, 55, 'UK013', 'K'),
	(3146, 55, 'UK014', 'BK'),
	(3147, 55, 'UK015', 'K'),
	(3148, 55, 'UK016', 'K'),
	(3149, 55, 'UK017', 'BK'),
	(3150, 55, 'UK018', 'BK'),
	(3151, 55, 'UK019', 'K'),
	(3152, 55, 'UK020', 'BK'),
	(3153, 55, 'UK021', 'BK'),
	(3154, 55, 'UK022', 'K'),
	(3155, 55, 'UK023', 'K'),
	(3156, 55, 'UK024', 'K'),
	(3157, 55, 'UK025', 'BK'),
	(3158, 55, 'UK026', 'BK'),
	(3159, 55, 'UK027', 'K'),
	(3160, 55, 'UK028', 'K'),
	(3161, 55, 'UK029', 'BK'),
	(3162, 55, 'UK030', 'K'),
	(3163, 55, 'UK031', 'K'),
	(3164, 55, 'UK032', 'K'),
	(3165, 55, 'UK033', 'BK'),
	(3166, 55, 'UK034', 'BK'),
	(3167, 55, 'UK035', 'BK'),
	(3168, 55, 'UK036', 'K'),
	(3169, 55, 'UK037', 'BK'),
	(3170, 55, 'UK038', 'BK'),
	(3171, 55, 'UK039', 'K'),
	(3172, 55, 'UK040', 'K'),
	(3173, 55, 'UK041', 'K'),
	(3174, 55, 'UK042', 'K'),
	(3175, 55, 'UK043', 'BK'),
	(3176, 55, 'UK044', 'K'),
	(3177, 55, 'UK045', 'BK'),
	(3178, 55, 'UK046', 'BK'),
	(3179, 55, 'UK047', 'BK'),
	(3180, 55, 'UK048', 'BK'),
	(3181, 55, 'UK049', 'K'),
	(3182, 55, 'UK050', 'K'),
	(3183, 55, 'UK051', 'K'),
	(3184, 55, 'UK052', 'K'),
	(3185, 55, 'UK053', 'BK'),
	(3186, 55, 'UK054', 'K'),
	(3187, 55, 'UK055', 'BK'),
	(3188, 55, 'UK056', 'K'),
	(3189, 55, 'UK057', 'BK'),
	(3190, 55, 'UK058', 'BK'),
	(3191, 56, 'UK001', 'K'),
	(3192, 56, 'UK002', 'K'),
	(3193, 56, 'UK003', 'K'),
	(3194, 56, 'UK004', 'K'),
	(3195, 56, 'UK005', 'BK'),
	(3196, 56, 'UK006', 'K'),
	(3197, 56, 'UK007', 'BK'),
	(3198, 56, 'UK008', 'K'),
	(3199, 56, 'UK009', 'K'),
	(3200, 56, 'UK010', 'K'),
	(3201, 56, 'UK011', 'K'),
	(3202, 56, 'UK012', 'K'),
	(3203, 56, 'UK013', 'K'),
	(3204, 56, 'UK014', 'K'),
	(3205, 56, 'UK015', 'K'),
	(3206, 56, 'UK016', 'BK'),
	(3207, 56, 'UK017', 'BK'),
	(3208, 56, 'UK018', 'K'),
	(3209, 56, 'UK019', 'K'),
	(3210, 56, 'UK020', 'BK'),
	(3211, 56, 'UK021', 'K'),
	(3212, 56, 'UK022', 'BK'),
	(3213, 56, 'UK023', 'K'),
	(3214, 56, 'UK024', 'K'),
	(3215, 56, 'UK025', 'BK'),
	(3216, 56, 'UK026', 'K'),
	(3217, 56, 'UK027', 'BK'),
	(3218, 56, 'UK028', 'K'),
	(3219, 56, 'UK029', 'K'),
	(3220, 56, 'UK030', 'K'),
	(3221, 56, 'UK031', 'BK'),
	(3222, 56, 'UK032', 'BK'),
	(3223, 56, 'UK033', 'K'),
	(3224, 56, 'UK034', 'K'),
	(3225, 56, 'UK035', 'K'),
	(3226, 56, 'UK036', 'K'),
	(3227, 56, 'UK037', 'K'),
	(3228, 56, 'UK038', 'K'),
	(3229, 56, 'UK039', 'K'),
	(3230, 56, 'UK040', 'BK'),
	(3231, 56, 'UK041', 'K'),
	(3232, 56, 'UK042', 'BK'),
	(3233, 56, 'UK043', 'K'),
	(3234, 56, 'UK044', 'BK'),
	(3235, 56, 'UK045', 'K'),
	(3236, 56, 'UK046', 'BK'),
	(3237, 56, 'UK047', 'BK'),
	(3238, 56, 'UK048', 'K'),
	(3239, 56, 'UK049', 'K'),
	(3240, 56, 'UK050', 'BK'),
	(3241, 56, 'UK051', 'K'),
	(3242, 56, 'UK052', 'BK'),
	(3243, 56, 'UK053', 'BK'),
	(3244, 56, 'UK054', 'K'),
	(3245, 56, 'UK055', 'K'),
	(3246, 56, 'UK056', 'BK'),
	(3247, 56, 'UK057', 'BK'),
	(3248, 56, 'UK058', 'BK'),
	(3249, 57, 'UK001', 'K'),
	(3250, 57, 'UK002', 'BK'),
	(3251, 57, 'UK003', 'K'),
	(3252, 57, 'UK004', 'BK'),
	(3253, 57, 'UK005', 'BK'),
	(3254, 57, 'UK006', 'BK'),
	(3255, 57, 'UK007', 'BK'),
	(3256, 57, 'UK008', 'K'),
	(3257, 57, 'UK009', 'K'),
	(3258, 57, 'UK010', 'K'),
	(3259, 57, 'UK011', 'K'),
	(3260, 57, 'UK012', 'BK'),
	(3261, 57, 'UK013', 'K'),
	(3262, 57, 'UK014', 'K'),
	(3263, 57, 'UK015', 'K'),
	(3264, 57, 'UK016', 'K'),
	(3265, 57, 'UK017', 'K'),
	(3266, 57, 'UK018', 'K'),
	(3267, 57, 'UK019', 'K'),
	(3268, 57, 'UK020', 'K'),
	(3269, 57, 'UK021', 'K'),
	(3270, 57, 'UK022', 'BK'),
	(3271, 57, 'UK023', 'BK'),
	(3272, 57, 'UK024', 'BK'),
	(3273, 57, 'UK025', 'K'),
	(3274, 57, 'UK026', 'BK'),
	(3275, 57, 'UK027', 'K'),
	(3276, 57, 'UK028', 'K'),
	(3277, 57, 'UK029', 'K'),
	(3278, 57, 'UK030', 'K'),
	(3279, 57, 'UK031', 'BK'),
	(3280, 57, 'UK032', 'K'),
	(3281, 57, 'UK033', 'K'),
	(3282, 57, 'UK034', 'K'),
	(3283, 57, 'UK035', 'K'),
	(3284, 57, 'UK036', 'BK'),
	(3285, 57, 'UK037', 'BK'),
	(3286, 57, 'UK038', 'BK'),
	(3287, 57, 'UK039', 'BK'),
	(3288, 57, 'UK040', 'BK'),
	(3289, 57, 'UK041', 'K'),
	(3290, 57, 'UK042', 'K'),
	(3291, 57, 'UK043', 'K'),
	(3292, 57, 'UK044', 'BK'),
	(3293, 57, 'UK045', 'K'),
	(3294, 57, 'UK046', 'K'),
	(3295, 57, 'UK047', 'BK'),
	(3296, 57, 'UK048', 'K'),
	(3297, 57, 'UK049', 'K'),
	(3298, 57, 'UK050', 'BK'),
	(3299, 57, 'UK051', 'BK'),
	(3300, 57, 'UK052', 'K'),
	(3301, 57, 'UK053', 'K'),
	(3302, 57, 'UK054', 'K'),
	(3303, 57, 'UK055', 'K'),
	(3304, 57, 'UK056', 'K'),
	(3305, 57, 'UK057', 'K'),
	(3306, 57, 'UK058', 'K'),
	(3307, 58, 'UK001', 'K'),
	(3308, 58, 'UK002', 'K'),
	(3309, 58, 'UK003', 'BK'),
	(3310, 58, 'UK004', 'K'),
	(3311, 58, 'UK005', 'K'),
	(3312, 58, 'UK006', 'K'),
	(3313, 58, 'UK007', 'BK'),
	(3314, 58, 'UK008', 'K'),
	(3315, 58, 'UK009', 'K'),
	(3316, 58, 'UK010', 'K'),
	(3317, 58, 'UK011', 'K'),
	(3318, 58, 'UK012', 'K'),
	(3319, 58, 'UK013', 'BK'),
	(3320, 58, 'UK014', 'K'),
	(3321, 58, 'UK015', 'BK'),
	(3322, 58, 'UK016', 'K'),
	(3323, 58, 'UK017', 'BK'),
	(3324, 58, 'UK018', 'K'),
	(3325, 58, 'UK019', 'K'),
	(3326, 58, 'UK020', 'K'),
	(3327, 58, 'UK021', 'K'),
	(3328, 58, 'UK022', 'K'),
	(3329, 58, 'UK023', 'K'),
	(3330, 58, 'UK024', 'K'),
	(3331, 58, 'UK025', 'BK'),
	(3332, 58, 'UK026', 'K'),
	(3333, 58, 'UK027', 'K'),
	(3334, 58, 'UK028', 'BK'),
	(3335, 58, 'UK029', 'K'),
	(3336, 58, 'UK030', 'K'),
	(3337, 58, 'UK031', 'K'),
	(3338, 58, 'UK032', 'BK'),
	(3339, 58, 'UK033', 'K'),
	(3340, 58, 'UK034', 'K'),
	(3341, 58, 'UK035', 'K'),
	(3342, 58, 'UK036', 'BK'),
	(3343, 58, 'UK037', 'K'),
	(3344, 58, 'UK038', 'K'),
	(3345, 58, 'UK039', 'K'),
	(3346, 58, 'UK040', 'BK'),
	(3347, 58, 'UK041', 'K'),
	(3348, 58, 'UK042', 'K'),
	(3349, 58, 'UK043', 'K'),
	(3350, 58, 'UK044', 'K'),
	(3351, 58, 'UK045', 'K'),
	(3352, 58, 'UK046', 'BK'),
	(3353, 58, 'UK047', 'K'),
	(3354, 58, 'UK048', 'K'),
	(3355, 58, 'UK049', 'BK'),
	(3356, 58, 'UK050', 'K'),
	(3357, 58, 'UK051', 'BK'),
	(3358, 58, 'UK052', 'BK'),
	(3359, 58, 'UK053', 'K'),
	(3360, 58, 'UK054', 'K'),
	(3361, 58, 'UK055', 'K'),
	(3362, 58, 'UK056', 'BK'),
	(3363, 58, 'UK057', 'BK'),
	(3364, 58, 'UK058', 'K'),
	(3365, 59, 'UK001', 'K'),
	(3366, 59, 'UK002', 'K'),
	(3367, 59, 'UK003', 'K'),
	(3368, 59, 'UK004', 'BK'),
	(3369, 59, 'UK005', 'K'),
	(3370, 59, 'UK006', 'K'),
	(3371, 59, 'UK007', 'K'),
	(3372, 59, 'UK008', 'K'),
	(3373, 59, 'UK009', 'K'),
	(3374, 59, 'UK010', 'BK'),
	(3375, 59, 'UK011', 'BK'),
	(3376, 59, 'UK012', 'K'),
	(3377, 59, 'UK013', 'K'),
	(3378, 59, 'UK014', 'BK'),
	(3379, 59, 'UK015', 'K'),
	(3380, 59, 'UK016', 'K'),
	(3381, 59, 'UK017', 'BK'),
	(3382, 59, 'UK018', 'K'),
	(3383, 59, 'UK019', 'K'),
	(3384, 59, 'UK020', 'K'),
	(3385, 59, 'UK021', 'K'),
	(3386, 59, 'UK022', 'K'),
	(3387, 59, 'UK023', 'BK'),
	(3388, 59, 'UK024', 'K'),
	(3389, 59, 'UK025', 'BK'),
	(3390, 59, 'UK026', 'BK'),
	(3391, 59, 'UK027', 'K'),
	(3392, 59, 'UK028', 'K'),
	(3393, 59, 'UK029', 'K'),
	(3394, 59, 'UK030', 'BK'),
	(3395, 59, 'UK031', 'BK'),
	(3396, 59, 'UK032', 'K'),
	(3397, 59, 'UK033', 'BK'),
	(3398, 59, 'UK034', 'BK'),
	(3399, 59, 'UK035', 'BK'),
	(3400, 59, 'UK036', 'K'),
	(3401, 59, 'UK037', 'K'),
	(3402, 59, 'UK038', 'K'),
	(3403, 59, 'UK039', 'BK'),
	(3404, 59, 'UK040', 'BK'),
	(3405, 59, 'UK041', 'BK'),
	(3406, 59, 'UK042', 'K'),
	(3407, 59, 'UK043', 'BK'),
	(3408, 59, 'UK044', 'K'),
	(3409, 59, 'UK045', 'BK'),
	(3410, 59, 'UK046', 'BK'),
	(3411, 59, 'UK047', 'K'),
	(3412, 59, 'UK048', 'BK'),
	(3413, 59, 'UK049', 'K'),
	(3414, 59, 'UK050', 'K'),
	(3415, 59, 'UK051', 'K'),
	(3416, 59, 'UK052', 'BK'),
	(3417, 59, 'UK053', 'K'),
	(3418, 59, 'UK054', 'BK'),
	(3419, 59, 'UK055', 'K'),
	(3420, 59, 'UK056', 'K'),
	(3421, 59, 'UK057', 'K'),
	(3422, 59, 'UK058', 'K'),
	(3423, 60, 'UK001', 'K'),
	(3424, 60, 'UK002', 'K'),
	(3425, 60, 'UK003', 'BK'),
	(3426, 60, 'UK004', 'BK'),
	(3427, 60, 'UK005', 'BK'),
	(3428, 60, 'UK006', 'BK'),
	(3429, 60, 'UK007', 'K'),
	(3430, 60, 'UK008', 'BK'),
	(3431, 60, 'UK009', 'K'),
	(3432, 60, 'UK010', 'BK'),
	(3433, 60, 'UK011', 'BK'),
	(3434, 60, 'UK012', 'K'),
	(3435, 60, 'UK013', 'K'),
	(3436, 60, 'UK014', 'K'),
	(3437, 60, 'UK015', 'K'),
	(3438, 60, 'UK016', 'BK'),
	(3439, 60, 'UK017', 'K'),
	(3440, 60, 'UK018', 'K'),
	(3441, 60, 'UK019', 'K'),
	(3442, 60, 'UK020', 'BK'),
	(3443, 60, 'UK021', 'K'),
	(3444, 60, 'UK022', 'K'),
	(3445, 60, 'UK023', 'BK'),
	(3446, 60, 'UK024', 'K'),
	(3447, 60, 'UK025', 'K'),
	(3448, 60, 'UK026', 'K'),
	(3449, 60, 'UK027', 'BK'),
	(3450, 60, 'UK028', 'BK'),
	(3451, 60, 'UK029', 'K'),
	(3452, 60, 'UK030', 'K'),
	(3453, 60, 'UK031', 'K'),
	(3454, 60, 'UK032', 'BK'),
	(3455, 60, 'UK033', 'K'),
	(3456, 60, 'UK034', 'K'),
	(3457, 60, 'UK035', 'K'),
	(3458, 60, 'UK036', 'BK'),
	(3459, 60, 'UK037', 'BK'),
	(3460, 60, 'UK038', 'K'),
	(3461, 60, 'UK039', 'BK'),
	(3462, 60, 'UK040', 'K'),
	(3463, 60, 'UK041', 'BK'),
	(3464, 60, 'UK042', 'BK'),
	(3465, 60, 'UK043', 'K'),
	(3466, 60, 'UK044', 'BK'),
	(3467, 60, 'UK045', 'BK'),
	(3468, 60, 'UK046', 'K'),
	(3469, 60, 'UK047', 'K'),
	(3470, 60, 'UK048', 'BK'),
	(3471, 60, 'UK049', 'K'),
	(3472, 60, 'UK050', 'K'),
	(3473, 60, 'UK051', 'K'),
	(3474, 60, 'UK052', 'K'),
	(3475, 60, 'UK053', 'K'),
	(3476, 60, 'UK054', 'K'),
	(3477, 60, 'UK055', 'BK'),
	(3478, 60, 'UK056', 'K'),
	(3479, 60, 'UK057', 'K'),
	(3480, 60, 'UK058', 'K'),
	(3481, 61, 'UK001', 'K'),
	(3482, 61, 'UK002', 'K'),
	(3483, 61, 'UK003', 'BK'),
	(3484, 61, 'UK004', 'BK'),
	(3485, 61, 'UK005', 'BK'),
	(3486, 61, 'UK006', 'K'),
	(3487, 61, 'UK007', 'BK'),
	(3488, 61, 'UK008', 'BK'),
	(3489, 61, 'UK009', 'K'),
	(3490, 61, 'UK010', 'K'),
	(3491, 61, 'UK011', 'K'),
	(3492, 61, 'UK012', 'BK'),
	(3493, 61, 'UK013', 'BK'),
	(3494, 61, 'UK014', 'BK'),
	(3495, 61, 'UK015', 'K'),
	(3496, 61, 'UK016', 'K'),
	(3497, 61, 'UK017', 'K'),
	(3498, 61, 'UK018', 'K'),
	(3499, 61, 'UK019', 'BK'),
	(3500, 61, 'UK020', 'K'),
	(3501, 61, 'UK021', 'K'),
	(3502, 61, 'UK022', 'K'),
	(3503, 61, 'UK023', 'K'),
	(3504, 61, 'UK024', 'K'),
	(3505, 61, 'UK025', 'BK'),
	(3506, 61, 'UK026', 'K'),
	(3507, 61, 'UK027', 'K'),
	(3508, 61, 'UK028', 'BK'),
	(3509, 61, 'UK029', 'K'),
	(3510, 61, 'UK030', 'K'),
	(3511, 61, 'UK031', 'BK'),
	(3512, 61, 'UK032', 'BK'),
	(3513, 61, 'UK033', 'K'),
	(3514, 61, 'UK034', 'K'),
	(3515, 61, 'UK035', 'K'),
	(3516, 61, 'UK036', 'BK'),
	(3517, 61, 'UK037', 'BK'),
	(3518, 61, 'UK038', 'K'),
	(3519, 61, 'UK039', 'K'),
	(3520, 61, 'UK040', 'BK'),
	(3521, 61, 'UK041', 'K'),
	(3522, 61, 'UK042', 'BK'),
	(3523, 61, 'UK043', 'BK'),
	(3524, 61, 'UK044', 'K'),
	(3525, 61, 'UK045', 'BK'),
	(3526, 61, 'UK046', 'K'),
	(3527, 61, 'UK047', 'BK'),
	(3528, 61, 'UK048', 'K'),
	(3529, 61, 'UK049', 'K'),
	(3530, 61, 'UK050', 'K'),
	(3531, 61, 'UK051', 'BK'),
	(3532, 61, 'UK052', 'BK'),
	(3533, 61, 'UK053', 'K'),
	(3534, 61, 'UK054', 'BK'),
	(3535, 61, 'UK055', 'K'),
	(3536, 61, 'UK056', 'K'),
	(3537, 61, 'UK057', 'BK'),
	(3538, 61, 'UK058', 'K'),
	(3539, 62, 'UK001', 'K'),
	(3540, 62, 'UK002', 'K'),
	(3541, 62, 'UK003', 'K'),
	(3542, 62, 'UK004', 'K'),
	(3543, 62, 'UK005', 'BK'),
	(3544, 62, 'UK006', 'K'),
	(3545, 62, 'UK007', 'BK'),
	(3546, 62, 'UK008', 'K'),
	(3547, 62, 'UK009', 'K'),
	(3548, 62, 'UK010', 'K'),
	(3549, 62, 'UK011', 'K'),
	(3550, 62, 'UK012', 'BK'),
	(3551, 62, 'UK013', 'BK'),
	(3552, 62, 'UK014', 'BK'),
	(3553, 62, 'UK015', 'K'),
	(3554, 62, 'UK016', 'K'),
	(3555, 62, 'UK017', 'K'),
	(3556, 62, 'UK018', 'K'),
	(3557, 62, 'UK019', 'K'),
	(3558, 62, 'UK020', 'K'),
	(3559, 62, 'UK021', 'K'),
	(3560, 62, 'UK022', 'K'),
	(3561, 62, 'UK023', 'K'),
	(3562, 62, 'UK024', 'BK'),
	(3563, 62, 'UK025', 'K'),
	(3564, 62, 'UK026', 'K'),
	(3565, 62, 'UK027', 'BK'),
	(3566, 62, 'UK028', 'BK'),
	(3567, 62, 'UK029', 'K'),
	(3568, 62, 'UK030', 'K'),
	(3569, 62, 'UK031', 'K'),
	(3570, 62, 'UK032', 'BK'),
	(3571, 62, 'UK033', 'BK'),
	(3572, 62, 'UK034', 'K'),
	(3573, 62, 'UK035', 'K'),
	(3574, 62, 'UK036', 'BK'),
	(3575, 62, 'UK037', 'K'),
	(3576, 62, 'UK038', 'K'),
	(3577, 62, 'UK039', 'K'),
	(3578, 62, 'UK040', 'BK'),
	(3579, 62, 'UK041', 'K'),
	(3580, 62, 'UK042', 'K'),
	(3581, 62, 'UK043', 'K'),
	(3582, 62, 'UK044', 'K'),
	(3583, 62, 'UK045', 'K'),
	(3584, 62, 'UK046', 'BK'),
	(3585, 62, 'UK047', 'BK'),
	(3586, 62, 'UK048', 'K'),
	(3587, 62, 'UK049', 'K'),
	(3588, 62, 'UK050', 'K'),
	(3589, 62, 'UK051', 'BK'),
	(3590, 62, 'UK052', 'K'),
	(3591, 62, 'UK053', 'K'),
	(3592, 62, 'UK054', 'K'),
	(3593, 62, 'UK055', 'BK'),
	(3594, 62, 'UK056', 'K'),
	(3595, 62, 'UK057', 'K'),
	(3596, 62, 'UK058', 'BK'),
	(3597, 63, 'UK001', 'K'),
	(3598, 63, 'UK002', 'BK'),
	(3599, 63, 'UK003', 'K'),
	(3600, 63, 'UK004', 'BK'),
	(3601, 63, 'UK005', 'K'),
	(3602, 63, 'UK006', 'BK'),
	(3603, 63, 'UK007', 'K'),
	(3604, 63, 'UK008', 'BK'),
	(3605, 63, 'UK009', 'BK'),
	(3606, 63, 'UK010', 'BK'),
	(3607, 63, 'UK011', 'BK'),
	(3608, 63, 'UK012', 'BK'),
	(3609, 63, 'UK013', 'BK'),
	(3610, 63, 'UK014', 'K'),
	(3611, 63, 'UK015', 'K'),
	(3612, 63, 'UK016', 'BK'),
	(3613, 63, 'UK017', 'K'),
	(3614, 63, 'UK018', 'BK'),
	(3615, 63, 'UK019', 'K'),
	(3616, 63, 'UK020', 'BK'),
	(3617, 63, 'UK021', 'K'),
	(3618, 63, 'UK022', 'BK'),
	(3619, 63, 'UK023', 'BK'),
	(3620, 63, 'UK024', 'BK'),
	(3621, 63, 'UK025', 'BK'),
	(3622, 63, 'UK026', 'BK'),
	(3623, 63, 'UK027', 'K'),
	(3624, 63, 'UK028', 'K'),
	(3625, 63, 'UK029', 'BK'),
	(3626, 63, 'UK030', 'BK'),
	(3627, 63, 'UK031', 'K'),
	(3628, 63, 'UK032', 'BK'),
	(3629, 63, 'UK033', 'K'),
	(3630, 63, 'UK034', 'K'),
	(3631, 63, 'UK035', 'K'),
	(3632, 63, 'UK036', 'K'),
	(3633, 63, 'UK037', 'K'),
	(3634, 63, 'UK038', 'BK'),
	(3635, 63, 'UK039', 'K'),
	(3636, 63, 'UK040', 'BK'),
	(3637, 63, 'UK041', 'BK'),
	(3638, 63, 'UK042', 'BK'),
	(3639, 63, 'UK043', 'BK'),
	(3640, 63, 'UK044', 'K'),
	(3641, 63, 'UK045', 'K'),
	(3642, 63, 'UK046', 'BK'),
	(3643, 63, 'UK047', 'K'),
	(3644, 63, 'UK048', 'BK'),
	(3645, 63, 'UK049', 'K'),
	(3646, 63, 'UK050', 'K'),
	(3647, 63, 'UK051', 'BK'),
	(3648, 63, 'UK052', 'BK'),
	(3649, 63, 'UK053', 'BK'),
	(3650, 63, 'UK054', 'K'),
	(3651, 63, 'UK055', 'K'),
	(3652, 63, 'UK056', 'K'),
	(3653, 63, 'UK057', 'BK'),
	(3654, 63, 'UK058', 'BK'),
	(3655, 64, 'UK001', 'K'),
	(3656, 64, 'UK002', 'K'),
	(3657, 64, 'UK003', 'K'),
	(3658, 64, 'UK004', 'BK'),
	(3659, 64, 'UK005', 'BK'),
	(3660, 64, 'UK006', 'BK'),
	(3661, 64, 'UK007', 'BK'),
	(3662, 64, 'UK008', 'K'),
	(3663, 64, 'UK009', 'BK'),
	(3664, 64, 'UK010', 'BK'),
	(3665, 64, 'UK011', 'BK'),
	(3666, 64, 'UK012', 'BK'),
	(3667, 64, 'UK013', 'BK'),
	(3668, 64, 'UK014', 'K'),
	(3669, 64, 'UK015', 'BK'),
	(3670, 64, 'UK016', 'K'),
	(3671, 64, 'UK017', 'BK'),
	(3672, 64, 'UK018', 'K'),
	(3673, 64, 'UK019', 'K'),
	(3674, 64, 'UK020', 'K'),
	(3675, 64, 'UK021', 'BK'),
	(3676, 64, 'UK022', 'BK'),
	(3677, 64, 'UK023', 'K'),
	(3678, 64, 'UK024', 'K'),
	(3679, 64, 'UK025', 'K'),
	(3680, 64, 'UK026', 'K'),
	(3681, 64, 'UK027', 'K'),
	(3682, 64, 'UK028', 'BK'),
	(3683, 64, 'UK029', 'K'),
	(3684, 64, 'UK030', 'BK'),
	(3685, 64, 'UK031', 'BK'),
	(3686, 64, 'UK032', 'K'),
	(3687, 64, 'UK033', 'K'),
	(3688, 64, 'UK034', 'K'),
	(3689, 64, 'UK035', 'K'),
	(3690, 64, 'UK036', 'BK'),
	(3691, 64, 'UK037', 'K'),
	(3692, 64, 'UK038', 'BK'),
	(3693, 64, 'UK039', 'K'),
	(3694, 64, 'UK040', 'BK'),
	(3695, 64, 'UK041', 'BK'),
	(3696, 64, 'UK042', 'K'),
	(3697, 64, 'UK043', 'BK'),
	(3698, 64, 'UK044', 'K'),
	(3699, 64, 'UK045', 'K'),
	(3700, 64, 'UK046', 'K'),
	(3701, 64, 'UK047', 'BK'),
	(3702, 64, 'UK048', 'K'),
	(3703, 64, 'UK049', 'K'),
	(3704, 64, 'UK050', 'BK'),
	(3705, 64, 'UK051', 'BK'),
	(3706, 64, 'UK052', 'K'),
	(3707, 64, 'UK053', 'BK'),
	(3708, 64, 'UK054', 'K'),
	(3709, 64, 'UK055', 'BK'),
	(3710, 64, 'UK056', 'K'),
	(3711, 64, 'UK057', 'K'),
	(3712, 64, 'UK058', 'BK'),
	(3713, 65, 'UK001', 'BK'),
	(3714, 65, 'UK002', 'BK'),
	(3715, 65, 'UK003', 'K'),
	(3716, 65, 'UK004', 'K'),
	(3717, 65, 'UK005', 'K'),
	(3718, 65, 'UK006', 'K'),
	(3719, 65, 'UK007', 'BK'),
	(3720, 65, 'UK008', 'K'),
	(3721, 65, 'UK009', 'K'),
	(3722, 65, 'UK010', 'BK'),
	(3723, 65, 'UK011', 'BK'),
	(3724, 65, 'UK012', 'K'),
	(3725, 65, 'UK013', 'BK'),
	(3726, 65, 'UK014', 'BK'),
	(3727, 65, 'UK015', 'BK'),
	(3728, 65, 'UK016', 'K'),
	(3729, 65, 'UK017', 'K'),
	(3730, 65, 'UK018', 'K'),
	(3731, 65, 'UK019', 'K'),
	(3732, 65, 'UK020', 'BK'),
	(3733, 65, 'UK021', 'BK'),
	(3734, 65, 'UK022', 'K'),
	(3735, 65, 'UK023', 'BK'),
	(3736, 65, 'UK024', 'K'),
	(3737, 65, 'UK025', 'BK'),
	(3738, 65, 'UK026', 'BK'),
	(3739, 65, 'UK027', 'K'),
	(3740, 65, 'UK028', 'BK'),
	(3741, 65, 'UK029', 'BK'),
	(3742, 65, 'UK030', 'BK'),
	(3743, 65, 'UK031', 'BK'),
	(3744, 65, 'UK032', 'K'),
	(3745, 65, 'UK033', 'K'),
	(3746, 65, 'UK034', 'BK'),
	(3747, 65, 'UK035', 'BK'),
	(3748, 65, 'UK036', 'K'),
	(3749, 65, 'UK037', 'BK'),
	(3750, 65, 'UK038', 'K'),
	(3751, 65, 'UK039', 'K'),
	(3752, 65, 'UK040', 'BK'),
	(3753, 65, 'UK041', 'K'),
	(3754, 65, 'UK042', 'BK'),
	(3755, 65, 'UK043', 'K'),
	(3756, 65, 'UK044', 'BK'),
	(3757, 65, 'UK045', 'K'),
	(3758, 65, 'UK046', 'K'),
	(3759, 65, 'UK047', 'K'),
	(3760, 65, 'UK048', 'K'),
	(3761, 65, 'UK049', 'K'),
	(3762, 65, 'UK050', 'BK'),
	(3763, 65, 'UK051', 'K'),
	(3764, 65, 'UK052', 'BK'),
	(3765, 65, 'UK053', 'BK'),
	(3766, 65, 'UK054', 'BK'),
	(3767, 65, 'UK055', 'BK'),
	(3768, 65, 'UK056', 'BK'),
	(3769, 65, 'UK057', 'BK'),
	(3770, 65, 'UK058', 'K'),
	(3771, 66, 'UK001', 'K'),
	(3772, 66, 'UK002', 'K'),
	(3773, 66, 'UK003', 'BK'),
	(3774, 66, 'UK004', 'K'),
	(3775, 66, 'UK005', 'BK'),
	(3776, 66, 'UK006', 'K'),
	(3777, 66, 'UK007', 'BK'),
	(3778, 66, 'UK008', 'K'),
	(3779, 66, 'UK009', 'K'),
	(3780, 66, 'UK010', 'K'),
	(3781, 66, 'UK011', 'BK'),
	(3782, 66, 'UK012', 'K'),
	(3783, 66, 'UK013', 'K'),
	(3784, 66, 'UK014', 'BK'),
	(3785, 66, 'UK015', 'BK'),
	(3786, 66, 'UK016', 'K'),
	(3787, 66, 'UK017', 'K'),
	(3788, 66, 'UK018', 'K'),
	(3789, 66, 'UK019', 'K'),
	(3790, 66, 'UK020', 'BK'),
	(3791, 66, 'UK021', 'K'),
	(3792, 66, 'UK022', 'K'),
	(3793, 66, 'UK023', 'BK'),
	(3794, 66, 'UK024', 'K'),
	(3795, 66, 'UK025', 'K'),
	(3796, 66, 'UK026', 'BK'),
	(3797, 66, 'UK027', 'BK'),
	(3798, 66, 'UK028', 'BK'),
	(3799, 66, 'UK029', 'K'),
	(3800, 66, 'UK030', 'BK'),
	(3801, 66, 'UK031', 'K'),
	(3802, 66, 'UK032', 'K'),
	(3803, 66, 'UK033', 'K'),
	(3804, 66, 'UK034', 'K'),
	(3805, 66, 'UK035', 'BK'),
	(3806, 66, 'UK036', 'K'),
	(3807, 66, 'UK037', 'BK'),
	(3808, 66, 'UK038', 'K'),
	(3809, 66, 'UK039', 'K'),
	(3810, 66, 'UK040', 'K'),
	(3811, 66, 'UK041', 'BK'),
	(3812, 66, 'UK042', 'BK'),
	(3813, 66, 'UK043', 'K'),
	(3814, 66, 'UK044', 'K'),
	(3815, 66, 'UK045', 'BK'),
	(3816, 66, 'UK046', 'BK'),
	(3817, 66, 'UK047', 'K'),
	(3818, 66, 'UK048', 'K'),
	(3819, 66, 'UK049', 'K'),
	(3820, 66, 'UK050', 'K'),
	(3821, 66, 'UK051', 'K'),
	(3822, 66, 'UK052', 'BK'),
	(3823, 66, 'UK053', 'BK'),
	(3824, 66, 'UK054', 'BK'),
	(3825, 66, 'UK055', 'BK'),
	(3826, 66, 'UK056', 'K'),
	(3827, 66, 'UK057', 'K'),
	(3828, 66, 'UK058', 'BK'),
	(3829, 67, 'UK001', 'K'),
	(3830, 67, 'UK002', 'K'),
	(3831, 67, 'UK003', 'K'),
	(3832, 67, 'UK004', 'BK'),
	(3833, 67, 'UK005', 'K'),
	(3834, 67, 'UK006', 'K'),
	(3835, 67, 'UK007', 'K'),
	(3836, 67, 'UK008', 'K'),
	(3837, 67, 'UK009', 'K'),
	(3838, 67, 'UK010', 'BK'),
	(3839, 67, 'UK011', 'K'),
	(3840, 67, 'UK012', 'BK'),
	(3841, 67, 'UK013', 'K'),
	(3842, 67, 'UK014', 'BK'),
	(3843, 67, 'UK015', 'K'),
	(3844, 67, 'UK016', 'K'),
	(3845, 67, 'UK017', 'K'),
	(3846, 67, 'UK018', 'BK'),
	(3847, 67, 'UK019', 'BK'),
	(3848, 67, 'UK020', 'K'),
	(3849, 67, 'UK021', 'K'),
	(3850, 67, 'UK022', 'K'),
	(3851, 67, 'UK023', 'BK'),
	(3852, 67, 'UK024', 'BK'),
	(3853, 67, 'UK025', 'K'),
	(3854, 67, 'UK026', 'BK'),
	(3855, 67, 'UK027', 'BK'),
	(3856, 67, 'UK028', 'K'),
	(3857, 67, 'UK029', 'BK'),
	(3858, 67, 'UK030', 'K'),
	(3859, 67, 'UK031', 'BK'),
	(3860, 67, 'UK032', 'K'),
	(3861, 67, 'UK033', 'K'),
	(3862, 67, 'UK034', 'K'),
	(3863, 67, 'UK035', 'K'),
	(3864, 67, 'UK036', 'K'),
	(3865, 67, 'UK037', 'BK'),
	(3866, 67, 'UK038', 'BK'),
	(3867, 67, 'UK039', 'BK'),
	(3868, 67, 'UK040', 'BK'),
	(3869, 67, 'UK041', 'K'),
	(3870, 67, 'UK042', 'BK'),
	(3871, 67, 'UK043', 'K'),
	(3872, 67, 'UK044', 'BK'),
	(3873, 67, 'UK045', 'BK'),
	(3874, 67, 'UK046', 'K'),
	(3875, 67, 'UK047', 'K'),
	(3876, 67, 'UK048', 'K'),
	(3877, 67, 'UK049', 'BK'),
	(3878, 67, 'UK050', 'BK'),
	(3879, 67, 'UK051', 'K'),
	(3880, 67, 'UK052', 'K'),
	(3881, 67, 'UK053', 'BK'),
	(3882, 67, 'UK054', 'BK'),
	(3883, 67, 'UK055', 'K'),
	(3884, 67, 'UK056', 'K'),
	(3885, 67, 'UK057', 'BK'),
	(3886, 67, 'UK058', 'K'),
	(3887, 68, 'UK001', 'K'),
	(3888, 68, 'UK002', 'K'),
	(3889, 68, 'UK003', 'K'),
	(3890, 68, 'UK004', 'BK'),
	(3891, 68, 'UK005', 'BK'),
	(3892, 68, 'UK006', 'K'),
	(3893, 68, 'UK007', 'K'),
	(3894, 68, 'UK008', 'K'),
	(3895, 68, 'UK009', 'BK'),
	(3896, 68, 'UK010', 'BK'),
	(3897, 68, 'UK011', 'BK'),
	(3898, 68, 'UK012', 'K'),
	(3899, 68, 'UK013', 'K'),
	(3900, 68, 'UK014', 'BK'),
	(3901, 68, 'UK015', 'BK'),
	(3902, 68, 'UK016', 'BK'),
	(3903, 68, 'UK017', 'BK'),
	(3904, 68, 'UK018', 'BK'),
	(3905, 68, 'UK019', 'K'),
	(3906, 68, 'UK020', 'K'),
	(3907, 68, 'UK021', 'K'),
	(3908, 68, 'UK022', 'K'),
	(3909, 68, 'UK023', 'BK'),
	(3910, 68, 'UK024', 'K'),
	(3911, 68, 'UK025', 'K'),
	(3912, 68, 'UK026', 'BK'),
	(3913, 68, 'UK027', 'BK'),
	(3914, 68, 'UK028', 'BK'),
	(3915, 68, 'UK029', 'K'),
	(3916, 68, 'UK030', 'K'),
	(3917, 68, 'UK031', 'K'),
	(3918, 68, 'UK032', 'K'),
	(3919, 68, 'UK033', 'BK'),
	(3920, 68, 'UK034', 'BK'),
	(3921, 68, 'UK035', 'K'),
	(3922, 68, 'UK036', 'BK'),
	(3923, 68, 'UK037', 'K'),
	(3924, 68, 'UK038', 'K'),
	(3925, 68, 'UK039', 'K'),
	(3926, 68, 'UK040', 'BK'),
	(3927, 68, 'UK041', 'K'),
	(3928, 68, 'UK042', 'K'),
	(3929, 68, 'UK043', 'K'),
	(3930, 68, 'UK044', 'K'),
	(3931, 68, 'UK045', 'BK'),
	(3932, 68, 'UK046', 'K'),
	(3933, 68, 'UK047', 'K'),
	(3934, 68, 'UK048', 'K'),
	(3935, 68, 'UK049', 'K'),
	(3936, 68, 'UK050', 'K'),
	(3937, 68, 'UK051', 'K'),
	(3938, 68, 'UK052', 'BK'),
	(3939, 68, 'UK053', 'BK'),
	(3940, 68, 'UK054', 'K'),
	(3941, 68, 'UK055', 'K'),
	(3942, 68, 'UK056', 'BK'),
	(3943, 68, 'UK057', 'BK'),
	(3944, 68, 'UK058', 'BK'),
	(3945, 69, 'UK001', 'K'),
	(3946, 69, 'UK002', 'K'),
	(3947, 69, 'UK003', 'K'),
	(3948, 69, 'UK004', 'K'),
	(3949, 69, 'UK005', 'K'),
	(3950, 69, 'UK006', 'K'),
	(3951, 69, 'UK007', 'K'),
	(3952, 69, 'UK008', 'K'),
	(3953, 69, 'UK009', 'BK'),
	(3954, 69, 'UK010', 'K'),
	(3955, 69, 'UK011', 'K'),
	(3956, 69, 'UK012', 'BK'),
	(3957, 69, 'UK013', 'BK'),
	(3958, 69, 'UK014', 'K'),
	(3959, 69, 'UK015', 'K'),
	(3960, 69, 'UK016', 'BK'),
	(3961, 69, 'UK017', 'BK'),
	(3962, 69, 'UK018', 'BK'),
	(3963, 69, 'UK019', 'K'),
	(3964, 69, 'UK020', 'K'),
	(3965, 69, 'UK021', 'K'),
	(3966, 69, 'UK022', 'K'),
	(3967, 69, 'UK023', 'K'),
	(3968, 69, 'UK024', 'K'),
	(3969, 69, 'UK025', 'K'),
	(3970, 69, 'UK026', 'K'),
	(3971, 69, 'UK027', 'K'),
	(3972, 69, 'UK028', 'BK'),
	(3973, 69, 'UK029', 'K'),
	(3974, 69, 'UK030', 'K'),
	(3975, 69, 'UK031', 'K'),
	(3976, 69, 'UK032', 'K'),
	(3977, 69, 'UK033', 'K'),
	(3978, 69, 'UK034', 'K'),
	(3979, 69, 'UK035', 'K'),
	(3980, 69, 'UK036', 'K'),
	(3981, 69, 'UK037', 'K'),
	(3982, 69, 'UK038', 'K'),
	(3983, 69, 'UK039', 'K'),
	(3984, 69, 'UK040', 'BK'),
	(3985, 69, 'UK041', 'K'),
	(3986, 69, 'UK042', 'K'),
	(3987, 69, 'UK043', 'BK'),
	(3988, 69, 'UK044', 'BK'),
	(3989, 69, 'UK045', 'K'),
	(3990, 69, 'UK046', 'K'),
	(3991, 69, 'UK047', 'K'),
	(3992, 69, 'UK048', 'K'),
	(3993, 69, 'UK049', 'K'),
	(3994, 69, 'UK050', 'BK'),
	(3995, 69, 'UK051', 'BK'),
	(3996, 69, 'UK052', 'BK'),
	(3997, 69, 'UK053', 'K'),
	(3998, 69, 'UK054', 'BK'),
	(3999, 69, 'UK055', 'K'),
	(4000, 69, 'UK056', 'BK'),
	(4001, 69, 'UK057', 'K'),
	(4002, 69, 'UK058', 'K'),
	(4003, 70, 'UK001', 'K'),
	(4004, 70, 'UK002', 'K'),
	(4005, 70, 'UK003', 'K'),
	(4006, 70, 'UK004', 'BK'),
	(4007, 70, 'UK005', 'BK'),
	(4008, 70, 'UK006', 'K'),
	(4009, 70, 'UK007', 'BK'),
	(4010, 70, 'UK008', 'K'),
	(4011, 70, 'UK009', 'K'),
	(4012, 70, 'UK010', 'BK'),
	(4013, 70, 'UK011', 'BK'),
	(4014, 70, 'UK012', 'BK'),
	(4015, 70, 'UK013', 'K'),
	(4016, 70, 'UK014', 'K'),
	(4017, 70, 'UK015', 'BK'),
	(4018, 70, 'UK016', 'BK'),
	(4019, 70, 'UK017', 'BK'),
	(4020, 70, 'UK018', 'BK'),
	(4021, 70, 'UK019', 'K'),
	(4022, 70, 'UK020', 'BK'),
	(4023, 70, 'UK021', 'K'),
	(4024, 70, 'UK022', 'K'),
	(4025, 70, 'UK023', 'K'),
	(4026, 70, 'UK024', 'K'),
	(4027, 70, 'UK025', 'K'),
	(4028, 70, 'UK026', 'K'),
	(4029, 70, 'UK027', 'K'),
	(4030, 70, 'UK028', 'K'),
	(4031, 70, 'UK029', 'K'),
	(4032, 70, 'UK030', 'BK'),
	(4033, 70, 'UK031', 'K'),
	(4034, 70, 'UK032', 'K'),
	(4035, 70, 'UK033', 'BK'),
	(4036, 70, 'UK034', 'K'),
	(4037, 70, 'UK035', 'K'),
	(4038, 70, 'UK036', 'K'),
	(4039, 70, 'UK037', 'K'),
	(4040, 70, 'UK038', 'BK'),
	(4041, 70, 'UK039', 'BK'),
	(4042, 70, 'UK040', 'K'),
	(4043, 70, 'UK041', 'K'),
	(4044, 70, 'UK042', 'BK'),
	(4045, 70, 'UK043', 'BK'),
	(4046, 70, 'UK044', 'K'),
	(4047, 70, 'UK045', 'BK'),
	(4048, 70, 'UK046', 'BK'),
	(4049, 70, 'UK047', 'K'),
	(4050, 70, 'UK048', 'K'),
	(4051, 70, 'UK049', 'K'),
	(4052, 70, 'UK050', 'BK'),
	(4053, 70, 'UK051', 'BK'),
	(4054, 70, 'UK052', 'K'),
	(4055, 70, 'UK053', 'K'),
	(4056, 70, 'UK054', 'BK'),
	(4057, 70, 'UK055', 'K'),
	(4058, 70, 'UK056', 'BK'),
	(4059, 70, 'UK057', 'BK'),
	(4060, 70, 'UK058', 'BK'),
	(4061, 71, 'UK001', 'K'),
	(4062, 71, 'UK002', 'BK'),
	(4063, 71, 'UK003', 'BK'),
	(4064, 71, 'UK004', 'K'),
	(4065, 71, 'UK005', 'BK'),
	(4066, 71, 'UK006', 'K'),
	(4067, 71, 'UK007', 'BK'),
	(4068, 71, 'UK008', 'K'),
	(4069, 71, 'UK009', 'K'),
	(4070, 71, 'UK010', 'BK'),
	(4071, 71, 'UK011', 'BK'),
	(4072, 71, 'UK012', 'K'),
	(4073, 71, 'UK013', 'BK'),
	(4074, 71, 'UK014', 'K'),
	(4075, 71, 'UK015', 'BK'),
	(4076, 71, 'UK016', 'K'),
	(4077, 71, 'UK017', 'K'),
	(4078, 71, 'UK018', 'BK'),
	(4079, 71, 'UK019', 'K'),
	(4080, 71, 'UK020', 'K'),
	(4081, 71, 'UK021', 'K'),
	(4082, 71, 'UK022', 'BK'),
	(4083, 71, 'UK023', 'K'),
	(4084, 71, 'UK024', 'K'),
	(4085, 71, 'UK025', 'K'),
	(4086, 71, 'UK026', 'K'),
	(4087, 71, 'UK027', 'BK'),
	(4088, 71, 'UK028', 'BK'),
	(4089, 71, 'UK029', 'K'),
	(4090, 71, 'UK030', 'K'),
	(4091, 71, 'UK031', 'K'),
	(4092, 71, 'UK032', 'K'),
	(4093, 71, 'UK033', 'K'),
	(4094, 71, 'UK034', 'K'),
	(4095, 71, 'UK035', 'K'),
	(4096, 71, 'UK036', 'K'),
	(4097, 71, 'UK037', 'BK'),
	(4098, 71, 'UK038', 'K'),
	(4099, 71, 'UK039', 'K'),
	(4100, 71, 'UK040', 'BK'),
	(4101, 71, 'UK041', 'BK'),
	(4102, 71, 'UK042', 'BK'),
	(4103, 71, 'UK043', 'K'),
	(4104, 71, 'UK044', 'K'),
	(4105, 71, 'UK045', 'K'),
	(4106, 71, 'UK046', 'K'),
	(4107, 71, 'UK047', 'BK'),
	(4108, 71, 'UK048', 'K'),
	(4109, 71, 'UK049', 'BK'),
	(4110, 71, 'UK050', 'K'),
	(4111, 71, 'UK051', 'BK'),
	(4112, 71, 'UK052', 'K'),
	(4113, 71, 'UK053', 'BK'),
	(4114, 71, 'UK054', 'BK'),
	(4115, 71, 'UK055', 'BK'),
	(4116, 71, 'UK056', 'BK'),
	(4117, 71, 'UK057', 'BK'),
	(4118, 71, 'UK058', 'BK'),
	(4119, 72, 'UK001', 'K'),
	(4120, 72, 'UK002', 'K'),
	(4121, 72, 'UK003', 'K'),
	(4122, 72, 'UK004', 'K'),
	(4123, 72, 'UK005', 'BK'),
	(4124, 72, 'UK006', 'K'),
	(4125, 72, 'UK007', 'K'),
	(4126, 72, 'UK008', 'BK'),
	(4127, 72, 'UK009', 'K'),
	(4128, 72, 'UK010', 'K'),
	(4129, 72, 'UK011', 'BK'),
	(4130, 72, 'UK012', 'BK'),
	(4131, 72, 'UK013', 'K'),
	(4132, 72, 'UK014', 'K'),
	(4133, 72, 'UK015', 'BK'),
	(4134, 72, 'UK016', 'BK'),
	(4135, 72, 'UK017', 'K'),
	(4136, 72, 'UK018', 'BK'),
	(4137, 72, 'UK019', 'K'),
	(4138, 72, 'UK020', 'K'),
	(4139, 72, 'UK021', 'K'),
	(4140, 72, 'UK022', 'K'),
	(4141, 72, 'UK023', 'BK'),
	(4142, 72, 'UK024', 'K'),
	(4143, 72, 'UK025', 'K'),
	(4144, 72, 'UK026', 'BK'),
	(4145, 72, 'UK027', 'K'),
	(4146, 72, 'UK028', 'K'),
	(4147, 72, 'UK029', 'K'),
	(4148, 72, 'UK030', 'K'),
	(4149, 72, 'UK031', 'K'),
	(4150, 72, 'UK032', 'K'),
	(4151, 72, 'UK033', 'BK'),
	(4152, 72, 'UK034', 'BK'),
	(4153, 72, 'UK035', 'K'),
	(4154, 72, 'UK036', 'K'),
	(4155, 72, 'UK037', 'K'),
	(4156, 72, 'UK038', 'K'),
	(4157, 72, 'UK039', 'K'),
	(4158, 72, 'UK040', 'BK'),
	(4159, 72, 'UK041', 'BK'),
	(4160, 72, 'UK042', 'K'),
	(4161, 72, 'UK043', 'BK'),
	(4162, 72, 'UK044', 'K'),
	(4163, 72, 'UK045', 'BK'),
	(4164, 72, 'UK046', 'BK'),
	(4165, 72, 'UK047', 'K'),
	(4166, 72, 'UK048', 'BK'),
	(4167, 72, 'UK049', 'K'),
	(4168, 72, 'UK050', 'BK'),
	(4169, 72, 'UK051', 'BK'),
	(4170, 72, 'UK052', 'BK'),
	(4171, 72, 'UK053', 'K'),
	(4172, 72, 'UK054', 'K'),
	(4173, 72, 'UK055', 'BK'),
	(4174, 72, 'UK056', 'K'),
	(4175, 72, 'UK057', 'K'),
	(4176, 72, 'UK058', 'BK'),
	(4177, 73, 'UK001', 'K'),
	(4178, 73, 'UK002', 'BK'),
	(4179, 73, 'UK003', 'BK'),
	(4180, 73, 'UK004', 'BK'),
	(4181, 73, 'UK005', 'K'),
	(4182, 73, 'UK006', 'K'),
	(4183, 73, 'UK007', 'K'),
	(4184, 73, 'UK008', 'K'),
	(4185, 73, 'UK009', 'K'),
	(4186, 73, 'UK010', 'BK'),
	(4187, 73, 'UK011', 'K'),
	(4188, 73, 'UK012', 'K'),
	(4189, 73, 'UK013', 'BK'),
	(4190, 73, 'UK014', 'K'),
	(4191, 73, 'UK015', 'BK'),
	(4192, 73, 'UK016', 'BK'),
	(4193, 73, 'UK017', 'K'),
	(4194, 73, 'UK018', 'K'),
	(4195, 73, 'UK019', 'K'),
	(4196, 73, 'UK020', 'K'),
	(4197, 73, 'UK021', 'BK'),
	(4198, 73, 'UK022', 'BK'),
	(4199, 73, 'UK023', 'K'),
	(4200, 73, 'UK024', 'K'),
	(4201, 73, 'UK025', 'K'),
	(4202, 73, 'UK026', 'BK'),
	(4203, 73, 'UK027', 'BK'),
	(4204, 73, 'UK028', 'BK'),
	(4205, 73, 'UK029', 'BK'),
	(4206, 73, 'UK030', 'BK'),
	(4207, 73, 'UK031', 'K'),
	(4208, 73, 'UK032', 'K'),
	(4209, 73, 'UK033', 'BK'),
	(4210, 73, 'UK034', 'K'),
	(4211, 73, 'UK035', 'BK'),
	(4212, 73, 'UK036', 'K'),
	(4213, 73, 'UK037', 'BK'),
	(4214, 73, 'UK038', 'K'),
	(4215, 73, 'UK039', 'BK'),
	(4216, 73, 'UK040', 'K'),
	(4217, 73, 'UK041', 'K'),
	(4218, 73, 'UK042', 'K'),
	(4219, 73, 'UK043', 'K'),
	(4220, 73, 'UK044', 'BK'),
	(4221, 73, 'UK045', 'K'),
	(4222, 73, 'UK046', 'K'),
	(4223, 73, 'UK047', 'K'),
	(4224, 73, 'UK048', 'BK'),
	(4225, 73, 'UK049', 'K'),
	(4226, 73, 'UK050', 'K'),
	(4227, 73, 'UK051', 'BK'),
	(4228, 73, 'UK052', 'BK'),
	(4229, 73, 'UK053', 'K'),
	(4230, 73, 'UK054', 'K'),
	(4231, 73, 'UK055', 'BK'),
	(4232, 73, 'UK056', 'BK'),
	(4233, 73, 'UK057', 'BK'),
	(4234, 73, 'UK058', 'K'),
	(4235, 74, 'UK001', 'BK'),
	(4236, 74, 'UK002', 'BK'),
	(4237, 74, 'UK003', 'K'),
	(4238, 74, 'UK004', 'BK'),
	(4239, 74, 'UK005', 'BK'),
	(4240, 74, 'UK006', 'K'),
	(4241, 74, 'UK007', 'BK'),
	(4242, 74, 'UK008', 'K'),
	(4243, 74, 'UK009', 'BK'),
	(4244, 74, 'UK010', 'BK'),
	(4245, 74, 'UK011', 'BK'),
	(4246, 74, 'UK012', 'BK'),
	(4247, 74, 'UK013', 'K'),
	(4248, 74, 'UK014', 'BK'),
	(4249, 74, 'UK015', 'K'),
	(4250, 74, 'UK016', 'K'),
	(4251, 74, 'UK017', 'K'),
	(4252, 74, 'UK018', 'BK'),
	(4253, 74, 'UK019', 'K'),
	(4254, 74, 'UK020', 'K'),
	(4255, 74, 'UK021', 'K'),
	(4256, 74, 'UK022', 'K'),
	(4257, 74, 'UK023', 'K'),
	(4258, 74, 'UK024', 'K'),
	(4259, 74, 'UK025', 'BK'),
	(4260, 74, 'UK026', 'K'),
	(4261, 74, 'UK027', 'BK'),
	(4262, 74, 'UK028', 'K'),
	(4263, 74, 'UK029', 'K'),
	(4264, 74, 'UK030', 'K'),
	(4265, 74, 'UK031', 'K'),
	(4266, 74, 'UK032', 'BK'),
	(4267, 74, 'UK033', 'K'),
	(4268, 74, 'UK034', 'BK'),
	(4269, 74, 'UK035', 'BK'),
	(4270, 74, 'UK036', 'BK'),
	(4271, 74, 'UK037', 'K'),
	(4272, 74, 'UK038', 'BK'),
	(4273, 74, 'UK039', 'BK'),
	(4274, 74, 'UK040', 'K'),
	(4275, 74, 'UK041', 'BK'),
	(4276, 74, 'UK042', 'K'),
	(4277, 74, 'UK043', 'BK'),
	(4278, 74, 'UK044', 'BK'),
	(4279, 74, 'UK045', 'K'),
	(4280, 74, 'UK046', 'BK'),
	(4281, 74, 'UK047', 'BK'),
	(4282, 74, 'UK048', 'K'),
	(4283, 74, 'UK049', 'BK'),
	(4284, 74, 'UK050', 'BK'),
	(4285, 74, 'UK051', 'K'),
	(4286, 74, 'UK052', 'K'),
	(4287, 74, 'UK053', 'K'),
	(4288, 74, 'UK054', 'K'),
	(4289, 74, 'UK055', 'BK'),
	(4290, 74, 'UK056', 'BK'),
	(4291, 74, 'UK057', 'K'),
	(4292, 74, 'UK058', 'BK'),
	(4293, 75, 'UK001', 'K'),
	(4294, 75, 'UK002', 'K'),
	(4295, 75, 'UK003', 'BK'),
	(4296, 75, 'UK004', 'BK'),
	(4297, 75, 'UK005', 'BK'),
	(4298, 75, 'UK006', 'K'),
	(4299, 75, 'UK007', 'BK'),
	(4300, 75, 'UK008', 'BK'),
	(4301, 75, 'UK009', 'BK'),
	(4302, 75, 'UK010', 'BK'),
	(4303, 75, 'UK011', 'K'),
	(4304, 75, 'UK012', 'BK'),
	(4305, 75, 'UK013', 'BK'),
	(4306, 75, 'UK014', 'K'),
	(4307, 75, 'UK015', 'K'),
	(4308, 75, 'UK016', 'BK'),
	(4309, 75, 'UK017', 'BK'),
	(4310, 75, 'UK018', 'BK'),
	(4311, 75, 'UK019', 'K'),
	(4312, 75, 'UK020', 'BK'),
	(4313, 75, 'UK021', 'K'),
	(4314, 75, 'UK022', 'K'),
	(4315, 75, 'UK023', 'BK'),
	(4316, 75, 'UK024', 'K'),
	(4317, 75, 'UK025', 'BK'),
	(4318, 75, 'UK026', 'K'),
	(4319, 75, 'UK027', 'K'),
	(4320, 75, 'UK028', 'BK'),
	(4321, 75, 'UK029', 'K'),
	(4322, 75, 'UK030', 'K'),
	(4323, 75, 'UK031', 'K'),
	(4324, 75, 'UK032', 'BK'),
	(4325, 75, 'UK033', 'K'),
	(4326, 75, 'UK034', 'K'),
	(4327, 75, 'UK035', 'K'),
	(4328, 75, 'UK036', 'K'),
	(4329, 75, 'UK037', 'BK'),
	(4330, 75, 'UK038', 'BK'),
	(4331, 75, 'UK039', 'K'),
	(4332, 75, 'UK040', 'K'),
	(4333, 75, 'UK041', 'BK'),
	(4334, 75, 'UK042', 'K'),
	(4335, 75, 'UK043', 'K'),
	(4336, 75, 'UK044', 'K'),
	(4337, 75, 'UK045', 'K'),
	(4338, 75, 'UK046', 'K'),
	(4339, 75, 'UK047', 'K'),
	(4340, 75, 'UK048', 'K'),
	(4341, 75, 'UK049', 'BK'),
	(4342, 75, 'UK050', 'BK'),
	(4343, 75, 'UK051', 'BK'),
	(4344, 75, 'UK052', 'K'),
	(4345, 75, 'UK053', 'K'),
	(4346, 75, 'UK054', 'BK'),
	(4347, 75, 'UK055', 'K'),
	(4348, 75, 'UK056', 'K'),
	(4349, 75, 'UK057', 'K'),
	(4350, 75, 'UK058', 'K'),
	(4351, 76, 'UK001', 'BK'),
	(4352, 76, 'UK002', 'BK'),
	(4353, 76, 'UK003', 'BK'),
	(4354, 76, 'UK004', 'BK'),
	(4355, 76, 'UK005', 'K'),
	(4356, 76, 'UK006', 'BK'),
	(4357, 76, 'UK007', 'K'),
	(4358, 76, 'UK008', 'BK'),
	(4359, 76, 'UK009', 'K'),
	(4360, 76, 'UK010', 'BK'),
	(4361, 76, 'UK011', 'K'),
	(4362, 76, 'UK012', 'BK'),
	(4363, 76, 'UK013', 'K'),
	(4364, 76, 'UK014', 'BK'),
	(4365, 76, 'UK015', 'K'),
	(4366, 76, 'UK016', 'BK'),
	(4367, 76, 'UK017', 'K'),
	(4368, 76, 'UK018', 'K'),
	(4369, 76, 'UK019', 'BK'),
	(4370, 76, 'UK020', 'K'),
	(4371, 76, 'UK021', 'BK'),
	(4372, 76, 'UK022', 'K'),
	(4373, 76, 'UK023', 'BK'),
	(4374, 76, 'UK024', 'BK'),
	(4375, 76, 'UK025', 'K'),
	(4376, 76, 'UK026', 'BK'),
	(4377, 76, 'UK027', 'BK'),
	(4378, 76, 'UK028', 'BK'),
	(4379, 76, 'UK029', 'BK'),
	(4380, 76, 'UK030', 'K'),
	(4381, 76, 'UK031', 'K'),
	(4382, 76, 'UK032', 'K'),
	(4383, 76, 'UK033', 'BK'),
	(4384, 76, 'UK034', 'K'),
	(4385, 76, 'UK035', 'K'),
	(4386, 76, 'UK036', 'K'),
	(4387, 76, 'UK037', 'K'),
	(4388, 76, 'UK038', 'BK'),
	(4389, 76, 'UK039', 'BK'),
	(4390, 76, 'UK040', 'K'),
	(4391, 76, 'UK041', 'BK'),
	(4392, 76, 'UK042', 'BK'),
	(4393, 76, 'UK043', 'K'),
	(4394, 76, 'UK044', 'BK'),
	(4395, 76, 'UK045', 'K'),
	(4396, 76, 'UK046', 'BK'),
	(4397, 76, 'UK047', 'BK'),
	(4398, 76, 'UK048', 'BK'),
	(4399, 76, 'UK049', 'K'),
	(4400, 76, 'UK050', 'BK'),
	(4401, 76, 'UK051', 'BK'),
	(4402, 76, 'UK052', 'K'),
	(4403, 76, 'UK053', 'K'),
	(4404, 76, 'UK054', 'BK'),
	(4405, 76, 'UK055', 'K'),
	(4406, 76, 'UK056', 'BK'),
	(4407, 76, 'UK057', 'BK'),
	(4408, 76, 'UK058', 'K'),
	(4409, 77, 'UK001', 'K'),
	(4410, 77, 'UK002', 'K'),
	(4411, 77, 'UK003', 'K'),
	(4412, 77, 'UK004', 'K'),
	(4413, 77, 'UK005', 'BK'),
	(4414, 77, 'UK006', 'K'),
	(4415, 77, 'UK007', 'K'),
	(4416, 77, 'UK008', 'BK'),
	(4417, 77, 'UK009', 'BK'),
	(4418, 77, 'UK010', 'BK'),
	(4419, 77, 'UK011', 'BK'),
	(4420, 77, 'UK012', 'BK'),
	(4421, 77, 'UK013', 'BK'),
	(4422, 77, 'UK014', 'BK'),
	(4423, 77, 'UK015', 'K'),
	(4424, 77, 'UK016', 'BK'),
	(4425, 77, 'UK017', 'K'),
	(4426, 77, 'UK018', 'K'),
	(4427, 77, 'UK019', 'BK'),
	(4428, 77, 'UK020', 'K'),
	(4429, 77, 'UK021', 'K'),
	(4430, 77, 'UK022', 'K'),
	(4431, 77, 'UK023', 'K'),
	(4432, 77, 'UK024', 'BK'),
	(4433, 77, 'UK025', 'K'),
	(4434, 77, 'UK026', 'K'),
	(4435, 77, 'UK027', 'BK'),
	(4436, 77, 'UK028', 'BK'),
	(4437, 77, 'UK029', 'BK'),
	(4438, 77, 'UK030', 'BK'),
	(4439, 77, 'UK031', 'K'),
	(4440, 77, 'UK032', 'BK'),
	(4441, 77, 'UK033', 'K'),
	(4442, 77, 'UK034', 'BK'),
	(4443, 77, 'UK035', 'K'),
	(4444, 77, 'UK036', 'BK'),
	(4445, 77, 'UK037', 'K'),
	(4446, 77, 'UK038', 'K'),
	(4447, 77, 'UK039', 'K'),
	(4448, 77, 'UK040', 'K'),
	(4449, 77, 'UK041', 'K'),
	(4450, 77, 'UK042', 'K'),
	(4451, 77, 'UK043', 'BK'),
	(4452, 77, 'UK044', 'BK'),
	(4453, 77, 'UK045', 'K'),
	(4454, 77, 'UK046', 'BK'),
	(4455, 77, 'UK047', 'K'),
	(4456, 77, 'UK048', 'BK'),
	(4457, 77, 'UK049', 'K'),
	(4458, 77, 'UK050', 'K'),
	(4459, 77, 'UK051', 'K'),
	(4460, 77, 'UK052', 'BK'),
	(4461, 77, 'UK053', 'K'),
	(4462, 77, 'UK054', 'BK'),
	(4463, 77, 'UK055', 'BK'),
	(4464, 77, 'UK056', 'K'),
	(4465, 77, 'UK057', 'K'),
	(4466, 77, 'UK058', 'K'),
	(4467, 78, 'UK001', 'K'),
	(4468, 78, 'UK002', 'K'),
	(4469, 78, 'UK003', 'K'),
	(4470, 78, 'UK004', 'BK'),
	(4471, 78, 'UK005', 'BK'),
	(4472, 78, 'UK006', 'BK'),
	(4473, 78, 'UK007', 'BK'),
	(4474, 78, 'UK008', 'BK'),
	(4475, 78, 'UK009', 'BK'),
	(4476, 78, 'UK010', 'BK'),
	(4477, 78, 'UK011', 'K'),
	(4478, 78, 'UK012', 'K'),
	(4479, 78, 'UK013', 'BK'),
	(4480, 78, 'UK014', 'BK'),
	(4481, 78, 'UK015', 'BK'),
	(4482, 78, 'UK016', 'BK'),
	(4483, 78, 'UK017', 'BK'),
	(4484, 78, 'UK018', 'K'),
	(4485, 78, 'UK019', 'BK'),
	(4486, 78, 'UK020', 'K'),
	(4487, 78, 'UK021', 'K'),
	(4488, 78, 'UK022', 'BK'),
	(4489, 78, 'UK023', 'BK'),
	(4490, 78, 'UK024', 'K'),
	(4491, 78, 'UK025', 'K'),
	(4492, 78, 'UK026', 'K'),
	(4493, 78, 'UK027', 'BK'),
	(4494, 78, 'UK028', 'K'),
	(4495, 78, 'UK029', 'K'),
	(4496, 78, 'UK030', 'K'),
	(4497, 78, 'UK031', 'K'),
	(4498, 78, 'UK032', 'K'),
	(4499, 78, 'UK033', 'K'),
	(4500, 78, 'UK034', 'BK'),
	(4501, 78, 'UK035', 'K'),
	(4502, 78, 'UK036', 'K'),
	(4503, 78, 'UK037', 'BK'),
	(4504, 78, 'UK038', 'BK'),
	(4505, 78, 'UK039', 'K'),
	(4506, 78, 'UK040', 'K'),
	(4507, 78, 'UK041', 'K'),
	(4508, 78, 'UK042', 'BK'),
	(4509, 78, 'UK043', 'K'),
	(4510, 78, 'UK044', 'K'),
	(4511, 78, 'UK045', 'K'),
	(4512, 78, 'UK046', 'BK'),
	(4513, 78, 'UK047', 'BK'),
	(4514, 78, 'UK048', 'K'),
	(4515, 78, 'UK049', 'BK'),
	(4516, 78, 'UK050', 'BK'),
	(4517, 78, 'UK051', 'BK'),
	(4518, 78, 'UK052', 'K'),
	(4519, 78, 'UK053', 'BK'),
	(4520, 78, 'UK054', 'BK'),
	(4521, 78, 'UK055', 'BK'),
	(4522, 78, 'UK056', 'BK'),
	(4523, 78, 'UK057', 'BK'),
	(4524, 78, 'UK058', 'K'),
	(4525, 79, 'UK001', 'K'),
	(4526, 79, 'UK002', 'K'),
	(4527, 79, 'UK003', 'BK'),
	(4528, 79, 'UK004', 'BK'),
	(4529, 79, 'UK005', 'K'),
	(4530, 79, 'UK006', 'K'),
	(4531, 79, 'UK007', 'BK'),
	(4532, 79, 'UK008', 'K'),
	(4533, 79, 'UK009', 'K'),
	(4534, 79, 'UK010', 'K'),
	(4535, 79, 'UK011', 'K'),
	(4536, 79, 'UK012', 'BK'),
	(4537, 79, 'UK013', 'BK'),
	(4538, 79, 'UK014', 'BK'),
	(4539, 79, 'UK015', 'BK'),
	(4540, 79, 'UK016', 'BK'),
	(4541, 79, 'UK017', 'K'),
	(4542, 79, 'UK018', 'BK'),
	(4543, 79, 'UK019', 'BK'),
	(4544, 79, 'UK020', 'K'),
	(4545, 79, 'UK021', 'K'),
	(4546, 79, 'UK022', 'K'),
	(4547, 79, 'UK023', 'BK'),
	(4548, 79, 'UK024', 'BK'),
	(4549, 79, 'UK025', 'K'),
	(4550, 79, 'UK026', 'K'),
	(4551, 79, 'UK027', 'BK'),
	(4552, 79, 'UK028', 'BK'),
	(4553, 79, 'UK029', 'K'),
	(4554, 79, 'UK030', 'K'),
	(4555, 79, 'UK031', 'BK'),
	(4556, 79, 'UK032', 'K'),
	(4557, 79, 'UK033', 'BK'),
	(4558, 79, 'UK034', 'K'),
	(4559, 79, 'UK035', 'K'),
	(4560, 79, 'UK036', 'K'),
	(4561, 79, 'UK037', 'K'),
	(4562, 79, 'UK038', 'BK'),
	(4563, 79, 'UK039', 'K'),
	(4564, 79, 'UK040', 'K'),
	(4565, 79, 'UK041', 'K'),
	(4566, 79, 'UK042', 'BK'),
	(4567, 79, 'UK043', 'K'),
	(4568, 79, 'UK044', 'BK'),
	(4569, 79, 'UK045', 'K'),
	(4570, 79, 'UK046', 'BK'),
	(4571, 79, 'UK047', 'K'),
	(4572, 79, 'UK048', 'K'),
	(4573, 79, 'UK049', 'K'),
	(4574, 79, 'UK050', 'K'),
	(4575, 79, 'UK051', 'BK'),
	(4576, 79, 'UK052', 'BK'),
	(4577, 79, 'UK053', 'BK'),
	(4578, 79, 'UK054', 'K'),
	(4579, 79, 'UK055', 'BK'),
	(4580, 79, 'UK056', 'BK'),
	(4581, 79, 'UK057', 'BK'),
	(4582, 79, 'UK058', 'BK'),
	(4583, 80, 'UK001', 'K'),
	(4584, 80, 'UK002', 'BK'),
	(4585, 80, 'UK003', 'K'),
	(4586, 80, 'UK004', 'K'),
	(4587, 80, 'UK005', 'BK'),
	(4588, 80, 'UK006', 'K'),
	(4589, 80, 'UK007', 'BK'),
	(4590, 80, 'UK008', 'K'),
	(4591, 80, 'UK009', 'BK'),
	(4592, 80, 'UK010', 'BK'),
	(4593, 80, 'UK011', 'K'),
	(4594, 80, 'UK012', 'K'),
	(4595, 80, 'UK013', 'K'),
	(4596, 80, 'UK014', 'BK'),
	(4597, 80, 'UK015', 'BK'),
	(4598, 80, 'UK016', 'BK'),
	(4599, 80, 'UK017', 'BK'),
	(4600, 80, 'UK018', 'K'),
	(4601, 80, 'UK019', 'BK'),
	(4602, 80, 'UK020', 'BK'),
	(4603, 80, 'UK021', 'K'),
	(4604, 80, 'UK022', 'K'),
	(4605, 80, 'UK023', 'BK'),
	(4606, 80, 'UK024', 'K'),
	(4607, 80, 'UK025', 'BK'),
	(4608, 80, 'UK026', 'K'),
	(4609, 80, 'UK027', 'BK'),
	(4610, 80, 'UK028', 'BK'),
	(4611, 80, 'UK029', 'K'),
	(4612, 80, 'UK030', 'BK'),
	(4613, 80, 'UK031', 'K'),
	(4614, 80, 'UK032', 'BK'),
	(4615, 80, 'UK033', 'K'),
	(4616, 80, 'UK034', 'BK'),
	(4617, 80, 'UK035', 'K'),
	(4618, 80, 'UK036', 'K'),
	(4619, 80, 'UK037', 'BK'),
	(4620, 80, 'UK038', 'K'),
	(4621, 80, 'UK039', 'BK'),
	(4622, 80, 'UK040', 'K'),
	(4623, 80, 'UK041', 'K'),
	(4624, 80, 'UK042', 'K'),
	(4625, 80, 'UK043', 'K'),
	(4626, 80, 'UK044', 'K'),
	(4627, 80, 'UK045', 'K'),
	(4628, 80, 'UK046', 'K'),
	(4629, 80, 'UK047', 'K'),
	(4630, 80, 'UK048', 'K'),
	(4631, 80, 'UK049', 'BK'),
	(4632, 80, 'UK050', 'BK'),
	(4633, 80, 'UK051', 'BK'),
	(4634, 80, 'UK052', 'K'),
	(4635, 80, 'UK053', 'BK'),
	(4636, 80, 'UK054', 'K'),
	(4637, 80, 'UK055', 'BK'),
	(4638, 80, 'UK056', 'BK'),
	(4639, 80, 'UK057', 'BK'),
	(4640, 80, 'UK058', 'K'),
	(4641, 81, 'UK001', 'K'),
	(4642, 81, 'UK002', 'BK'),
	(4643, 81, 'UK003', 'BK'),
	(4644, 81, 'UK004', 'K'),
	(4645, 81, 'UK005', 'K'),
	(4646, 81, 'UK006', 'K'),
	(4647, 81, 'UK007', 'K'),
	(4648, 81, 'UK008', 'K'),
	(4649, 81, 'UK009', 'BK'),
	(4650, 81, 'UK010', 'K'),
	(4651, 81, 'UK011', 'BK'),
	(4652, 81, 'UK012', 'K'),
	(4653, 81, 'UK013', 'K'),
	(4654, 81, 'UK014', 'BK'),
	(4655, 81, 'UK015', 'K'),
	(4656, 81, 'UK016', 'K'),
	(4657, 81, 'UK017', 'BK'),
	(4658, 81, 'UK018', 'BK'),
	(4659, 81, 'UK019', 'K'),
	(4660, 81, 'UK020', 'BK'),
	(4661, 81, 'UK021', 'K'),
	(4662, 81, 'UK022', 'BK'),
	(4663, 81, 'UK023', 'K'),
	(4664, 81, 'UK024', 'K'),
	(4665, 81, 'UK025', 'K'),
	(4666, 81, 'UK026', 'K'),
	(4667, 81, 'UK027', 'BK'),
	(4668, 81, 'UK028', 'K'),
	(4669, 81, 'UK029', 'BK'),
	(4670, 81, 'UK030', 'BK'),
	(4671, 81, 'UK031', 'BK'),
	(4672, 81, 'UK032', 'BK'),
	(4673, 81, 'UK033', 'K'),
	(4674, 81, 'UK034', 'K'),
	(4675, 81, 'UK035', 'K'),
	(4676, 81, 'UK036', 'K'),
	(4677, 81, 'UK037', 'K'),
	(4678, 81, 'UK038', 'K'),
	(4679, 81, 'UK039', 'BK'),
	(4680, 81, 'UK040', 'BK'),
	(4681, 81, 'UK041', 'K'),
	(4682, 81, 'UK042', 'BK'),
	(4683, 81, 'UK043', 'K'),
	(4684, 81, 'UK044', 'K'),
	(4685, 81, 'UK045', 'K'),
	(4686, 81, 'UK046', 'BK'),
	(4687, 81, 'UK047', 'K'),
	(4688, 81, 'UK048', 'K'),
	(4689, 81, 'UK049', 'K'),
	(4690, 81, 'UK050', 'K'),
	(4691, 81, 'UK051', 'BK'),
	(4692, 81, 'UK052', 'K'),
	(4693, 81, 'UK053', 'BK'),
	(4694, 81, 'UK054', 'BK'),
	(4695, 81, 'UK055', 'BK'),
	(4696, 81, 'UK056', 'BK'),
	(4697, 81, 'UK057', 'BK'),
	(4698, 81, 'UK058', 'K'),
	(4699, 82, 'UK001', 'BK'),
	(4700, 82, 'UK002', 'K'),
	(4701, 82, 'UK003', 'BK'),
	(4702, 82, 'UK004', 'K'),
	(4703, 82, 'UK005', 'BK'),
	(4704, 82, 'UK006', 'BK'),
	(4705, 82, 'UK007', 'BK'),
	(4706, 82, 'UK008', 'K'),
	(4707, 82, 'UK009', 'BK'),
	(4708, 82, 'UK010', 'BK'),
	(4709, 82, 'UK011', 'K'),
	(4710, 82, 'UK012', 'BK'),
	(4711, 82, 'UK013', 'K'),
	(4712, 82, 'UK014', 'K'),
	(4713, 82, 'UK015', 'BK'),
	(4714, 82, 'UK016', 'BK'),
	(4715, 82, 'UK017', 'BK'),
	(4716, 82, 'UK018', 'K'),
	(4717, 82, 'UK019', 'K'),
	(4718, 82, 'UK020', 'BK'),
	(4719, 82, 'UK021', 'K'),
	(4720, 82, 'UK022', 'BK'),
	(4721, 82, 'UK023', 'K'),
	(4722, 82, 'UK024', 'BK'),
	(4723, 82, 'UK025', 'BK'),
	(4724, 82, 'UK026', 'K'),
	(4725, 82, 'UK027', 'K'),
	(4726, 82, 'UK028', 'K'),
	(4727, 82, 'UK029', 'K'),
	(4728, 82, 'UK030', 'K'),
	(4729, 82, 'UK031', 'K'),
	(4730, 82, 'UK032', 'K'),
	(4731, 82, 'UK033', 'K'),
	(4732, 82, 'UK034', 'BK'),
	(4733, 82, 'UK035', 'K'),
	(4734, 82, 'UK036', 'BK'),
	(4735, 82, 'UK037', 'K'),
	(4736, 82, 'UK038', 'BK'),
	(4737, 82, 'UK039', 'K'),
	(4738, 82, 'UK040', 'K'),
	(4739, 82, 'UK041', 'K'),
	(4740, 82, 'UK042', 'BK'),
	(4741, 82, 'UK043', 'K'),
	(4742, 82, 'UK044', 'K'),
	(4743, 82, 'UK045', 'K'),
	(4744, 82, 'UK046', 'K'),
	(4745, 82, 'UK047', 'K'),
	(4746, 82, 'UK048', 'K'),
	(4747, 82, 'UK049', 'BK'),
	(4748, 82, 'UK050', 'K'),
	(4749, 82, 'UK051', 'BK'),
	(4750, 82, 'UK052', 'BK'),
	(4751, 82, 'UK053', 'K'),
	(4752, 82, 'UK054', 'BK'),
	(4753, 82, 'UK055', 'K'),
	(4754, 82, 'UK056', 'BK'),
	(4755, 82, 'UK057', 'BK'),
	(4756, 82, 'UK058', 'K'),
	(4757, 83, 'UK001', 'BK'),
	(4758, 83, 'UK002', 'K'),
	(4759, 83, 'UK003', 'K'),
	(4760, 83, 'UK004', 'BK'),
	(4761, 83, 'UK005', 'BK'),
	(4762, 83, 'UK006', 'BK'),
	(4763, 83, 'UK007', 'K'),
	(4764, 83, 'UK008', 'K'),
	(4765, 83, 'UK009', 'K'),
	(4766, 83, 'UK010', 'BK'),
	(4767, 83, 'UK011', 'K'),
	(4768, 83, 'UK012', 'K'),
	(4769, 83, 'UK013', 'K'),
	(4770, 83, 'UK014', 'K'),
	(4771, 83, 'UK015', 'BK'),
	(4772, 83, 'UK016', 'BK'),
	(4773, 83, 'UK017', 'K'),
	(4774, 83, 'UK018', 'BK'),
	(4775, 83, 'UK019', 'BK'),
	(4776, 83, 'UK020', 'BK'),
	(4777, 83, 'UK021', 'K'),
	(4778, 83, 'UK022', 'K'),
	(4779, 83, 'UK023', 'K'),
	(4780, 83, 'UK024', 'BK'),
	(4781, 83, 'UK025', 'K'),
	(4782, 83, 'UK026', 'K'),
	(4783, 83, 'UK027', 'K'),
	(4784, 83, 'UK028', 'K'),
	(4785, 83, 'UK029', 'BK'),
	(4786, 83, 'UK030', 'K'),
	(4787, 83, 'UK031', 'BK'),
	(4788, 83, 'UK032', 'K'),
	(4789, 83, 'UK033', 'BK'),
	(4790, 83, 'UK034', 'K'),
	(4791, 83, 'UK035', 'K'),
	(4792, 83, 'UK036', 'K'),
	(4793, 83, 'UK037', 'K'),
	(4794, 83, 'UK038', 'BK'),
	(4795, 83, 'UK039', 'K'),
	(4796, 83, 'UK040', 'BK'),
	(4797, 83, 'UK041', 'BK'),
	(4798, 83, 'UK042', 'K'),
	(4799, 83, 'UK043', 'K'),
	(4800, 83, 'UK044', 'BK'),
	(4801, 83, 'UK045', 'BK'),
	(4802, 83, 'UK046', 'K'),
	(4803, 83, 'UK047', 'BK'),
	(4804, 83, 'UK048', 'K'),
	(4805, 83, 'UK049', 'K'),
	(4806, 83, 'UK050', 'BK'),
	(4807, 83, 'UK051', 'K'),
	(4808, 83, 'UK052', 'BK'),
	(4809, 83, 'UK053', 'K'),
	(4810, 83, 'UK054', 'K'),
	(4811, 83, 'UK055', 'BK'),
	(4812, 83, 'UK056', 'BK'),
	(4813, 83, 'UK057', 'K'),
	(4814, 83, 'UK058', 'K'),
	(4815, 84, 'UK001', 'BK'),
	(4816, 84, 'UK002', 'K'),
	(4817, 84, 'UK003', 'K'),
	(4818, 84, 'UK004', 'K'),
	(4819, 84, 'UK005', 'K'),
	(4820, 84, 'UK006', 'K'),
	(4821, 84, 'UK007', 'K'),
	(4822, 84, 'UK008', 'K'),
	(4823, 84, 'UK009', 'K'),
	(4824, 84, 'UK010', 'K'),
	(4825, 84, 'UK011', 'K'),
	(4826, 84, 'UK012', 'BK'),
	(4827, 84, 'UK013', 'BK'),
	(4828, 84, 'UK014', 'BK'),
	(4829, 84, 'UK015', 'K'),
	(4830, 84, 'UK016', 'BK'),
	(4831, 84, 'UK017', 'BK'),
	(4832, 84, 'UK018', 'BK'),
	(4833, 84, 'UK019', 'BK'),
	(4834, 84, 'UK020', 'K'),
	(4835, 84, 'UK021', 'BK'),
	(4836, 84, 'UK022', 'K'),
	(4837, 84, 'UK023', 'K'),
	(4838, 84, 'UK024', 'K'),
	(4839, 84, 'UK025', 'K'),
	(4840, 84, 'UK026', 'BK'),
	(4841, 84, 'UK027', 'K'),
	(4842, 84, 'UK028', 'K'),
	(4843, 84, 'UK029', 'K'),
	(4844, 84, 'UK030', 'K'),
	(4845, 84, 'UK031', 'K'),
	(4846, 84, 'UK032', 'K'),
	(4847, 84, 'UK033', 'K'),
	(4848, 84, 'UK034', 'K'),
	(4849, 84, 'UK035', 'BK'),
	(4850, 84, 'UK036', 'BK'),
	(4851, 84, 'UK037', 'K'),
	(4852, 84, 'UK038', 'K'),
	(4853, 84, 'UK039', 'BK'),
	(4854, 84, 'UK040', 'BK'),
	(4855, 84, 'UK041', 'K'),
	(4856, 84, 'UK042', 'BK'),
	(4857, 84, 'UK043', 'BK'),
	(4858, 84, 'UK044', 'K'),
	(4859, 84, 'UK045', 'K'),
	(4860, 84, 'UK046', 'BK'),
	(4861, 84, 'UK047', 'K'),
	(4862, 84, 'UK048', 'K'),
	(4863, 84, 'UK049', 'K'),
	(4864, 84, 'UK050', 'K'),
	(4865, 84, 'UK051', 'K'),
	(4866, 84, 'UK052', 'K'),
	(4867, 84, 'UK053', 'BK'),
	(4868, 84, 'UK054', 'BK'),
	(4869, 84, 'UK055', 'K'),
	(4870, 84, 'UK056', 'K'),
	(4871, 84, 'UK057', 'K'),
	(4872, 84, 'UK058', 'K'),
	(4873, 85, 'UK001', 'BK'),
	(4874, 85, 'UK002', 'K'),
	(4875, 85, 'UK003', 'K'),
	(4876, 85, 'UK004', 'BK'),
	(4877, 85, 'UK005', 'K'),
	(4878, 85, 'UK006', 'K'),
	(4879, 85, 'UK007', 'K'),
	(4880, 85, 'UK008', 'BK'),
	(4881, 85, 'UK009', 'BK'),
	(4882, 85, 'UK010', 'BK'),
	(4883, 85, 'UK011', 'BK'),
	(4884, 85, 'UK012', 'BK'),
	(4885, 85, 'UK013', 'BK'),
	(4886, 85, 'UK014', 'K'),
	(4887, 85, 'UK015', 'BK'),
	(4888, 85, 'UK016', 'K'),
	(4889, 85, 'UK017', 'K'),
	(4890, 85, 'UK018', 'BK'),
	(4891, 85, 'UK019', 'BK'),
	(4892, 85, 'UK020', 'BK'),
	(4893, 85, 'UK021', 'BK'),
	(4894, 85, 'UK022', 'K'),
	(4895, 85, 'UK023', 'K'),
	(4896, 85, 'UK024', 'BK'),
	(4897, 85, 'UK025', 'K'),
	(4898, 85, 'UK026', 'K'),
	(4899, 85, 'UK027', 'K'),
	(4900, 85, 'UK028', 'K'),
	(4901, 85, 'UK029', 'BK'),
	(4902, 85, 'UK030', 'BK'),
	(4903, 85, 'UK031', 'K'),
	(4904, 85, 'UK032', 'K'),
	(4905, 85, 'UK033', 'BK'),
	(4906, 85, 'UK034', 'K'),
	(4907, 85, 'UK035', 'BK'),
	(4908, 85, 'UK036', 'BK'),
	(4909, 85, 'UK037', 'K'),
	(4910, 85, 'UK038', 'K'),
	(4911, 85, 'UK039', 'K'),
	(4912, 85, 'UK040', 'BK'),
	(4913, 85, 'UK041', 'BK'),
	(4914, 85, 'UK042', 'BK'),
	(4915, 85, 'UK043', 'BK'),
	(4916, 85, 'UK044', 'BK'),
	(4917, 85, 'UK045', 'K'),
	(4918, 85, 'UK046', 'BK'),
	(4919, 85, 'UK047', 'BK'),
	(4920, 85, 'UK048', 'BK'),
	(4921, 85, 'UK049', 'K'),
	(4922, 85, 'UK050', 'K'),
	(4923, 85, 'UK051', 'K'),
	(4924, 85, 'UK052', 'BK'),
	(4925, 85, 'UK053', 'K'),
	(4926, 85, 'UK054', 'K'),
	(4927, 85, 'UK055', 'K'),
	(4928, 85, 'UK056', 'BK'),
	(4929, 85, 'UK057', 'BK'),
	(4930, 85, 'UK058', 'K'),
	(4931, 86, 'UK001', 'BK'),
	(4932, 86, 'UK002', 'K'),
	(4933, 86, 'UK003', 'K'),
	(4934, 86, 'UK004', 'BK'),
	(4935, 86, 'UK005', 'K'),
	(4936, 86, 'UK006', 'K'),
	(4937, 86, 'UK007', 'K'),
	(4938, 86, 'UK008', 'K'),
	(4939, 86, 'UK009', 'K'),
	(4940, 86, 'UK010', 'K'),
	(4941, 86, 'UK011', 'K'),
	(4942, 86, 'UK012', 'K'),
	(4943, 86, 'UK013', 'K'),
	(4944, 86, 'UK014', 'BK'),
	(4945, 86, 'UK015', 'BK'),
	(4946, 86, 'UK016', 'BK'),
	(4947, 86, 'UK017', 'K'),
	(4948, 86, 'UK018', 'K'),
	(4949, 86, 'UK019', 'BK'),
	(4950, 86, 'UK020', 'K'),
	(4951, 86, 'UK021', 'K'),
	(4952, 86, 'UK022', 'K'),
	(4953, 86, 'UK023', 'K'),
	(4954, 86, 'UK024', 'K'),
	(4955, 86, 'UK025', 'K'),
	(4956, 86, 'UK026', 'K'),
	(4957, 86, 'UK027', 'K'),
	(4958, 86, 'UK028', 'K'),
	(4959, 86, 'UK029', 'K'),
	(4960, 86, 'UK030', 'BK'),
	(4961, 86, 'UK031', 'BK'),
	(4962, 86, 'UK032', 'K'),
	(4963, 86, 'UK033', 'K'),
	(4964, 86, 'UK034', 'BK'),
	(4965, 86, 'UK035', 'BK'),
	(4966, 86, 'UK036', 'K'),
	(4967, 86, 'UK037', 'K'),
	(4968, 86, 'UK038', 'K'),
	(4969, 86, 'UK039', 'K'),
	(4970, 86, 'UK040', 'BK'),
	(4971, 86, 'UK041', 'K'),
	(4972, 86, 'UK042', 'K'),
	(4973, 86, 'UK043', 'K'),
	(4974, 86, 'UK044', 'K'),
	(4975, 86, 'UK045', 'K'),
	(4976, 86, 'UK046', 'BK'),
	(4977, 86, 'UK047', 'BK'),
	(4978, 86, 'UK048', 'K'),
	(4979, 86, 'UK049', 'K'),
	(4980, 86, 'UK050', 'K'),
	(4981, 86, 'UK051', 'K'),
	(4982, 86, 'UK052', 'BK'),
	(4983, 86, 'UK053', 'BK'),
	(4984, 86, 'UK054', 'K'),
	(4985, 86, 'UK055', 'BK'),
	(4986, 86, 'UK056', 'BK'),
	(4987, 86, 'UK057', 'BK'),
	(4988, 86, 'UK058', 'BK'),
	(4989, 87, 'UK001', 'K'),
	(4990, 87, 'UK002', 'K'),
	(4991, 87, 'UK003', 'K'),
	(4992, 87, 'UK004', 'K'),
	(4993, 87, 'UK005', 'BK'),
	(4994, 87, 'UK006', 'K'),
	(4995, 87, 'UK007', 'K'),
	(4996, 87, 'UK008', 'K'),
	(4997, 87, 'UK009', 'K'),
	(4998, 87, 'UK010', 'K'),
	(4999, 87, 'UK011', 'K'),
	(5000, 87, 'UK012', 'BK'),
	(5001, 87, 'UK013', 'BK'),
	(5002, 87, 'UK014', 'K'),
	(5003, 87, 'UK015', 'BK'),
	(5004, 87, 'UK016', 'BK'),
	(5005, 87, 'UK017', 'K'),
	(5006, 87, 'UK018', 'BK'),
	(5007, 87, 'UK019', 'BK'),
	(5008, 87, 'UK020', 'BK'),
	(5009, 87, 'UK021', 'K'),
	(5010, 87, 'UK022', 'K'),
	(5011, 87, 'UK023', 'K'),
	(5012, 87, 'UK024', 'BK'),
	(5013, 87, 'UK025', 'K'),
	(5014, 87, 'UK026', 'BK'),
	(5015, 87, 'UK027', 'K'),
	(5016, 87, 'UK028', 'K'),
	(5017, 87, 'UK029', 'K'),
	(5018, 87, 'UK030', 'K'),
	(5019, 87, 'UK031', 'BK'),
	(5020, 87, 'UK032', 'K'),
	(5021, 87, 'UK033', 'BK'),
	(5022, 87, 'UK034', 'BK'),
	(5023, 87, 'UK035', 'BK'),
	(5024, 87, 'UK036', 'BK'),
	(5025, 87, 'UK037', 'BK'),
	(5026, 87, 'UK038', 'K'),
	(5027, 87, 'UK039', 'K'),
	(5028, 87, 'UK040', 'K'),
	(5029, 87, 'UK041', 'K'),
	(5030, 87, 'UK042', 'K'),
	(5031, 87, 'UK043', 'K'),
	(5032, 87, 'UK044', 'K'),
	(5033, 87, 'UK045', 'K'),
	(5034, 87, 'UK046', 'K'),
	(5035, 87, 'UK047', 'BK'),
	(5036, 87, 'UK048', 'BK'),
	(5037, 87, 'UK049', 'BK'),
	(5038, 87, 'UK050', 'BK'),
	(5039, 87, 'UK051', 'K'),
	(5040, 87, 'UK052', 'K'),
	(5041, 87, 'UK053', 'BK'),
	(5042, 87, 'UK054', 'K'),
	(5043, 87, 'UK055', 'K'),
	(5044, 87, 'UK056', 'BK'),
	(5045, 87, 'UK057', 'K'),
	(5046, 87, 'UK058', 'BK'),
	(5047, 88, 'UK001', 'K'),
	(5048, 88, 'UK002', 'K'),
	(5049, 88, 'UK003', 'K'),
	(5050, 88, 'UK004', 'K'),
	(5051, 88, 'UK005', 'K'),
	(5052, 88, 'UK006', 'K'),
	(5053, 88, 'UK007', 'K'),
	(5054, 88, 'UK008', 'K'),
	(5055, 88, 'UK009', 'K'),
	(5056, 88, 'UK010', 'K'),
	(5057, 88, 'UK011', 'BK'),
	(5058, 88, 'UK012', 'K'),
	(5059, 88, 'UK013', 'BK'),
	(5060, 88, 'UK014', 'BK'),
	(5061, 88, 'UK015', 'K'),
	(5062, 88, 'UK016', 'BK'),
	(5063, 88, 'UK017', 'BK'),
	(5064, 88, 'UK018', 'BK'),
	(5065, 88, 'UK019', 'BK'),
	(5066, 88, 'UK020', 'K'),
	(5067, 88, 'UK021', 'K'),
	(5068, 88, 'UK022', 'BK'),
	(5069, 88, 'UK023', 'K'),
	(5070, 88, 'UK024', 'K'),
	(5071, 88, 'UK025', 'K'),
	(5072, 88, 'UK026', 'K'),
	(5073, 88, 'UK027', 'BK'),
	(5074, 88, 'UK028', 'K'),
	(5075, 88, 'UK029', 'K'),
	(5076, 88, 'UK030', 'K'),
	(5077, 88, 'UK031', 'BK'),
	(5078, 88, 'UK032', 'BK'),
	(5079, 88, 'UK033', 'BK'),
	(5080, 88, 'UK034', 'K'),
	(5081, 88, 'UK035', 'K'),
	(5082, 88, 'UK036', 'K'),
	(5083, 88, 'UK037', 'K'),
	(5084, 88, 'UK038', 'K'),
	(5085, 88, 'UK039', 'BK'),
	(5086, 88, 'UK040', 'BK'),
	(5087, 88, 'UK041', 'K'),
	(5088, 88, 'UK042', 'K'),
	(5089, 88, 'UK043', 'BK'),
	(5090, 88, 'UK044', 'BK'),
	(5091, 88, 'UK045', 'BK'),
	(5092, 88, 'UK046', 'BK'),
	(5093, 88, 'UK047', 'K'),
	(5094, 88, 'UK048', 'BK'),
	(5095, 88, 'UK049', 'BK'),
	(5096, 88, 'UK050', 'K'),
	(5097, 88, 'UK051', 'BK'),
	(5098, 88, 'UK052', 'K'),
	(5099, 88, 'UK053', 'K'),
	(5100, 88, 'UK054', 'K'),
	(5101, 88, 'UK055', 'K'),
	(5102, 88, 'UK056', 'BK'),
	(5103, 88, 'UK057', 'BK'),
	(5104, 88, 'UK058', 'BK'),
	(5105, 89, 'UK001', 'BK'),
	(5106, 89, 'UK002', 'BK'),
	(5107, 89, 'UK003', 'K'),
	(5108, 89, 'UK004', 'K'),
	(5109, 89, 'UK005', 'K'),
	(5110, 89, 'UK006', 'K'),
	(5111, 89, 'UK007', 'K'),
	(5112, 89, 'UK008', 'K'),
	(5113, 89, 'UK009', 'K'),
	(5114, 89, 'UK010', 'K'),
	(5115, 89, 'UK011', 'K'),
	(5116, 89, 'UK012', 'BK'),
	(5117, 89, 'UK013', 'K'),
	(5118, 89, 'UK014', 'BK'),
	(5119, 89, 'UK015', 'K'),
	(5120, 89, 'UK016', 'K'),
	(5121, 89, 'UK017', 'K'),
	(5122, 89, 'UK018', 'K'),
	(5123, 89, 'UK019', 'K'),
	(5124, 89, 'UK020', 'K'),
	(5125, 89, 'UK021', 'BK'),
	(5126, 89, 'UK022', 'BK'),
	(5127, 89, 'UK023', 'K'),
	(5128, 89, 'UK024', 'K'),
	(5129, 89, 'UK025', 'K'),
	(5130, 89, 'UK026', 'K'),
	(5131, 89, 'UK027', 'K'),
	(5132, 89, 'UK028', 'BK'),
	(5133, 89, 'UK029', 'K'),
	(5134, 89, 'UK030', 'K'),
	(5135, 89, 'UK031', 'K'),
	(5136, 89, 'UK032', 'K'),
	(5137, 89, 'UK033', 'BK'),
	(5138, 89, 'UK034', 'K'),
	(5139, 89, 'UK035', 'K'),
	(5140, 89, 'UK036', 'BK'),
	(5141, 89, 'UK037', 'K'),
	(5142, 89, 'UK038', 'BK'),
	(5143, 89, 'UK039', 'BK'),
	(5144, 89, 'UK040', 'K'),
	(5145, 89, 'UK041', 'BK'),
	(5146, 89, 'UK042', 'BK'),
	(5147, 89, 'UK043', 'K'),
	(5148, 89, 'UK044', 'K'),
	(5149, 89, 'UK045', 'K'),
	(5150, 89, 'UK046', 'BK'),
	(5151, 89, 'UK047', 'K'),
	(5152, 89, 'UK048', 'BK'),
	(5153, 89, 'UK049', 'K'),
	(5154, 89, 'UK050', 'BK'),
	(5155, 89, 'UK051', 'BK'),
	(5156, 89, 'UK052', 'K'),
	(5157, 89, 'UK053', 'K'),
	(5158, 89, 'UK054', 'K'),
	(5159, 89, 'UK055', 'K'),
	(5160, 89, 'UK056', 'K'),
	(5161, 89, 'UK057', 'BK'),
	(5162, 89, 'UK058', 'BK'),
	(5163, 90, 'UK001', 'K'),
	(5164, 90, 'UK002', 'K'),
	(5165, 90, 'UK003', 'K'),
	(5166, 90, 'UK004', 'K'),
	(5167, 90, 'UK005', 'BK'),
	(5168, 90, 'UK006', 'K'),
	(5169, 90, 'UK007', 'K'),
	(5170, 90, 'UK008', 'K'),
	(5171, 90, 'UK009', 'BK'),
	(5172, 90, 'UK010', 'BK'),
	(5173, 90, 'UK011', 'K'),
	(5174, 90, 'UK012', 'K'),
	(5175, 90, 'UK013', 'BK'),
	(5176, 90, 'UK014', 'BK'),
	(5177, 90, 'UK015', 'K'),
	(5178, 90, 'UK016', 'K'),
	(5179, 90, 'UK017', 'K'),
	(5180, 90, 'UK018', 'K'),
	(5181, 90, 'UK019', 'BK'),
	(5182, 90, 'UK020', 'K'),
	(5183, 90, 'UK021', 'K'),
	(5184, 90, 'UK022', 'BK'),
	(5185, 90, 'UK023', 'BK'),
	(5186, 90, 'UK024', 'K'),
	(5187, 90, 'UK025', 'K'),
	(5188, 90, 'UK026', 'K'),
	(5189, 90, 'UK027', 'BK'),
	(5190, 90, 'UK028', 'BK'),
	(5191, 90, 'UK029', 'BK'),
	(5192, 90, 'UK030', 'K'),
	(5193, 90, 'UK031', 'K'),
	(5194, 90, 'UK032', 'K'),
	(5195, 90, 'UK033', 'K'),
	(5196, 90, 'UK034', 'BK'),
	(5197, 90, 'UK035', 'K'),
	(5198, 90, 'UK036', 'K'),
	(5199, 90, 'UK037', 'K'),
	(5200, 90, 'UK038', 'K'),
	(5201, 90, 'UK039', 'BK'),
	(5202, 90, 'UK040', 'BK'),
	(5203, 90, 'UK041', 'K'),
	(5204, 90, 'UK042', 'BK'),
	(5205, 90, 'UK043', 'BK'),
	(5206, 90, 'UK044', 'K'),
	(5207, 90, 'UK045', 'K'),
	(5208, 90, 'UK046', 'BK'),
	(5209, 90, 'UK047', 'K'),
	(5210, 90, 'UK048', 'K'),
	(5211, 90, 'UK049', 'BK'),
	(5212, 90, 'UK050', 'K'),
	(5213, 90, 'UK051', 'K'),
	(5214, 90, 'UK052', 'K'),
	(5215, 90, 'UK053', 'K'),
	(5216, 90, 'UK054', 'K'),
	(5217, 90, 'UK055', 'K'),
	(5218, 90, 'UK056', 'K'),
	(5219, 90, 'UK057', 'BK'),
	(5220, 90, 'UK058', 'K'),
	(5221, 91, 'UK001', 'K'),
	(5222, 91, 'UK002', 'K'),
	(5223, 91, 'UK003', 'K'),
	(5224, 91, 'UK004', 'BK'),
	(5225, 91, 'UK005', 'K'),
	(5226, 91, 'UK006', 'K'),
	(5227, 91, 'UK007', 'K'),
	(5228, 91, 'UK008', 'BK'),
	(5229, 91, 'UK009', 'BK'),
	(5230, 91, 'UK010', 'BK'),
	(5231, 91, 'UK011', 'BK'),
	(5232, 91, 'UK012', 'K'),
	(5233, 91, 'UK013', 'K'),
	(5234, 91, 'UK014', 'K'),
	(5235, 91, 'UK015', 'BK'),
	(5236, 91, 'UK016', 'BK'),
	(5237, 91, 'UK017', 'BK'),
	(5238, 91, 'UK018', 'BK'),
	(5239, 91, 'UK019', 'BK'),
	(5240, 91, 'UK020', 'BK'),
	(5241, 91, 'UK021', 'K'),
	(5242, 91, 'UK022', 'BK'),
	(5243, 91, 'UK023', 'BK'),
	(5244, 91, 'UK024', 'K'),
	(5245, 91, 'UK025', 'BK'),
	(5246, 91, 'UK026', 'K'),
	(5247, 91, 'UK027', 'BK'),
	(5248, 91, 'UK028', 'K'),
	(5249, 91, 'UK029', 'K'),
	(5250, 91, 'UK030', 'BK'),
	(5251, 91, 'UK031', 'K'),
	(5252, 91, 'UK032', 'BK'),
	(5253, 91, 'UK033', 'K'),
	(5254, 91, 'UK034', 'BK'),
	(5255, 91, 'UK035', 'K'),
	(5256, 91, 'UK036', 'BK'),
	(5257, 91, 'UK037', 'BK'),
	(5258, 91, 'UK038', 'K'),
	(5259, 91, 'UK039', 'BK'),
	(5260, 91, 'UK040', 'BK'),
	(5261, 91, 'UK041', 'BK'),
	(5262, 91, 'UK042', 'K'),
	(5263, 91, 'UK043', 'K'),
	(5264, 91, 'UK044', 'K'),
	(5265, 91, 'UK045', 'K'),
	(5266, 91, 'UK046', 'K'),
	(5267, 91, 'UK047', 'BK'),
	(5268, 91, 'UK048', 'BK'),
	(5269, 91, 'UK049', 'K'),
	(5270, 91, 'UK050', 'K'),
	(5271, 91, 'UK051', 'BK'),
	(5272, 91, 'UK052', 'BK'),
	(5273, 91, 'UK053', 'K'),
	(5274, 91, 'UK054', 'BK'),
	(5275, 91, 'UK055', 'BK'),
	(5276, 91, 'UK056', 'K'),
	(5277, 91, 'UK057', 'K'),
	(5278, 91, 'UK058', 'BK'),
	(5279, 92, 'UK001', 'K'),
	(5280, 92, 'UK002', 'K'),
	(5281, 92, 'UK003', 'BK'),
	(5282, 92, 'UK004', 'BK'),
	(5283, 92, 'UK005', 'BK'),
	(5284, 92, 'UK006', 'K'),
	(5285, 92, 'UK007', 'K'),
	(5286, 92, 'UK008', 'K'),
	(5287, 92, 'UK009', 'K'),
	(5288, 92, 'UK010', 'K'),
	(5289, 92, 'UK011', 'BK'),
	(5290, 92, 'UK012', 'K'),
	(5291, 92, 'UK013', 'K'),
	(5292, 92, 'UK014', 'BK'),
	(5293, 92, 'UK015', 'BK'),
	(5294, 92, 'UK016', 'K'),
	(5295, 92, 'UK017', 'BK'),
	(5296, 92, 'UK018', 'BK'),
	(5297, 92, 'UK019', 'K'),
	(5298, 92, 'UK020', 'K'),
	(5299, 92, 'UK021', 'K'),
	(5300, 92, 'UK022', 'K'),
	(5301, 92, 'UK023', 'K'),
	(5302, 92, 'UK024', 'BK'),
	(5303, 92, 'UK025', 'K'),
	(5304, 92, 'UK026', 'BK'),
	(5305, 92, 'UK027', 'K'),
	(5306, 92, 'UK028', 'K'),
	(5307, 92, 'UK029', 'K'),
	(5308, 92, 'UK030', 'K'),
	(5309, 92, 'UK031', 'K'),
	(5310, 92, 'UK032', 'K'),
	(5311, 92, 'UK033', 'K'),
	(5312, 92, 'UK034', 'BK'),
	(5313, 92, 'UK035', 'K'),
	(5314, 92, 'UK036', 'BK'),
	(5315, 92, 'UK037', 'BK'),
	(5316, 92, 'UK038', 'K'),
	(5317, 92, 'UK039', 'K'),
	(5318, 92, 'UK040', 'BK'),
	(5319, 92, 'UK041', 'K'),
	(5320, 92, 'UK042', 'BK'),
	(5321, 92, 'UK043', 'K'),
	(5322, 92, 'UK044', 'K'),
	(5323, 92, 'UK045', 'BK'),
	(5324, 92, 'UK046', 'BK'),
	(5325, 92, 'UK047', 'BK'),
	(5326, 92, 'UK048', 'BK'),
	(5327, 92, 'UK049', 'BK'),
	(5328, 92, 'UK050', 'K'),
	(5329, 92, 'UK051', 'BK'),
	(5330, 92, 'UK052', 'K'),
	(5331, 92, 'UK053', 'K'),
	(5332, 92, 'UK054', 'K'),
	(5333, 92, 'UK055', 'K'),
	(5334, 92, 'UK056', 'K'),
	(5335, 92, 'UK057', 'BK'),
	(5336, 92, 'UK058', 'BK'),
	(5337, 93, 'UK001', 'BK'),
	(5338, 93, 'UK002', 'BK'),
	(5339, 93, 'UK003', 'K'),
	(5340, 93, 'UK004', 'BK'),
	(5341, 93, 'UK005', 'K'),
	(5342, 93, 'UK006', 'K'),
	(5343, 93, 'UK007', 'BK'),
	(5344, 93, 'UK008', 'K'),
	(5345, 93, 'UK009', 'BK'),
	(5346, 93, 'UK010', 'K'),
	(5347, 93, 'UK011', 'K'),
	(5348, 93, 'UK012', 'K'),
	(5349, 93, 'UK013', 'BK'),
	(5350, 93, 'UK014', 'BK'),
	(5351, 93, 'UK015', 'BK'),
	(5352, 93, 'UK016', 'BK'),
	(5353, 93, 'UK017', 'BK'),
	(5354, 93, 'UK018', 'BK'),
	(5355, 93, 'UK019', 'K'),
	(5356, 93, 'UK020', 'BK'),
	(5357, 93, 'UK021', 'K'),
	(5358, 93, 'UK022', 'K'),
	(5359, 93, 'UK023', 'BK'),
	(5360, 93, 'UK024', 'K'),
	(5361, 93, 'UK025', 'K'),
	(5362, 93, 'UK026', 'K'),
	(5363, 93, 'UK027', 'BK'),
	(5364, 93, 'UK028', 'K'),
	(5365, 93, 'UK029', 'BK'),
	(5366, 93, 'UK030', 'K'),
	(5367, 93, 'UK031', 'BK'),
	(5368, 93, 'UK032', 'K'),
	(5369, 93, 'UK033', 'BK'),
	(5370, 93, 'UK034', 'BK'),
	(5371, 93, 'UK035', 'BK'),
	(5372, 93, 'UK036', 'BK'),
	(5373, 93, 'UK037', 'BK'),
	(5374, 93, 'UK038', 'BK'),
	(5375, 93, 'UK039', 'BK'),
	(5376, 93, 'UK040', 'BK'),
	(5377, 93, 'UK041', 'BK'),
	(5378, 93, 'UK042', 'BK'),
	(5379, 93, 'UK043', 'K'),
	(5380, 93, 'UK044', 'K'),
	(5381, 93, 'UK045', 'BK'),
	(5382, 93, 'UK046', 'BK'),
	(5383, 93, 'UK047', 'K'),
	(5384, 93, 'UK048', 'BK'),
	(5385, 93, 'UK049', 'BK'),
	(5386, 93, 'UK050', 'BK'),
	(5387, 93, 'UK051', 'BK'),
	(5388, 93, 'UK052', 'K'),
	(5389, 93, 'UK053', 'BK'),
	(5390, 93, 'UK054', 'BK'),
	(5391, 93, 'UK055', 'BK'),
	(5392, 93, 'UK056', 'BK'),
	(5393, 93, 'UK057', 'K'),
	(5394, 93, 'UK058', 'BK'),
	(5395, 94, 'UK001', 'BK'),
	(5396, 94, 'UK002', 'BK'),
	(5397, 94, 'UK003', 'BK'),
	(5398, 94, 'UK004', 'BK'),
	(5399, 94, 'UK005', 'K'),
	(5400, 94, 'UK006', 'K'),
	(5401, 94, 'UK007', 'BK'),
	(5402, 94, 'UK008', 'BK'),
	(5403, 94, 'UK009', 'BK'),
	(5404, 94, 'UK010', 'BK'),
	(5405, 94, 'UK011', 'BK'),
	(5406, 94, 'UK012', 'BK'),
	(5407, 94, 'UK013', 'BK'),
	(5408, 94, 'UK014', 'BK'),
	(5409, 94, 'UK015', 'K'),
	(5410, 94, 'UK016', 'BK'),
	(5411, 94, 'UK017', 'BK'),
	(5412, 94, 'UK018', 'BK'),
	(5413, 94, 'UK019', 'K'),
	(5414, 94, 'UK020', 'K'),
	(5415, 94, 'UK021', 'K'),
	(5416, 94, 'UK022', 'K'),
	(5417, 94, 'UK023', 'K'),
	(5418, 94, 'UK024', 'K'),
	(5419, 94, 'UK025', 'K'),
	(5420, 94, 'UK026', 'BK'),
	(5421, 94, 'UK027', 'BK'),
	(5422, 94, 'UK028', 'BK'),
	(5423, 94, 'UK029', 'BK'),
	(5424, 94, 'UK030', 'BK'),
	(5425, 94, 'UK031', 'BK'),
	(5426, 94, 'UK032', 'BK'),
	(5427, 94, 'UK033', 'BK'),
	(5428, 94, 'UK034', 'BK'),
	(5429, 94, 'UK035', 'BK'),
	(5430, 94, 'UK036', 'K'),
	(5431, 94, 'UK037', 'BK'),
	(5432, 94, 'UK038', 'BK'),
	(5433, 94, 'UK039', 'BK'),
	(5434, 94, 'UK040', 'BK'),
	(5435, 94, 'UK041', 'BK'),
	(5436, 94, 'UK042', 'BK'),
	(5437, 94, 'UK043', 'K'),
	(5438, 94, 'UK044', 'BK'),
	(5439, 94, 'UK045', 'BK'),
	(5440, 94, 'UK046', 'BK'),
	(5441, 94, 'UK047', 'K'),
	(5442, 94, 'UK048', 'BK'),
	(5443, 94, 'UK049', 'BK'),
	(5444, 94, 'UK050', 'K'),
	(5445, 94, 'UK051', 'BK'),
	(5446, 94, 'UK052', 'BK'),
	(5447, 94, 'UK053', 'BK'),
	(5448, 94, 'UK054', 'K'),
	(5449, 94, 'UK055', 'BK'),
	(5450, 94, 'UK056', 'K'),
	(5451, 94, 'UK057', 'BK'),
	(5452, 94, 'UK058', 'BK'),
	(5453, 95, 'UK001', 'BK'),
	(5454, 95, 'UK002', 'BK'),
	(5455, 95, 'UK003', 'BK'),
	(5456, 95, 'UK004', 'BK'),
	(5457, 95, 'UK005', 'BK'),
	(5458, 95, 'UK006', 'BK'),
	(5459, 95, 'UK007', 'K'),
	(5460, 95, 'UK008', 'K'),
	(5461, 95, 'UK009', 'K'),
	(5462, 95, 'UK010', 'BK'),
	(5463, 95, 'UK011', 'BK'),
	(5464, 95, 'UK012', 'BK'),
	(5465, 95, 'UK013', 'BK'),
	(5466, 95, 'UK014', 'K'),
	(5467, 95, 'UK015', 'BK'),
	(5468, 95, 'UK016', 'BK'),
	(5469, 95, 'UK017', 'BK'),
	(5470, 95, 'UK018', 'BK'),
	(5471, 95, 'UK019', 'K'),
	(5472, 95, 'UK020', 'K'),
	(5473, 95, 'UK021', 'K'),
	(5474, 95, 'UK022', 'K'),
	(5475, 95, 'UK023', 'K'),
	(5476, 95, 'UK024', 'K'),
	(5477, 95, 'UK025', 'K'),
	(5478, 95, 'UK026', 'K'),
	(5479, 95, 'UK027', 'BK'),
	(5480, 95, 'UK028', 'BK'),
	(5481, 95, 'UK029', 'BK'),
	(5482, 95, 'UK030', 'BK'),
	(5483, 95, 'UK031', 'BK'),
	(5484, 95, 'UK032', 'BK'),
	(5485, 95, 'UK033', 'BK'),
	(5486, 95, 'UK034', 'K'),
	(5487, 95, 'UK035', 'K'),
	(5488, 95, 'UK036', 'BK'),
	(5489, 95, 'UK037', 'BK'),
	(5490, 95, 'UK038', 'K'),
	(5491, 95, 'UK039', 'BK'),
	(5492, 95, 'UK040', 'BK'),
	(5493, 95, 'UK041', 'BK'),
	(5494, 95, 'UK042', 'BK'),
	(5495, 95, 'UK043', 'K'),
	(5496, 95, 'UK044', 'BK'),
	(5497, 95, 'UK045', 'BK'),
	(5498, 95, 'UK046', 'BK'),
	(5499, 95, 'UK047', 'BK'),
	(5500, 95, 'UK048', 'K'),
	(5501, 95, 'UK049', 'BK'),
	(5502, 95, 'UK050', 'BK'),
	(5503, 95, 'UK051', 'K'),
	(5504, 95, 'UK052', 'BK'),
	(5505, 95, 'UK053', 'BK'),
	(5506, 95, 'UK054', 'K'),
	(5507, 95, 'UK055', 'K'),
	(5508, 95, 'UK056', 'BK'),
	(5509, 95, 'UK057', 'BK'),
	(5510, 95, 'UK058', 'BK'),
	(5511, 96, 'UK001', 'BK'),
	(5512, 96, 'UK002', 'BK'),
	(5513, 96, 'UK003', 'BK'),
	(5514, 96, 'UK004', 'BK'),
	(5515, 96, 'UK005', 'BK'),
	(5516, 96, 'UK006', 'K'),
	(5517, 96, 'UK007', 'K'),
	(5518, 96, 'UK008', 'K'),
	(5519, 96, 'UK009', 'K'),
	(5520, 96, 'UK010', 'BK'),
	(5521, 96, 'UK011', 'BK'),
	(5522, 96, 'UK012', 'BK'),
	(5523, 96, 'UK013', 'BK'),
	(5524, 96, 'UK014', 'K'),
	(5525, 96, 'UK015', 'BK'),
	(5526, 96, 'UK016', 'BK'),
	(5527, 96, 'UK017', 'BK'),
	(5528, 96, 'UK018', 'K'),
	(5529, 96, 'UK019', 'K'),
	(5530, 96, 'UK020', 'K'),
	(5531, 96, 'UK021', 'BK'),
	(5532, 96, 'UK022', 'K'),
	(5533, 96, 'UK023', 'K'),
	(5534, 96, 'UK024', 'K'),
	(5535, 96, 'UK025', 'K'),
	(5536, 96, 'UK026', 'BK'),
	(5537, 96, 'UK027', 'BK'),
	(5538, 96, 'UK028', 'BK'),
	(5539, 96, 'UK029', 'K'),
	(5540, 96, 'UK030', 'K'),
	(5541, 96, 'UK031', 'BK'),
	(5542, 96, 'UK032', 'BK'),
	(5543, 96, 'UK033', 'BK'),
	(5544, 96, 'UK034', 'BK'),
	(5545, 96, 'UK035', 'K'),
	(5546, 96, 'UK036', 'BK'),
	(5547, 96, 'UK037', 'BK'),
	(5548, 96, 'UK038', 'BK'),
	(5549, 96, 'UK039', 'BK'),
	(5550, 96, 'UK040', 'BK'),
	(5551, 96, 'UK041', 'BK'),
	(5552, 96, 'UK042', 'K'),
	(5553, 96, 'UK043', 'BK'),
	(5554, 96, 'UK044', 'BK'),
	(5555, 96, 'UK045', 'BK'),
	(5556, 96, 'UK046', 'K'),
	(5557, 96, 'UK047', 'K'),
	(5558, 96, 'UK048', 'BK'),
	(5559, 96, 'UK049', 'BK'),
	(5560, 96, 'UK050', 'BK'),
	(5561, 96, 'UK051', 'BK'),
	(5562, 96, 'UK052', 'BK'),
	(5563, 96, 'UK053', 'BK'),
	(5564, 96, 'UK054', 'BK'),
	(5565, 96, 'UK055', 'BK'),
	(5566, 96, 'UK056', 'K'),
	(5567, 96, 'UK057', 'BK'),
	(5568, 96, 'UK058', 'BK'),
	(5569, 97, 'UK001', 'BK'),
	(5570, 97, 'UK002', 'BK'),
	(5571, 97, 'UK003', 'BK'),
	(5572, 97, 'UK004', 'BK'),
	(5573, 97, 'UK005', 'BK'),
	(5574, 97, 'UK006', 'K'),
	(5575, 97, 'UK007', 'BK'),
	(5576, 97, 'UK008', 'K'),
	(5577, 97, 'UK009', 'BK'),
	(5578, 97, 'UK010', 'BK'),
	(5579, 97, 'UK011', 'BK'),
	(5580, 97, 'UK012', 'BK'),
	(5581, 97, 'UK013', 'BK'),
	(5582, 97, 'UK014', 'BK'),
	(5583, 97, 'UK015', 'BK'),
	(5584, 97, 'UK016', 'BK'),
	(5585, 97, 'UK017', 'BK'),
	(5586, 97, 'UK018', 'BK'),
	(5587, 97, 'UK019', 'K'),
	(5588, 97, 'UK020', 'K'),
	(5589, 97, 'UK021', 'K'),
	(5590, 97, 'UK022', 'K'),
	(5591, 97, 'UK023', 'BK'),
	(5592, 97, 'UK024', 'BK'),
	(5593, 97, 'UK025', 'K'),
	(5594, 97, 'UK026', 'BK'),
	(5595, 97, 'UK027', 'BK'),
	(5596, 97, 'UK028', 'BK'),
	(5597, 97, 'UK029', 'BK'),
	(5598, 97, 'UK030', 'BK'),
	(5599, 97, 'UK031', 'BK'),
	(5600, 97, 'UK032', 'K'),
	(5601, 97, 'UK033', 'BK'),
	(5602, 97, 'UK034', 'BK'),
	(5603, 97, 'UK035', 'K'),
	(5604, 97, 'UK036', 'K'),
	(5605, 97, 'UK037', 'BK'),
	(5606, 97, 'UK038', 'K'),
	(5607, 97, 'UK039', 'BK'),
	(5608, 97, 'UK040', 'BK'),
	(5609, 97, 'UK041', 'BK'),
	(5610, 97, 'UK042', 'BK'),
	(5611, 97, 'UK043', 'BK'),
	(5612, 97, 'UK044', 'BK'),
	(5613, 97, 'UK045', 'BK'),
	(5614, 97, 'UK046', 'BK'),
	(5615, 97, 'UK047', 'BK'),
	(5616, 97, 'UK048', 'BK'),
	(5617, 97, 'UK049', 'BK'),
	(5618, 97, 'UK050', 'BK'),
	(5619, 97, 'UK051', 'K'),
	(5620, 97, 'UK052', 'BK'),
	(5621, 97, 'UK053', 'K'),
	(5622, 97, 'UK054', 'BK'),
	(5623, 97, 'UK055', 'BK'),
	(5624, 97, 'UK056', 'BK'),
	(5625, 97, 'UK057', 'BK'),
	(5626, 97, 'UK058', 'BK'),
	(5627, 98, 'UK001', 'BK'),
	(5628, 98, 'UK002', 'BK'),
	(5629, 98, 'UK003', 'BK'),
	(5630, 98, 'UK004', 'BK'),
	(5631, 98, 'UK005', 'BK'),
	(5632, 98, 'UK006', 'K'),
	(5633, 98, 'UK007', 'BK'),
	(5634, 98, 'UK008', 'K'),
	(5635, 98, 'UK009', 'BK'),
	(5636, 98, 'UK010', 'K'),
	(5637, 98, 'UK011', 'BK'),
	(5638, 98, 'UK012', 'BK'),
	(5639, 98, 'UK013', 'BK'),
	(5640, 98, 'UK014', 'BK'),
	(5641, 98, 'UK015', 'BK'),
	(5642, 98, 'UK016', 'K'),
	(5643, 98, 'UK017', 'BK'),
	(5644, 98, 'UK018', 'BK'),
	(5645, 98, 'UK019', 'BK'),
	(5646, 98, 'UK020', 'BK'),
	(5647, 98, 'UK021', 'K'),
	(5648, 98, 'UK022', 'K'),
	(5649, 98, 'UK023', 'BK'),
	(5650, 98, 'UK024', 'BK'),
	(5651, 98, 'UK025', 'K'),
	(5652, 98, 'UK026', 'BK'),
	(5653, 98, 'UK027', 'BK'),
	(5654, 98, 'UK028', 'K'),
	(5655, 98, 'UK029', 'K'),
	(5656, 98, 'UK030', 'BK'),
	(5657, 98, 'UK031', 'K'),
	(5658, 98, 'UK032', 'K'),
	(5659, 98, 'UK033', 'K'),
	(5660, 98, 'UK034', 'BK'),
	(5661, 98, 'UK035', 'BK'),
	(5662, 98, 'UK036', 'BK'),
	(5663, 98, 'UK037', 'BK'),
	(5664, 98, 'UK038', 'BK'),
	(5665, 98, 'UK039', 'K'),
	(5666, 98, 'UK040', 'BK'),
	(5667, 98, 'UK041', 'BK'),
	(5668, 98, 'UK042', 'K'),
	(5669, 98, 'UK043', 'BK'),
	(5670, 98, 'UK044', 'BK'),
	(5671, 98, 'UK045', 'BK'),
	(5672, 98, 'UK046', 'BK'),
	(5673, 98, 'UK047', 'BK'),
	(5674, 98, 'UK048', 'BK'),
	(5675, 98, 'UK049', 'BK'),
	(5676, 98, 'UK050', 'BK'),
	(5677, 98, 'UK051', 'BK'),
	(5678, 98, 'UK052', 'BK'),
	(5679, 98, 'UK053', 'BK'),
	(5680, 98, 'UK054', 'BK'),
	(5681, 98, 'UK055', 'BK'),
	(5682, 98, 'UK056', 'BK'),
	(5683, 98, 'UK057', 'BK'),
	(5684, 98, 'UK058', 'BK'),
	(5685, 99, 'UK001', 'BK'),
	(5686, 99, 'UK002', 'BK'),
	(5687, 99, 'UK003', 'K'),
	(5688, 99, 'UK004', 'BK'),
	(5689, 99, 'UK005', 'BK'),
	(5690, 99, 'UK006', 'K'),
	(5691, 99, 'UK007', 'BK'),
	(5692, 99, 'UK008', 'K'),
	(5693, 99, 'UK009', 'BK'),
	(5694, 99, 'UK010', 'K'),
	(5695, 99, 'UK011', 'BK'),
	(5696, 99, 'UK012', 'BK'),
	(5697, 99, 'UK013', 'BK'),
	(5698, 99, 'UK014', 'BK'),
	(5699, 99, 'UK015', 'BK'),
	(5700, 99, 'UK016', 'BK'),
	(5701, 99, 'UK017', 'BK'),
	(5702, 99, 'UK018', 'BK'),
	(5703, 99, 'UK019', 'K'),
	(5704, 99, 'UK020', 'BK'),
	(5705, 99, 'UK021', 'K'),
	(5706, 99, 'UK022', 'K'),
	(5707, 99, 'UK023', 'K'),
	(5708, 99, 'UK024', 'K'),
	(5709, 99, 'UK025', 'K'),
	(5710, 99, 'UK026', 'BK'),
	(5711, 99, 'UK027', 'K'),
	(5712, 99, 'UK028', 'K'),
	(5713, 99, 'UK029', 'K'),
	(5714, 99, 'UK030', 'K'),
	(5715, 99, 'UK031', 'K'),
	(5716, 99, 'UK032', 'K'),
	(5717, 99, 'UK033', 'K'),
	(5718, 99, 'UK034', 'BK'),
	(5719, 99, 'UK035', 'BK'),
	(5720, 99, 'UK036', 'BK'),
	(5721, 99, 'UK037', 'BK'),
	(5722, 99, 'UK038', 'BK'),
	(5723, 99, 'UK039', 'BK'),
	(5724, 99, 'UK040', 'BK'),
	(5725, 99, 'UK041', 'BK'),
	(5726, 99, 'UK042', 'K'),
	(5727, 99, 'UK043', 'BK'),
	(5728, 99, 'UK044', 'K'),
	(5729, 99, 'UK045', 'BK'),
	(5730, 99, 'UK046', 'BK'),
	(5731, 99, 'UK047', 'BK'),
	(5732, 99, 'UK048', 'BK'),
	(5733, 99, 'UK049', 'BK'),
	(5734, 99, 'UK050', 'BK'),
	(5735, 99, 'UK051', 'BK'),
	(5736, 99, 'UK052', 'BK'),
	(5737, 99, 'UK053', 'BK'),
	(5738, 99, 'UK054', 'BK'),
	(5739, 99, 'UK055', 'BK'),
	(5740, 99, 'UK056', 'BK'),
	(5741, 99, 'UK057', 'BK'),
	(5742, 99, 'UK058', 'BK'),
	(5743, 100, 'UK001', 'BK'),
	(5744, 100, 'UK002', 'BK'),
	(5745, 100, 'UK003', 'K'),
	(5746, 100, 'UK004', 'K'),
	(5747, 100, 'UK005', 'BK'),
	(5748, 100, 'UK006', 'BK'),
	(5749, 100, 'UK007', 'K'),
	(5750, 100, 'UK008', 'K'),
	(5751, 100, 'UK009', 'K'),
	(5752, 100, 'UK010', 'BK'),
	(5753, 100, 'UK011', 'BK'),
	(5754, 100, 'UK012', 'K'),
	(5755, 100, 'UK013', 'K'),
	(5756, 100, 'UK014', 'BK'),
	(5757, 100, 'UK015', 'K'),
	(5758, 100, 'UK016', 'BK'),
	(5759, 100, 'UK017', 'BK'),
	(5760, 100, 'UK018', 'BK'),
	(5761, 100, 'UK019', 'K'),
	(5762, 100, 'UK020', 'BK'),
	(5763, 100, 'UK021', 'K'),
	(5764, 100, 'UK022', 'K'),
	(5765, 100, 'UK023', 'K'),
	(5766, 100, 'UK024', 'BK'),
	(5767, 100, 'UK025', 'BK'),
	(5768, 100, 'UK026', 'K'),
	(5769, 100, 'UK027', 'K'),
	(5770, 100, 'UK028', 'K'),
	(5771, 100, 'UK029', 'K'),
	(5772, 100, 'UK030', 'K'),
	(5773, 100, 'UK031', 'K'),
	(5774, 100, 'UK032', 'BK'),
	(5775, 100, 'UK033', 'K'),
	(5776, 100, 'UK034', 'BK'),
	(5777, 100, 'UK035', 'BK'),
	(5778, 100, 'UK036', 'BK'),
	(5779, 100, 'UK037', 'K'),
	(5780, 100, 'UK038', 'BK'),
	(5781, 100, 'UK039', 'BK'),
	(5782, 100, 'UK040', 'BK'),
	(5783, 100, 'UK041', 'BK'),
	(5784, 100, 'UK042', 'BK'),
	(5785, 100, 'UK043', 'BK'),
	(5786, 100, 'UK044', 'BK'),
	(5787, 100, 'UK045', 'BK'),
	(5788, 100, 'UK046', 'BK'),
	(5789, 100, 'UK047', 'BK'),
	(5790, 100, 'UK048', 'BK'),
	(5791, 100, 'UK049', 'BK'),
	(5792, 100, 'UK050', 'BK'),
	(5793, 100, 'UK051', 'BK'),
	(5794, 100, 'UK052', 'BK'),
	(5795, 100, 'UK053', 'BK'),
	(5796, 100, 'UK054', 'K'),
	(5797, 100, 'UK055', 'BK'),
	(5798, 100, 'UK056', 'BK'),
	(5799, 100, 'UK057', 'K'),
	(5800, 100, 'UK058', 'BK'),
	(5801, 101, 'UK001', 'BK'),
	(5802, 101, 'UK002', 'BK'),
	(5803, 101, 'UK003', 'K'),
	(5804, 101, 'UK004', 'BK'),
	(5805, 101, 'UK005', 'BK'),
	(5806, 101, 'UK006', 'K'),
	(5807, 101, 'UK007', 'BK'),
	(5808, 101, 'UK008', 'K'),
	(5809, 101, 'UK009', 'BK'),
	(5810, 101, 'UK010', 'BK'),
	(5811, 101, 'UK011', 'BK'),
	(5812, 101, 'UK012', 'BK'),
	(5813, 101, 'UK013', 'BK'),
	(5814, 101, 'UK014', 'BK'),
	(5815, 101, 'UK015', 'BK'),
	(5816, 101, 'UK016', 'BK'),
	(5817, 101, 'UK017', 'BK'),
	(5818, 101, 'UK018', 'BK'),
	(5819, 101, 'UK019', 'BK'),
	(5820, 101, 'UK020', 'BK'),
	(5821, 101, 'UK021', 'K'),
	(5822, 101, 'UK022', 'K'),
	(5823, 101, 'UK023', 'BK'),
	(5824, 101, 'UK024', 'BK'),
	(5825, 101, 'UK025', 'K'),
	(5826, 101, 'UK026', 'K'),
	(5827, 101, 'UK027', 'K'),
	(5828, 101, 'UK028', 'K'),
	(5829, 101, 'UK029', 'BK'),
	(5830, 101, 'UK030', 'K'),
	(5831, 101, 'UK031', 'K'),
	(5832, 101, 'UK032', 'K'),
	(5833, 101, 'UK033', 'K'),
	(5834, 101, 'UK034', 'BK'),
	(5835, 101, 'UK035', 'BK'),
	(5836, 101, 'UK036', 'BK'),
	(5837, 101, 'UK037', 'BK'),
	(5838, 101, 'UK038', 'BK'),
	(5839, 101, 'UK039', 'K'),
	(5840, 101, 'UK040', 'K'),
	(5841, 101, 'UK041', 'BK'),
	(5842, 101, 'UK042', 'BK'),
	(5843, 101, 'UK043', 'BK'),
	(5844, 101, 'UK044', 'BK'),
	(5845, 101, 'UK045', 'BK'),
	(5846, 101, 'UK046', 'BK'),
	(5847, 101, 'UK047', 'BK'),
	(5848, 101, 'UK048', 'BK'),
	(5849, 101, 'UK049', 'BK'),
	(5850, 101, 'UK050', 'BK'),
	(5851, 101, 'UK051', 'BK'),
	(5852, 101, 'UK052', 'BK'),
	(5853, 101, 'UK053', 'BK'),
	(5854, 101, 'UK054', 'BK'),
	(5855, 101, 'UK055', 'K'),
	(5856, 101, 'UK056', 'K'),
	(5857, 101, 'UK057', 'BK'),
	(5858, 101, 'UK058', 'BK'),
	(5859, 102, 'UK001', 'BK'),
	(5860, 102, 'UK002', 'BK'),
	(5861, 102, 'UK003', 'K'),
	(5862, 102, 'UK004', 'K'),
	(5863, 102, 'UK005', 'BK'),
	(5864, 102, 'UK006', 'K'),
	(5865, 102, 'UK007', 'K'),
	(5866, 102, 'UK008', 'K'),
	(5867, 102, 'UK009', 'K'),
	(5868, 102, 'UK010', 'BK'),
	(5869, 102, 'UK011', 'BK'),
	(5870, 102, 'UK012', 'BK'),
	(5871, 102, 'UK013', 'BK'),
	(5872, 102, 'UK014', 'BK'),
	(5873, 102, 'UK015', 'BK'),
	(5874, 102, 'UK016', 'BK'),
	(5875, 102, 'UK017', 'BK'),
	(5876, 102, 'UK018', 'K'),
	(5877, 102, 'UK019', 'K'),
	(5878, 102, 'UK020', 'BK'),
	(5879, 102, 'UK021', 'K'),
	(5880, 102, 'UK022', 'K'),
	(5881, 102, 'UK023', 'BK'),
	(5882, 102, 'UK024', 'BK'),
	(5883, 102, 'UK025', 'K'),
	(5884, 102, 'UK026', 'K'),
	(5885, 102, 'UK027', 'K'),
	(5886, 102, 'UK028', 'K'),
	(5887, 102, 'UK029', 'K'),
	(5888, 102, 'UK030', 'K'),
	(5889, 102, 'UK031', 'BK'),
	(5890, 102, 'UK032', 'K'),
	(5891, 102, 'UK033', 'BK'),
	(5892, 102, 'UK034', 'BK'),
	(5893, 102, 'UK035', 'BK'),
	(5894, 102, 'UK036', 'K'),
	(5895, 102, 'UK037', 'K'),
	(5896, 102, 'UK038', 'BK'),
	(5897, 102, 'UK039', 'BK'),
	(5898, 102, 'UK040', 'K'),
	(5899, 102, 'UK041', 'BK'),
	(5900, 102, 'UK042', 'BK'),
	(5901, 102, 'UK043', 'BK'),
	(5902, 102, 'UK044', 'BK'),
	(5903, 102, 'UK045', 'BK'),
	(5904, 102, 'UK046', 'BK'),
	(5905, 102, 'UK047', 'BK'),
	(5906, 102, 'UK048', 'BK'),
	(5907, 102, 'UK049', 'BK'),
	(5908, 102, 'UK050', 'BK'),
	(5909, 102, 'UK051', 'K'),
	(5910, 102, 'UK052', 'BK'),
	(5911, 102, 'UK053', 'BK'),
	(5912, 102, 'UK054', 'BK'),
	(5913, 102, 'UK055', 'BK'),
	(5914, 102, 'UK056', 'BK'),
	(5915, 102, 'UK057', 'BK'),
	(5916, 102, 'UK058', 'BK'),
	(5917, 103, 'UK001', 'K'),
	(5918, 103, 'UK002', 'BK'),
	(5919, 103, 'UK003', 'BK'),
	(5920, 103, 'UK004', 'BK'),
	(5921, 103, 'UK005', 'BK'),
	(5922, 103, 'UK006', 'K'),
	(5923, 103, 'UK007', 'BK'),
	(5924, 103, 'UK008', 'K'),
	(5925, 103, 'UK009', 'BK'),
	(5926, 103, 'UK010', 'K'),
	(5927, 103, 'UK011', 'BK'),
	(5928, 103, 'UK012', 'BK'),
	(5929, 103, 'UK013', 'BK'),
	(5930, 103, 'UK014', 'BK'),
	(5931, 103, 'UK015', 'BK'),
	(5932, 103, 'UK016', 'BK'),
	(5933, 103, 'UK017', 'BK'),
	(5934, 103, 'UK018', 'BK'),
	(5935, 103, 'UK019', 'K'),
	(5936, 103, 'UK020', 'BK'),
	(5937, 103, 'UK021', 'K'),
	(5938, 103, 'UK022', 'K'),
	(5939, 103, 'UK023', 'K'),
	(5940, 103, 'UK024', 'K'),
	(5941, 103, 'UK025', 'K'),
	(5942, 103, 'UK026', 'BK'),
	(5943, 103, 'UK027', 'BK'),
	(5944, 103, 'UK028', 'BK'),
	(5945, 103, 'UK029', 'K'),
	(5946, 103, 'UK030', 'K'),
	(5947, 103, 'UK031', 'BK'),
	(5948, 103, 'UK032', 'BK'),
	(5949, 103, 'UK033', 'BK'),
	(5950, 103, 'UK034', 'K'),
	(5951, 103, 'UK035', 'K'),
	(5952, 103, 'UK036', 'K'),
	(5953, 103, 'UK037', 'BK'),
	(5954, 103, 'UK038', 'K'),
	(5955, 103, 'UK039', 'BK'),
	(5956, 103, 'UK040', 'K'),
	(5957, 103, 'UK041', 'BK'),
	(5958, 103, 'UK042', 'BK'),
	(5959, 103, 'UK043', 'BK'),
	(5960, 103, 'UK044', 'BK'),
	(5961, 103, 'UK045', 'BK'),
	(5962, 103, 'UK046', 'K'),
	(5963, 103, 'UK047', 'BK'),
	(5964, 103, 'UK048', 'BK'),
	(5965, 103, 'UK049', 'BK'),
	(5966, 103, 'UK050', 'BK'),
	(5967, 103, 'UK051', 'BK'),
	(5968, 103, 'UK052', 'BK'),
	(5969, 103, 'UK053', 'K'),
	(5970, 103, 'UK054', 'BK'),
	(5971, 103, 'UK055', 'BK'),
	(5972, 103, 'UK056', 'BK'),
	(5973, 103, 'UK057', 'BK'),
	(5974, 103, 'UK058', 'K'),
	(5975, 104, 'UK001', 'K'),
	(5976, 104, 'UK002', 'BK'),
	(5977, 104, 'UK003', 'BK'),
	(5978, 104, 'UK004', 'BK'),
	(5979, 104, 'UK005', 'K'),
	(5980, 104, 'UK006', 'K'),
	(5981, 104, 'UK007', 'K'),
	(5982, 104, 'UK008', 'BK'),
	(5983, 104, 'UK009', 'K'),
	(5984, 104, 'UK010', 'BK'),
	(5985, 104, 'UK011', 'BK'),
	(5986, 104, 'UK012', 'BK'),
	(5987, 104, 'UK013', 'BK'),
	(5988, 104, 'UK014', 'BK'),
	(5989, 104, 'UK015', 'BK'),
	(5990, 104, 'UK016', 'BK'),
	(5991, 104, 'UK017', 'BK'),
	(5992, 104, 'UK018', 'BK'),
	(5993, 104, 'UK019', 'K'),
	(5994, 104, 'UK020', 'BK'),
	(5995, 104, 'UK021', 'K'),
	(5996, 104, 'UK022', 'K'),
	(5997, 104, 'UK023', 'K'),
	(5998, 104, 'UK024', 'K'),
	(5999, 104, 'UK025', 'K'),
	(6000, 104, 'UK026', 'BK'),
	(6001, 104, 'UK027', 'K'),
	(6002, 104, 'UK028', 'BK'),
	(6003, 104, 'UK029', 'K'),
	(6004, 104, 'UK030', 'K'),
	(6005, 104, 'UK031', 'BK'),
	(6006, 104, 'UK032', 'BK'),
	(6007, 104, 'UK033', 'BK'),
	(6008, 104, 'UK034', 'K'),
	(6009, 104, 'UK035', 'K'),
	(6010, 104, 'UK036', 'BK'),
	(6011, 104, 'UK037', 'BK'),
	(6012, 104, 'UK038', 'BK'),
	(6013, 104, 'UK039', 'BK'),
	(6014, 104, 'UK040', 'K'),
	(6015, 104, 'UK041', 'BK'),
	(6016, 104, 'UK042', 'BK'),
	(6017, 104, 'UK043', 'K'),
	(6018, 104, 'UK044', 'BK'),
	(6019, 104, 'UK045', 'BK'),
	(6020, 104, 'UK046', 'BK'),
	(6021, 104, 'UK047', 'BK'),
	(6022, 104, 'UK048', 'BK'),
	(6023, 104, 'UK049', 'K'),
	(6024, 104, 'UK050', 'BK'),
	(6025, 104, 'UK051', 'BK'),
	(6026, 104, 'UK052', 'BK'),
	(6027, 104, 'UK053', 'BK'),
	(6028, 104, 'UK054', 'BK'),
	(6029, 104, 'UK055', 'BK'),
	(6030, 104, 'UK056', 'BK'),
	(6031, 104, 'UK057', 'BK'),
	(6032, 104, 'UK058', 'BK'),
	(6033, 105, 'UK001', 'BK'),
	(6034, 105, 'UK002', 'BK'),
	(6035, 105, 'UK003', 'BK'),
	(6036, 105, 'UK004', 'BK'),
	(6037, 105, 'UK005', 'BK'),
	(6038, 105, 'UK006', 'BK'),
	(6039, 105, 'UK007', 'BK'),
	(6040, 105, 'UK008', 'K'),
	(6041, 105, 'UK009', 'BK'),
	(6042, 105, 'UK010', 'BK'),
	(6043, 105, 'UK011', 'BK'),
	(6044, 105, 'UK012', 'BK'),
	(6045, 105, 'UK013', 'BK'),
	(6046, 105, 'UK014', 'BK'),
	(6047, 105, 'UK015', 'BK'),
	(6048, 105, 'UK016', 'BK'),
	(6049, 105, 'UK017', 'K'),
	(6050, 105, 'UK018', 'BK'),
	(6051, 105, 'UK019', 'K'),
	(6052, 105, 'UK020', 'BK'),
	(6053, 105, 'UK021', 'K'),
	(6054, 105, 'UK022', 'K'),
	(6055, 105, 'UK023', 'BK'),
	(6056, 105, 'UK024', 'BK'),
	(6057, 105, 'UK025', 'K'),
	(6058, 105, 'UK026', 'BK'),
	(6059, 105, 'UK027', 'BK'),
	(6060, 105, 'UK028', 'BK'),
	(6061, 105, 'UK029', 'K'),
	(6062, 105, 'UK030', 'K'),
	(6063, 105, 'UK031', 'K'),
	(6064, 105, 'UK032', 'BK'),
	(6065, 105, 'UK033', 'BK'),
	(6066, 105, 'UK034', 'K'),
	(6067, 105, 'UK035', 'K'),
	(6068, 105, 'UK036', 'K'),
	(6069, 105, 'UK037', 'BK'),
	(6070, 105, 'UK038', 'BK'),
	(6071, 105, 'UK039', 'BK'),
	(6072, 105, 'UK040', 'BK'),
	(6073, 105, 'UK041', 'BK'),
	(6074, 105, 'UK042', 'BK'),
	(6075, 105, 'UK043', 'BK'),
	(6076, 105, 'UK044', 'BK'),
	(6077, 105, 'UK045', 'BK'),
	(6078, 105, 'UK046', 'BK'),
	(6079, 105, 'UK047', 'BK'),
	(6080, 105, 'UK048', 'BK'),
	(6081, 105, 'UK049', 'BK'),
	(6082, 105, 'UK050', 'BK'),
	(6083, 105, 'UK051', 'K'),
	(6084, 105, 'UK052', 'BK'),
	(6085, 105, 'UK053', 'BK'),
	(6086, 105, 'UK054', 'K'),
	(6087, 105, 'UK055', 'BK'),
	(6088, 105, 'UK056', 'K'),
	(6089, 105, 'UK057', 'BK'),
	(6090, 105, 'UK058', 'BK'),
	(6091, 106, 'UK001', 'BK'),
	(6092, 106, 'UK002', 'BK'),
	(6093, 106, 'UK003', 'BK'),
	(6094, 106, 'UK004', 'K'),
	(6095, 106, 'UK005', 'BK'),
	(6096, 106, 'UK006', 'BK'),
	(6097, 106, 'UK007', 'BK'),
	(6098, 106, 'UK008', 'BK'),
	(6099, 106, 'UK009', 'BK'),
	(6100, 106, 'UK010', 'BK'),
	(6101, 106, 'UK011', 'K'),
	(6102, 106, 'UK012', 'BK'),
	(6103, 106, 'UK013', 'BK'),
	(6104, 106, 'UK014', 'BK'),
	(6105, 106, 'UK015', 'BK'),
	(6106, 106, 'UK016', 'BK'),
	(6107, 106, 'UK017', 'BK'),
	(6108, 106, 'UK018', 'BK'),
	(6109, 106, 'UK019', 'K'),
	(6110, 106, 'UK020', 'BK'),
	(6111, 106, 'UK021', 'K'),
	(6112, 106, 'UK022', 'BK'),
	(6113, 106, 'UK023', 'K'),
	(6114, 106, 'UK024', 'K'),
	(6115, 106, 'UK025', 'K'),
	(6116, 106, 'UK026', 'BK'),
	(6117, 106, 'UK027', 'BK'),
	(6118, 106, 'UK028', 'BK'),
	(6119, 106, 'UK029', 'K'),
	(6120, 106, 'UK030', 'K'),
	(6121, 106, 'UK031', 'BK'),
	(6122, 106, 'UK032', 'BK'),
	(6123, 106, 'UK033', 'K'),
	(6124, 106, 'UK034', 'K'),
	(6125, 106, 'UK035', 'BK'),
	(6126, 106, 'UK036', 'BK'),
	(6127, 106, 'UK037', 'BK'),
	(6128, 106, 'UK038', 'BK'),
	(6129, 106, 'UK039', 'BK'),
	(6130, 106, 'UK040', 'BK'),
	(6131, 106, 'UK041', 'BK'),
	(6132, 106, 'UK042', 'BK'),
	(6133, 106, 'UK043', 'BK'),
	(6134, 106, 'UK044', 'BK'),
	(6135, 106, 'UK045', 'BK'),
	(6136, 106, 'UK046', 'BK'),
	(6137, 106, 'UK047', 'BK'),
	(6138, 106, 'UK048', 'BK'),
	(6139, 106, 'UK049', 'BK'),
	(6140, 106, 'UK050', 'BK'),
	(6141, 106, 'UK051', 'BK'),
	(6142, 106, 'UK052', 'BK'),
	(6143, 106, 'UK053', 'BK'),
	(6144, 106, 'UK054', 'K'),
	(6145, 106, 'UK055', 'BK'),
	(6146, 106, 'UK056', 'BK'),
	(6147, 106, 'UK057', 'BK'),
	(6148, 106, 'UK058', 'BK'),
	(6149, 107, 'UK001', 'K'),
	(6150, 107, 'UK002', 'BK'),
	(6151, 107, 'UK003', 'K'),
	(6152, 107, 'UK004', 'K'),
	(6153, 107, 'UK005', 'BK'),
	(6154, 107, 'UK006', 'BK'),
	(6155, 107, 'UK007', 'BK'),
	(6156, 107, 'UK008', 'K'),
	(6157, 107, 'UK009', 'K'),
	(6158, 107, 'UK010', 'BK'),
	(6159, 107, 'UK011', 'BK'),
	(6160, 107, 'UK012', 'BK'),
	(6161, 107, 'UK013', 'BK'),
	(6162, 107, 'UK014', 'K'),
	(6163, 107, 'UK015', 'BK'),
	(6164, 107, 'UK016', 'BK'),
	(6165, 107, 'UK017', 'BK'),
	(6166, 107, 'UK018', 'K'),
	(6167, 107, 'UK019', 'K'),
	(6168, 107, 'UK020', 'BK'),
	(6169, 107, 'UK021', 'K'),
	(6170, 107, 'UK022', 'K'),
	(6171, 107, 'UK023', 'K'),
	(6172, 107, 'UK024', 'K'),
	(6173, 107, 'UK025', 'BK'),
	(6174, 107, 'UK026', 'K'),
	(6175, 107, 'UK027', 'BK'),
	(6176, 107, 'UK028', 'BK'),
	(6177, 107, 'UK029', 'BK'),
	(6178, 107, 'UK030', 'K'),
	(6179, 107, 'UK031', 'BK'),
	(6180, 107, 'UK032', 'K'),
	(6181, 107, 'UK033', 'K'),
	(6182, 107, 'UK034', 'BK'),
	(6183, 107, 'UK035', 'K'),
	(6184, 107, 'UK036', 'BK'),
	(6185, 107, 'UK037', 'K'),
	(6186, 107, 'UK038', 'K'),
	(6187, 107, 'UK039', 'BK'),
	(6188, 107, 'UK040', 'BK'),
	(6189, 107, 'UK041', 'BK'),
	(6190, 107, 'UK042', 'BK'),
	(6191, 107, 'UK043', 'BK'),
	(6192, 107, 'UK044', 'K'),
	(6193, 107, 'UK045', 'BK'),
	(6194, 107, 'UK046', 'BK'),
	(6195, 107, 'UK047', 'BK'),
	(6196, 107, 'UK048', 'BK'),
	(6197, 107, 'UK049', 'BK'),
	(6198, 107, 'UK050', 'K'),
	(6199, 107, 'UK051', 'BK'),
	(6200, 107, 'UK052', 'BK'),
	(6201, 107, 'UK053', 'BK'),
	(6202, 107, 'UK054', 'BK'),
	(6203, 107, 'UK055', 'BK'),
	(6204, 107, 'UK056', 'BK'),
	(6205, 107, 'UK057', 'BK'),
	(6206, 107, 'UK058', 'K'),
	(6207, 108, 'UK001', 'K'),
	(6208, 108, 'UK002', 'K'),
	(6209, 108, 'UK003', 'K'),
	(6210, 108, 'UK004', 'BK'),
	(6211, 108, 'UK005', 'K'),
	(6212, 108, 'UK006', 'K'),
	(6213, 108, 'UK007', 'BK'),
	(6214, 108, 'UK008', 'K'),
	(6215, 108, 'UK009', 'K'),
	(6216, 108, 'UK010', 'BK'),
	(6217, 108, 'UK011', 'BK'),
	(6218, 108, 'UK012', 'K'),
	(6219, 108, 'UK013', 'BK'),
	(6220, 108, 'UK014', 'K'),
	(6221, 108, 'UK015', 'BK'),
	(6222, 108, 'UK016', 'K'),
	(6223, 108, 'UK017', 'BK'),
	(6224, 108, 'UK018', 'K'),
	(6225, 108, 'UK019', 'BK'),
	(6226, 108, 'UK020', 'BK'),
	(6227, 108, 'UK021', 'K'),
	(6228, 108, 'UK022', 'K'),
	(6229, 108, 'UK023', 'K'),
	(6230, 108, 'UK024', 'K'),
	(6231, 108, 'UK025', 'BK'),
	(6232, 108, 'UK026', 'BK'),
	(6233, 108, 'UK027', 'BK'),
	(6234, 108, 'UK028', 'BK'),
	(6235, 108, 'UK029', 'K'),
	(6236, 108, 'UK030', 'K'),
	(6237, 108, 'UK031', 'BK'),
	(6238, 108, 'UK032', 'BK'),
	(6239, 108, 'UK033', 'K'),
	(6240, 108, 'UK034', 'BK'),
	(6241, 108, 'UK035', 'BK'),
	(6242, 108, 'UK036', 'BK'),
	(6243, 108, 'UK037', 'K'),
	(6244, 108, 'UK038', 'K'),
	(6245, 108, 'UK039', 'BK'),
	(6246, 108, 'UK040', 'BK'),
	(6247, 108, 'UK041', 'BK'),
	(6248, 108, 'UK042', 'BK'),
	(6249, 108, 'UK043', 'BK'),
	(6250, 108, 'UK044', 'BK'),
	(6251, 108, 'UK045', 'K'),
	(6252, 108, 'UK046', 'BK'),
	(6253, 108, 'UK047', 'BK'),
	(6254, 108, 'UK048', 'BK'),
	(6255, 108, 'UK049', 'K'),
	(6256, 108, 'UK050', 'BK'),
	(6257, 108, 'UK051', 'BK'),
	(6258, 108, 'UK052', 'BK'),
	(6259, 108, 'UK053', 'BK'),
	(6260, 108, 'UK054', 'BK'),
	(6261, 108, 'UK055', 'BK'),
	(6262, 108, 'UK056', 'BK'),
	(6263, 108, 'UK057', 'BK'),
	(6264, 108, 'UK058', 'K'),
	(6265, 109, 'UK001', 'K'),
	(6266, 109, 'UK002', 'K'),
	(6267, 109, 'UK003', 'K'),
	(6268, 109, 'UK004', 'BK'),
	(6269, 109, 'UK005', 'BK'),
	(6270, 109, 'UK006', 'BK'),
	(6271, 109, 'UK007', 'BK'),
	(6272, 109, 'UK008', 'K'),
	(6273, 109, 'UK009', 'K'),
	(6274, 109, 'UK010', 'BK'),
	(6275, 109, 'UK011', 'BK'),
	(6276, 109, 'UK012', 'BK'),
	(6277, 109, 'UK013', 'K'),
	(6278, 109, 'UK014', 'BK'),
	(6279, 109, 'UK015', 'BK'),
	(6280, 109, 'UK016', 'BK'),
	(6281, 109, 'UK017', 'BK'),
	(6282, 109, 'UK018', 'BK'),
	(6283, 109, 'UK019', 'K'),
	(6284, 109, 'UK020', 'BK'),
	(6285, 109, 'UK021', 'K'),
	(6286, 109, 'UK022', 'BK'),
	(6287, 109, 'UK023', 'BK'),
	(6288, 109, 'UK024', 'BK'),
	(6289, 109, 'UK025', 'BK'),
	(6290, 109, 'UK026', 'K'),
	(6291, 109, 'UK027', 'BK'),
	(6292, 109, 'UK028', 'BK'),
	(6293, 109, 'UK029', 'BK'),
	(6294, 109, 'UK030', 'BK'),
	(6295, 109, 'UK031', 'BK'),
	(6296, 109, 'UK032', 'BK'),
	(6297, 109, 'UK033', 'BK'),
	(6298, 109, 'UK034', 'K'),
	(6299, 109, 'UK035', 'K'),
	(6300, 109, 'UK036', 'K'),
	(6301, 109, 'UK037', 'K'),
	(6302, 109, 'UK038', 'BK'),
	(6303, 109, 'UK039', 'BK'),
	(6304, 109, 'UK040', 'BK'),
	(6305, 109, 'UK041', 'BK'),
	(6306, 109, 'UK042', 'BK'),
	(6307, 109, 'UK043', 'BK'),
	(6308, 109, 'UK044', 'K'),
	(6309, 109, 'UK045', 'BK'),
	(6310, 109, 'UK046', 'K'),
	(6311, 109, 'UK047', 'BK'),
	(6312, 109, 'UK048', 'BK'),
	(6313, 109, 'UK049', 'BK'),
	(6314, 109, 'UK050', 'BK'),
	(6315, 109, 'UK051', 'BK'),
	(6316, 109, 'UK052', 'BK'),
	(6317, 109, 'UK053', 'BK'),
	(6318, 109, 'UK054', 'BK'),
	(6319, 109, 'UK055', 'BK'),
	(6320, 109, 'UK056', 'BK'),
	(6321, 109, 'UK057', 'BK'),
	(6322, 109, 'UK058', 'BK'),
	(6323, 110, 'UK001', 'BK'),
	(6324, 110, 'UK002', 'BK'),
	(6325, 110, 'UK003', 'BK'),
	(6326, 110, 'UK004', 'BK'),
	(6327, 110, 'UK005', 'BK'),
	(6328, 110, 'UK006', 'BK'),
	(6329, 110, 'UK007', 'BK'),
	(6330, 110, 'UK008', 'K'),
	(6331, 110, 'UK009', 'K'),
	(6332, 110, 'UK010', 'BK'),
	(6333, 110, 'UK011', 'K'),
	(6334, 110, 'UK012', 'BK'),
	(6335, 110, 'UK013', 'BK'),
	(6336, 110, 'UK014', 'BK'),
	(6337, 110, 'UK015', 'K'),
	(6338, 110, 'UK016', 'BK'),
	(6339, 110, 'UK017', 'K'),
	(6340, 110, 'UK018', 'BK'),
	(6341, 110, 'UK019', 'K'),
	(6342, 110, 'UK020', 'BK'),
	(6343, 110, 'UK021', 'K'),
	(6344, 110, 'UK022', 'K'),
	(6345, 110, 'UK023', 'K'),
	(6346, 110, 'UK024', 'BK'),
	(6347, 110, 'UK025', 'K'),
	(6348, 110, 'UK026', 'K'),
	(6349, 110, 'UK027', 'K'),
	(6350, 110, 'UK028', 'BK'),
	(6351, 110, 'UK029', 'BK'),
	(6352, 110, 'UK030', 'BK'),
	(6353, 110, 'UK031', 'BK'),
	(6354, 110, 'UK032', 'BK'),
	(6355, 110, 'UK033', 'K'),
	(6356, 110, 'UK034', 'BK'),
	(6357, 110, 'UK035', 'K'),
	(6358, 110, 'UK036', 'K'),
	(6359, 110, 'UK037', 'K'),
	(6360, 110, 'UK038', 'BK'),
	(6361, 110, 'UK039', 'BK'),
	(6362, 110, 'UK040', 'BK'),
	(6363, 110, 'UK041', 'BK'),
	(6364, 110, 'UK042', 'BK'),
	(6365, 110, 'UK043', 'BK'),
	(6366, 110, 'UK044', 'BK'),
	(6367, 110, 'UK045', 'BK'),
	(6368, 110, 'UK046', 'BK'),
	(6369, 110, 'UK047', 'BK'),
	(6370, 110, 'UK048', 'BK'),
	(6371, 110, 'UK049', 'BK'),
	(6372, 110, 'UK050', 'BK'),
	(6373, 110, 'UK051', 'K'),
	(6374, 110, 'UK052', 'BK'),
	(6375, 110, 'UK053', 'BK'),
	(6376, 110, 'UK054', 'BK'),
	(6377, 110, 'UK055', 'BK'),
	(6378, 110, 'UK056', 'BK'),
	(6379, 110, 'UK057', 'BK'),
	(6380, 110, 'UK058', 'BK'),
	(6381, 111, 'UK001', 'BK'),
	(6382, 111, 'UK002', 'BK'),
	(6383, 111, 'UK003', 'BK'),
	(6384, 111, 'UK004', 'BK'),
	(6385, 111, 'UK005', 'BK'),
	(6386, 111, 'UK006', 'BK'),
	(6387, 111, 'UK007', 'K'),
	(6388, 111, 'UK008', 'K'),
	(6389, 111, 'UK009', 'BK'),
	(6390, 111, 'UK010', 'BK'),
	(6391, 111, 'UK011', 'BK'),
	(6392, 111, 'UK012', 'BK'),
	(6393, 111, 'UK013', 'BK'),
	(6394, 111, 'UK014', 'BK'),
	(6395, 111, 'UK015', 'BK'),
	(6396, 111, 'UK016', 'BK'),
	(6397, 111, 'UK017', 'BK'),
	(6398, 111, 'UK018', 'BK'),
	(6399, 111, 'UK019', 'K'),
	(6400, 111, 'UK020', 'BK'),
	(6401, 111, 'UK021', 'K'),
	(6402, 111, 'UK022', 'BK'),
	(6403, 111, 'UK023', 'K'),
	(6404, 111, 'UK024', 'BK'),
	(6405, 111, 'UK025', 'K'),
	(6406, 111, 'UK026', 'BK'),
	(6407, 111, 'UK027', 'BK'),
	(6408, 111, 'UK028', 'K'),
	(6409, 111, 'UK029', 'BK'),
	(6410, 111, 'UK030', 'BK'),
	(6411, 111, 'UK031', 'BK'),
	(6412, 111, 'UK032', 'K'),
	(6413, 111, 'UK033', 'K'),
	(6414, 111, 'UK034', 'K'),
	(6415, 111, 'UK035', 'K'),
	(6416, 111, 'UK036', 'K'),
	(6417, 111, 'UK037', 'K'),
	(6418, 111, 'UK038', 'BK'),
	(6419, 111, 'UK039', 'BK'),
	(6420, 111, 'UK040', 'BK'),
	(6421, 111, 'UK041', 'BK'),
	(6422, 111, 'UK042', 'BK'),
	(6423, 111, 'UK043', 'BK'),
	(6424, 111, 'UK044', 'BK'),
	(6425, 111, 'UK045', 'BK'),
	(6426, 111, 'UK046', 'BK'),
	(6427, 111, 'UK047', 'BK'),
	(6428, 111, 'UK048', 'BK'),
	(6429, 111, 'UK049', 'BK'),
	(6430, 111, 'UK050', 'BK'),
	(6431, 111, 'UK051', 'BK'),
	(6432, 111, 'UK052', 'BK'),
	(6433, 111, 'UK053', 'BK'),
	(6434, 111, 'UK054', 'BK'),
	(6435, 111, 'UK055', 'BK'),
	(6436, 111, 'UK056', 'BK'),
	(6437, 111, 'UK057', 'BK'),
	(6438, 111, 'UK058', 'BK'),
	(6439, 112, 'UK001', 'BK'),
	(6440, 112, 'UK002', 'BK'),
	(6441, 112, 'UK003', 'BK'),
	(6442, 112, 'UK004', 'BK'),
	(6443, 112, 'UK005', 'BK'),
	(6444, 112, 'UK006', 'BK'),
	(6445, 112, 'UK007', 'BK'),
	(6446, 112, 'UK008', 'BK'),
	(6447, 112, 'UK009', 'K'),
	(6448, 112, 'UK010', 'BK'),
	(6449, 112, 'UK011', 'BK'),
	(6450, 112, 'UK012', 'BK'),
	(6451, 112, 'UK013', 'BK'),
	(6452, 112, 'UK014', 'BK'),
	(6453, 112, 'UK015', 'BK'),
	(6454, 112, 'UK016', 'BK'),
	(6455, 112, 'UK017', 'BK'),
	(6456, 112, 'UK018', 'BK'),
	(6457, 112, 'UK019', 'K'),
	(6458, 112, 'UK020', 'BK'),
	(6459, 112, 'UK021', 'K'),
	(6460, 112, 'UK022', 'K'),
	(6461, 112, 'UK023', 'BK'),
	(6462, 112, 'UK024', 'BK'),
	(6463, 112, 'UK025', 'BK'),
	(6464, 112, 'UK026', 'K'),
	(6465, 112, 'UK027', 'K'),
	(6466, 112, 'UK028', 'BK'),
	(6467, 112, 'UK029', 'K'),
	(6468, 112, 'UK030', 'K'),
	(6469, 112, 'UK031', 'BK'),
	(6470, 112, 'UK032', 'BK'),
	(6471, 112, 'UK033', 'BK'),
	(6472, 112, 'UK034', 'K'),
	(6473, 112, 'UK035', 'K'),
	(6474, 112, 'UK036', 'K'),
	(6475, 112, 'UK037', 'K'),
	(6476, 112, 'UK038', 'BK'),
	(6477, 112, 'UK039', 'BK'),
	(6478, 112, 'UK040', 'K'),
	(6479, 112, 'UK041', 'K'),
	(6480, 112, 'UK042', 'BK'),
	(6481, 112, 'UK043', 'BK'),
	(6482, 112, 'UK044', 'BK'),
	(6483, 112, 'UK045', 'BK'),
	(6484, 112, 'UK046', 'BK'),
	(6485, 112, 'UK047', 'BK'),
	(6486, 112, 'UK048', 'BK'),
	(6487, 112, 'UK049', 'BK'),
	(6488, 112, 'UK050', 'BK'),
	(6489, 112, 'UK051', 'BK'),
	(6490, 112, 'UK052', 'BK'),
	(6491, 112, 'UK053', 'BK'),
	(6492, 112, 'UK054', 'BK'),
	(6493, 112, 'UK055', 'BK'),
	(6494, 112, 'UK056', 'K'),
	(6495, 112, 'UK057', 'BK'),
	(6496, 112, 'UK058', 'BK'),
	(6497, 113, 'UK001', 'K'),
	(6498, 113, 'UK002', 'BK'),
	(6499, 113, 'UK003', 'BK'),
	(6500, 113, 'UK004', 'BK'),
	(6501, 113, 'UK005', 'BK'),
	(6502, 113, 'UK006', 'BK'),
	(6503, 113, 'UK007', 'BK'),
	(6504, 113, 'UK008', 'K'),
	(6505, 113, 'UK009', 'BK'),
	(6506, 113, 'UK010', 'BK'),
	(6507, 113, 'UK011', 'K'),
	(6508, 113, 'UK012', 'BK'),
	(6509, 113, 'UK013', 'BK'),
	(6510, 113, 'UK014', 'BK'),
	(6511, 113, 'UK015', 'BK'),
	(6512, 113, 'UK016', 'BK'),
	(6513, 113, 'UK017', 'BK'),
	(6514, 113, 'UK018', 'BK'),
	(6515, 113, 'UK019', 'K'),
	(6516, 113, 'UK020', 'BK'),
	(6517, 113, 'UK021', 'K'),
	(6518, 113, 'UK022', 'K'),
	(6519, 113, 'UK023', 'BK'),
	(6520, 113, 'UK024', 'BK'),
	(6521, 113, 'UK025', 'K'),
	(6522, 113, 'UK026', 'BK'),
	(6523, 113, 'UK027', 'BK'),
	(6524, 113, 'UK028', 'BK'),
	(6525, 113, 'UK029', 'BK'),
	(6526, 113, 'UK030', 'BK'),
	(6527, 113, 'UK031', 'BK'),
	(6528, 113, 'UK032', 'BK'),
	(6529, 113, 'UK033', 'BK'),
	(6530, 113, 'UK034', 'K'),
	(6531, 113, 'UK035', 'K'),
	(6532, 113, 'UK036', 'BK'),
	(6533, 113, 'UK037', 'K'),
	(6534, 113, 'UK038', 'BK'),
	(6535, 113, 'UK039', 'K'),
	(6536, 113, 'UK040', 'BK'),
	(6537, 113, 'UK041', 'BK'),
	(6538, 113, 'UK042', 'BK'),
	(6539, 113, 'UK043', 'BK'),
	(6540, 113, 'UK044', 'BK'),
	(6541, 113, 'UK045', 'BK'),
	(6542, 113, 'UK046', 'BK'),
	(6543, 113, 'UK047', 'BK'),
	(6544, 113, 'UK048', 'BK'),
	(6545, 113, 'UK049', 'BK'),
	(6546, 113, 'UK050', 'K'),
	(6547, 113, 'UK051', 'K'),
	(6548, 113, 'UK052', 'BK'),
	(6549, 113, 'UK053', 'BK'),
	(6550, 113, 'UK054', 'BK'),
	(6551, 113, 'UK055', 'BK'),
	(6552, 113, 'UK056', 'BK'),
	(6553, 113, 'UK057', 'BK'),
	(6554, 113, 'UK058', 'BK'),
	(6555, 114, 'UK001', 'BK'),
	(6556, 114, 'UK002', 'BK'),
	(6557, 114, 'UK003', 'BK'),
	(6558, 114, 'UK004', 'BK'),
	(6559, 114, 'UK005', 'BK'),
	(6560, 114, 'UK006', 'BK'),
	(6561, 114, 'UK007', 'BK'),
	(6562, 114, 'UK008', 'K'),
	(6563, 114, 'UK009', 'K'),
	(6564, 114, 'UK010', 'BK'),
	(6565, 114, 'UK011', 'BK'),
	(6566, 114, 'UK012', 'BK'),
	(6567, 114, 'UK013', 'BK'),
	(6568, 114, 'UK014', 'K'),
	(6569, 114, 'UK015', 'BK'),
	(6570, 114, 'UK016', 'BK'),
	(6571, 114, 'UK017', 'BK'),
	(6572, 114, 'UK018', 'BK'),
	(6573, 114, 'UK019', 'K'),
	(6574, 114, 'UK020', 'BK'),
	(6575, 114, 'UK021', 'K'),
	(6576, 114, 'UK022', 'BK'),
	(6577, 114, 'UK023', 'BK'),
	(6578, 114, 'UK024', 'BK'),
	(6579, 114, 'UK025', 'K'),
	(6580, 114, 'UK026', 'BK'),
	(6581, 114, 'UK027', 'BK'),
	(6582, 114, 'UK028', 'K'),
	(6583, 114, 'UK029', 'BK'),
	(6584, 114, 'UK030', 'BK'),
	(6585, 114, 'UK031', 'BK'),
	(6586, 114, 'UK032', 'BK'),
	(6587, 114, 'UK033', 'BK'),
	(6588, 114, 'UK034', 'K'),
	(6589, 114, 'UK035', 'K'),
	(6590, 114, 'UK036', 'K'),
	(6591, 114, 'UK037', 'K'),
	(6592, 114, 'UK038', 'BK'),
	(6593, 114, 'UK039', 'K'),
	(6594, 114, 'UK040', 'BK'),
	(6595, 114, 'UK041', 'BK'),
	(6596, 114, 'UK042', 'BK'),
	(6597, 114, 'UK043', 'K'),
	(6598, 114, 'UK044', 'BK'),
	(6599, 114, 'UK045', 'BK'),
	(6600, 114, 'UK046', 'BK'),
	(6601, 114, 'UK047', 'BK'),
	(6602, 114, 'UK048', 'BK'),
	(6603, 114, 'UK049', 'BK'),
	(6604, 114, 'UK050', 'BK'),
	(6605, 114, 'UK051', 'K'),
	(6606, 114, 'UK052', 'BK'),
	(6607, 114, 'UK053', 'K'),
	(6608, 114, 'UK054', 'K'),
	(6609, 114, 'UK055', 'BK'),
	(6610, 114, 'UK056', 'K'),
	(6611, 114, 'UK057', 'BK'),
	(6612, 114, 'UK058', 'BK'),
	(6613, 115, 'UK001', 'BK'),
	(6614, 115, 'UK002', 'BK'),
	(6615, 115, 'UK003', 'BK'),
	(6616, 115, 'UK004', 'K'),
	(6617, 115, 'UK005', 'BK'),
	(6618, 115, 'UK006', 'BK'),
	(6619, 115, 'UK007', 'BK'),
	(6620, 115, 'UK008', 'K'),
	(6621, 115, 'UK009', 'BK'),
	(6622, 115, 'UK010', 'K'),
	(6623, 115, 'UK011', 'BK'),
	(6624, 115, 'UK012', 'BK'),
	(6625, 115, 'UK013', 'BK'),
	(6626, 115, 'UK014', 'BK'),
	(6627, 115, 'UK015', 'BK'),
	(6628, 115, 'UK016', 'BK'),
	(6629, 115, 'UK017', 'BK'),
	(6630, 115, 'UK018', 'BK'),
	(6631, 115, 'UK019', 'K'),
	(6632, 115, 'UK020', 'BK'),
	(6633, 115, 'UK021', 'K'),
	(6634, 115, 'UK022', 'BK'),
	(6635, 115, 'UK023', 'BK'),
	(6636, 115, 'UK024', 'BK'),
	(6637, 115, 'UK025', 'K'),
	(6638, 115, 'UK026', 'BK'),
	(6639, 115, 'UK027', 'BK'),
	(6640, 115, 'UK028', 'BK'),
	(6641, 115, 'UK029', 'BK'),
	(6642, 115, 'UK030', 'BK'),
	(6643, 115, 'UK031', 'BK'),
	(6644, 115, 'UK032', 'BK'),
	(6645, 115, 'UK033', 'BK'),
	(6646, 115, 'UK034', 'K'),
	(6647, 115, 'UK035', 'K'),
	(6648, 115, 'UK036', 'K'),
	(6649, 115, 'UK037', 'K'),
	(6650, 115, 'UK038', 'BK'),
	(6651, 115, 'UK039', 'BK'),
	(6652, 115, 'UK040', 'BK'),
	(6653, 115, 'UK041', 'BK'),
	(6654, 115, 'UK042', 'BK'),
	(6655, 115, 'UK043', 'BK'),
	(6656, 115, 'UK044', 'BK'),
	(6657, 115, 'UK045', 'BK'),
	(6658, 115, 'UK046', 'BK'),
	(6659, 115, 'UK047', 'K'),
	(6660, 115, 'UK048', 'BK'),
	(6661, 115, 'UK049', 'BK'),
	(6662, 115, 'UK050', 'BK'),
	(6663, 115, 'UK051', 'BK'),
	(6664, 115, 'UK052', 'BK'),
	(6665, 115, 'UK053', 'K'),
	(6666, 115, 'UK054', 'BK'),
	(6667, 115, 'UK055', 'BK'),
	(6668, 115, 'UK056', 'BK'),
	(6669, 115, 'UK057', 'BK'),
	(6670, 115, 'UK058', 'BK'),
	(6671, 116, 'UK001', 'BK'),
	(6672, 116, 'UK002', 'BK'),
	(6673, 116, 'UK003', 'K'),
	(6674, 116, 'UK004', 'BK'),
	(6675, 116, 'UK005', 'BK'),
	(6676, 116, 'UK006', 'K'),
	(6677, 116, 'UK007', 'K'),
	(6678, 116, 'UK008', 'K'),
	(6679, 116, 'UK009', 'BK'),
	(6680, 116, 'UK010', 'BK'),
	(6681, 116, 'UK011', 'BK'),
	(6682, 116, 'UK012', 'K'),
	(6683, 116, 'UK013', 'BK'),
	(6684, 116, 'UK014', 'BK'),
	(6685, 116, 'UK015', 'BK'),
	(6686, 116, 'UK016', 'BK'),
	(6687, 116, 'UK017', 'BK'),
	(6688, 116, 'UK018', 'BK'),
	(6689, 116, 'UK019', 'K'),
	(6690, 116, 'UK020', 'K'),
	(6691, 116, 'UK021', 'K'),
	(6692, 116, 'UK022', 'BK'),
	(6693, 116, 'UK023', 'BK'),
	(6694, 116, 'UK024', 'K'),
	(6695, 116, 'UK025', 'K'),
	(6696, 116, 'UK026', 'K'),
	(6697, 116, 'UK027', 'BK'),
	(6698, 116, 'UK028', 'BK'),
	(6699, 116, 'UK029', 'K'),
	(6700, 116, 'UK030', 'K'),
	(6701, 116, 'UK031', 'K'),
	(6702, 116, 'UK032', 'K'),
	(6703, 116, 'UK033', 'BK'),
	(6704, 116, 'UK034', 'BK'),
	(6705, 116, 'UK035', 'K'),
	(6706, 116, 'UK036', 'BK'),
	(6707, 116, 'UK037', 'K'),
	(6708, 116, 'UK038', 'BK'),
	(6709, 116, 'UK039', 'K'),
	(6710, 116, 'UK040', 'BK'),
	(6711, 116, 'UK041', 'BK'),
	(6712, 116, 'UK042', 'BK'),
	(6713, 116, 'UK043', 'K'),
	(6714, 116, 'UK044', 'BK'),
	(6715, 116, 'UK045', 'BK'),
	(6716, 116, 'UK046', 'BK'),
	(6717, 116, 'UK047', 'BK'),
	(6718, 116, 'UK048', 'BK'),
	(6719, 116, 'UK049', 'BK'),
	(6720, 116, 'UK050', 'BK'),
	(6721, 116, 'UK051', 'BK'),
	(6722, 116, 'UK052', 'BK'),
	(6723, 116, 'UK053', 'BK'),
	(6724, 116, 'UK054', 'K'),
	(6725, 116, 'UK055', 'K'),
	(6726, 116, 'UK056', 'BK'),
	(6727, 116, 'UK057', 'BK'),
	(6728, 116, 'UK058', 'BK'),
	(6729, 117, 'UK001', 'K'),
	(6730, 117, 'UK002', 'BK'),
	(6731, 117, 'UK003', 'K'),
	(6732, 117, 'UK004', 'K'),
	(6733, 117, 'UK005', 'BK'),
	(6734, 117, 'UK006', 'K'),
	(6735, 117, 'UK007', 'BK'),
	(6736, 117, 'UK008', 'K'),
	(6737, 117, 'UK009', 'K'),
	(6738, 117, 'UK010', 'BK'),
	(6739, 117, 'UK011', 'BK'),
	(6740, 117, 'UK012', 'BK'),
	(6741, 117, 'UK013', 'BK'),
	(6742, 117, 'UK014', 'BK'),
	(6743, 117, 'UK015', 'BK'),
	(6744, 117, 'UK016', 'BK'),
	(6745, 117, 'UK017', 'BK'),
	(6746, 117, 'UK018', 'K'),
	(6747, 117, 'UK019', 'K'),
	(6748, 117, 'UK020', 'K'),
	(6749, 117, 'UK021', 'K'),
	(6750, 117, 'UK022', 'BK'),
	(6751, 117, 'UK023', 'BK'),
	(6752, 117, 'UK024', 'K'),
	(6753, 117, 'UK025', 'K'),
	(6754, 117, 'UK026', 'K'),
	(6755, 117, 'UK027', 'BK'),
	(6756, 117, 'UK028', 'BK'),
	(6757, 117, 'UK029', 'K'),
	(6758, 117, 'UK030', 'K'),
	(6759, 117, 'UK031', 'K'),
	(6760, 117, 'UK032', 'K'),
	(6761, 117, 'UK033', 'BK'),
	(6762, 117, 'UK034', 'BK'),
	(6763, 117, 'UK035', 'K'),
	(6764, 117, 'UK036', 'BK'),
	(6765, 117, 'UK037', 'BK'),
	(6766, 117, 'UK038', 'BK'),
	(6767, 117, 'UK039', 'K'),
	(6768, 117, 'UK040', 'BK'),
	(6769, 117, 'UK041', 'BK'),
	(6770, 117, 'UK042', 'K'),
	(6771, 117, 'UK043', 'BK'),
	(6772, 117, 'UK044', 'BK'),
	(6773, 117, 'UK045', 'BK'),
	(6774, 117, 'UK046', 'BK'),
	(6775, 117, 'UK047', 'BK'),
	(6776, 117, 'UK048', 'BK'),
	(6777, 117, 'UK049', 'BK'),
	(6778, 117, 'UK050', 'K'),
	(6779, 117, 'UK051', 'K'),
	(6780, 117, 'UK052', 'BK'),
	(6781, 117, 'UK053', 'BK'),
	(6782, 117, 'UK054', 'BK'),
	(6783, 117, 'UK055', 'K'),
	(6784, 117, 'UK056', 'BK'),
	(6785, 117, 'UK057', 'BK'),
	(6786, 117, 'UK058', 'BK'),
	(6787, 119, 'UK001', 'BK'),
	(6788, 119, 'UK002', 'K'),
	(6789, 119, 'UK003', 'K'),
	(6790, 119, 'UK004', 'BK'),
	(6791, 119, 'UK005', 'BK'),
	(6792, 119, 'UK006', 'K'),
	(6793, 119, 'UK007', 'BK'),
	(6794, 119, 'UK008', 'K'),
	(6795, 119, 'UK009', 'BK'),
	(6796, 119, 'UK010', 'BK'),
	(6797, 119, 'UK011', 'BK'),
	(6798, 119, 'UK012', 'BK'),
	(6799, 119, 'UK013', 'BK'),
	(6800, 119, 'UK014', 'BK'),
	(6801, 119, 'UK015', 'BK'),
	(6802, 119, 'UK016', 'BK'),
	(6803, 119, 'UK017', 'K'),
	(6804, 119, 'UK018', 'BK'),
	(6805, 119, 'UK019', 'K'),
	(6806, 119, 'UK020', 'K'),
	(6807, 119, 'UK021', 'K'),
	(6808, 119, 'UK022', 'BK'),
	(6809, 119, 'UK023', 'BK'),
	(6810, 119, 'UK024', 'K'),
	(6811, 119, 'UK025', 'K'),
	(6812, 119, 'UK026', 'K'),
	(6813, 119, 'UK027', 'BK'),
	(6814, 119, 'UK028', 'BK'),
	(6815, 119, 'UK029', 'K'),
	(6816, 119, 'UK030', 'K'),
	(6817, 119, 'UK031', 'BK'),
	(6818, 119, 'UK032', 'K'),
	(6819, 119, 'UK033', 'BK'),
	(6820, 119, 'UK034', 'K'),
	(6821, 119, 'UK035', 'K'),
	(6822, 119, 'UK036', 'BK'),
	(6823, 119, 'UK037', 'K'),
	(6824, 119, 'UK038', 'K'),
	(6825, 119, 'UK039', 'BK'),
	(6826, 119, 'UK040', 'BK'),
	(6827, 119, 'UK041', 'BK'),
	(6828, 119, 'UK042', 'BK'),
	(6829, 119, 'UK043', 'BK'),
	(6830, 119, 'UK044', 'BK'),
	(6831, 119, 'UK045', 'BK'),
	(6832, 119, 'UK046', 'BK'),
	(6833, 119, 'UK047', 'BK'),
	(6834, 119, 'UK048', 'BK'),
	(6835, 119, 'UK049', 'BK'),
	(6836, 119, 'UK050', 'BK'),
	(6837, 119, 'UK051', 'BK'),
	(6838, 119, 'UK052', 'BK'),
	(6839, 119, 'UK053', 'BK'),
	(6840, 119, 'UK054', 'BK'),
	(6841, 119, 'UK055', 'BK'),
	(6842, 119, 'UK056', 'BK'),
	(6843, 119, 'UK057', 'BK'),
	(6844, 119, 'UK058', 'BK'),
	(6845, 120, 'UK001', 'K'),
	(6846, 120, 'UK002', 'K'),
	(6847, 120, 'UK003', 'K'),
	(6848, 120, 'UK004', 'BK'),
	(6849, 120, 'UK005', 'BK'),
	(6850, 120, 'UK006', 'BK'),
	(6851, 120, 'UK007', 'BK'),
	(6852, 120, 'UK008', 'BK'),
	(6853, 120, 'UK009', 'BK'),
	(6854, 120, 'UK010', 'BK'),
	(6855, 120, 'UK011', 'BK'),
	(6856, 120, 'UK012', 'BK'),
	(6857, 120, 'UK013', 'BK'),
	(6858, 120, 'UK014', 'BK'),
	(6859, 120, 'UK015', 'K'),
	(6860, 120, 'UK016', 'BK'),
	(6861, 120, 'UK017', 'K'),
	(6862, 120, 'UK018', 'BK'),
	(6863, 120, 'UK019', 'BK'),
	(6864, 120, 'UK020', 'K'),
	(6865, 120, 'UK021', 'K'),
	(6866, 120, 'UK022', 'BK'),
	(6867, 120, 'UK023', 'BK'),
	(6868, 120, 'UK024', 'K'),
	(6869, 120, 'UK025', 'K'),
	(6870, 120, 'UK026', 'K'),
	(6871, 120, 'UK027', 'BK'),
	(6872, 120, 'UK028', 'BK'),
	(6873, 120, 'UK029', 'K'),
	(6874, 120, 'UK030', 'K'),
	(6875, 120, 'UK031', 'K'),
	(6876, 120, 'UK032', 'K'),
	(6877, 120, 'UK033', 'BK'),
	(6878, 120, 'UK034', 'BK'),
	(6879, 120, 'UK035', 'BK'),
	(6880, 120, 'UK036', 'BK'),
	(6881, 120, 'UK037', 'BK'),
	(6882, 120, 'UK038', 'BK'),
	(6883, 120, 'UK039', 'K'),
	(6884, 120, 'UK040', 'BK'),
	(6885, 120, 'UK041', 'BK'),
	(6886, 120, 'UK042', 'BK'),
	(6887, 120, 'UK043', 'BK'),
	(6888, 120, 'UK044', 'BK'),
	(6889, 120, 'UK045', 'BK'),
	(6890, 120, 'UK046', 'BK'),
	(6891, 120, 'UK047', 'BK'),
	(6892, 120, 'UK048', 'K'),
	(6893, 120, 'UK049', 'K'),
	(6894, 120, 'UK050', 'BK'),
	(6895, 120, 'UK051', 'BK'),
	(6896, 120, 'UK052', 'BK'),
	(6897, 120, 'UK053', 'K'),
	(6898, 120, 'UK054', 'K'),
	(6899, 120, 'UK055', 'BK'),
	(6900, 120, 'UK056', 'K'),
	(6901, 120, 'UK057', 'BK'),
	(6902, 120, 'UK058', 'K'),
	(6903, 121, 'UK001', 'BK'),
	(6904, 121, 'UK002', 'K'),
	(6905, 121, 'UK003', 'BK'),
	(6906, 121, 'UK004', 'BK'),
	(6907, 121, 'UK005', 'BK'),
	(6908, 121, 'UK006', 'K'),
	(6909, 121, 'UK007', 'BK'),
	(6910, 121, 'UK008', 'K'),
	(6911, 121, 'UK009', 'BK'),
	(6912, 121, 'UK010', 'BK'),
	(6913, 121, 'UK011', 'BK'),
	(6914, 121, 'UK012', 'K'),
	(6915, 121, 'UK013', 'BK'),
	(6916, 121, 'UK014', 'K'),
	(6917, 121, 'UK015', 'BK'),
	(6918, 121, 'UK016', 'BK'),
	(6919, 121, 'UK017', 'BK'),
	(6920, 121, 'UK018', 'BK'),
	(6921, 121, 'UK019', 'K'),
	(6922, 121, 'UK020', 'BK'),
	(6923, 121, 'UK021', 'K'),
	(6924, 121, 'UK022', 'BK'),
	(6925, 121, 'UK023', 'K'),
	(6926, 121, 'UK024', 'K'),
	(6927, 121, 'UK025', 'K'),
	(6928, 121, 'UK026', 'K'),
	(6929, 121, 'UK027', 'BK'),
	(6930, 121, 'UK028', 'K'),
	(6931, 121, 'UK029', 'K'),
	(6932, 121, 'UK030', 'K'),
	(6933, 121, 'UK031', 'K'),
	(6934, 121, 'UK032', 'K'),
	(6935, 121, 'UK033', 'BK'),
	(6936, 121, 'UK034', 'K'),
	(6937, 121, 'UK035', 'BK'),
	(6938, 121, 'UK036', 'BK'),
	(6939, 121, 'UK037', 'K'),
	(6940, 121, 'UK038', 'BK'),
	(6941, 121, 'UK039', 'K'),
	(6942, 121, 'UK040', 'BK'),
	(6943, 121, 'UK041', 'BK'),
	(6944, 121, 'UK042', 'K'),
	(6945, 121, 'UK043', 'BK'),
	(6946, 121, 'UK044', 'BK'),
	(6947, 121, 'UK045', 'BK'),
	(6948, 121, 'UK046', 'BK'),
	(6949, 121, 'UK047', 'BK'),
	(6950, 121, 'UK048', 'BK'),
	(6951, 121, 'UK049', 'BK'),
	(6952, 121, 'UK050', 'K'),
	(6953, 121, 'UK051', 'BK'),
	(6954, 121, 'UK052', 'BK'),
	(6955, 121, 'UK053', 'BK'),
	(6956, 121, 'UK054', 'BK'),
	(6957, 121, 'UK055', 'K'),
	(6958, 121, 'UK056', 'BK'),
	(6959, 121, 'UK057', 'BK'),
	(6960, 121, 'UK058', 'K'),
	(6961, 122, 'UK001', 'BK'),
	(6962, 122, 'UK002', 'BK'),
	(6963, 122, 'UK003', 'BK'),
	(6964, 122, 'UK004', 'K'),
	(6965, 122, 'UK005', 'BK'),
	(6966, 122, 'UK006', 'BK'),
	(6967, 122, 'UK007', 'BK'),
	(6968, 122, 'UK008', 'BK'),
	(6969, 122, 'UK009', 'K'),
	(6970, 122, 'UK010', 'BK'),
	(6971, 122, 'UK011', 'BK'),
	(6972, 122, 'UK012', 'BK'),
	(6973, 122, 'UK013', 'BK'),
	(6974, 122, 'UK014', 'BK'),
	(6975, 122, 'UK015', 'K'),
	(6976, 122, 'UK016', 'BK'),
	(6977, 122, 'UK017', 'BK'),
	(6978, 122, 'UK018', 'BK'),
	(6979, 122, 'UK019', 'BK'),
	(6980, 122, 'UK020', 'K'),
	(6981, 122, 'UK021', 'BK'),
	(6982, 122, 'UK022', 'BK'),
	(6983, 122, 'UK023', 'K'),
	(6984, 122, 'UK024', 'K'),
	(6985, 122, 'UK025', 'BK'),
	(6986, 122, 'UK026', 'BK'),
	(6987, 122, 'UK027', 'BK'),
	(6988, 122, 'UK028', 'BK'),
	(6989, 122, 'UK029', 'BK'),
	(6990, 122, 'UK030', 'K'),
	(6991, 122, 'UK031', 'BK'),
	(6992, 122, 'UK032', 'BK'),
	(6993, 122, 'UK033', 'BK'),
	(6994, 122, 'UK034', 'BK'),
	(6995, 122, 'UK035', 'BK'),
	(6996, 122, 'UK036', 'BK'),
	(6997, 122, 'UK037', 'K'),
	(6998, 122, 'UK038', 'BK'),
	(6999, 122, 'UK039', 'BK'),
	(7000, 122, 'UK040', 'BK'),
	(7001, 122, 'UK041', 'BK'),
	(7002, 122, 'UK042', 'K'),
	(7003, 122, 'UK043', 'K'),
	(7004, 122, 'UK044', 'BK'),
	(7005, 122, 'UK045', 'K'),
	(7006, 122, 'UK046', 'K'),
	(7007, 122, 'UK047', 'K'),
	(7008, 122, 'UK048', 'BK'),
	(7009, 122, 'UK049', 'BK'),
	(7010, 122, 'UK050', 'BK'),
	(7011, 122, 'UK051', 'BK'),
	(7012, 122, 'UK052', 'BK'),
	(7013, 122, 'UK053', 'BK'),
	(7014, 122, 'UK054', 'BK'),
	(7015, 122, 'UK055', 'BK'),
	(7016, 122, 'UK056', 'BK'),
	(7017, 122, 'UK057', 'K'),
	(7018, 122, 'UK058', 'K'),
	(7019, 123, 'UK001', 'K'),
	(7020, 123, 'UK002', 'BK'),
	(7021, 123, 'UK003', 'K'),
	(7022, 123, 'UK004', 'BK'),
	(7023, 123, 'UK005', 'K'),
	(7024, 123, 'UK006', 'BK'),
	(7025, 123, 'UK007', 'K'),
	(7026, 123, 'UK008', 'BK'),
	(7027, 123, 'UK009', 'BK'),
	(7028, 123, 'UK010', 'BK'),
	(7029, 123, 'UK011', 'BK'),
	(7030, 123, 'UK012', 'BK'),
	(7031, 123, 'UK013', 'BK'),
	(7032, 123, 'UK014', 'BK'),
	(7033, 123, 'UK015', 'BK'),
	(7034, 123, 'UK016', 'BK'),
	(7035, 123, 'UK017', 'BK'),
	(7036, 123, 'UK018', 'BK'),
	(7037, 123, 'UK019', 'BK'),
	(7038, 123, 'UK020', 'BK'),
	(7039, 123, 'UK021', 'BK'),
	(7040, 123, 'UK022', 'BK'),
	(7041, 123, 'UK023', 'BK'),
	(7042, 123, 'UK024', 'BK'),
	(7043, 123, 'UK025', 'BK'),
	(7044, 123, 'UK026', 'BK'),
	(7045, 123, 'UK027', 'BK'),
	(7046, 123, 'UK028', 'K'),
	(7047, 123, 'UK029', 'BK'),
	(7048, 123, 'UK030', 'K'),
	(7049, 123, 'UK031', 'BK'),
	(7050, 123, 'UK032', 'BK'),
	(7051, 123, 'UK033', 'BK'),
	(7052, 123, 'UK034', 'BK'),
	(7053, 123, 'UK035', 'BK'),
	(7054, 123, 'UK036', 'BK'),
	(7055, 123, 'UK037', 'BK'),
	(7056, 123, 'UK038', 'BK'),
	(7057, 123, 'UK039', 'BK'),
	(7058, 123, 'UK040', 'K'),
	(7059, 123, 'UK041', 'BK'),
	(7060, 123, 'UK042', 'K'),
	(7061, 123, 'UK043', 'BK'),
	(7062, 123, 'UK044', 'K'),
	(7063, 123, 'UK045', 'K'),
	(7064, 123, 'UK046', 'K'),
	(7065, 123, 'UK047', 'K'),
	(7066, 123, 'UK048', 'BK'),
	(7067, 123, 'UK049', 'BK'),
	(7068, 123, 'UK050', 'BK'),
	(7069, 123, 'UK051', 'BK'),
	(7070, 123, 'UK052', 'K'),
	(7071, 123, 'UK053', 'K'),
	(7072, 123, 'UK054', 'K'),
	(7073, 123, 'UK055', 'BK'),
	(7074, 123, 'UK056', 'BK'),
	(7075, 123, 'UK057', 'BK'),
	(7076, 123, 'UK058', 'K'),
	(7077, 124, 'UK001', 'BK'),
	(7078, 124, 'UK002', 'BK'),
	(7079, 124, 'UK003', 'BK'),
	(7080, 124, 'UK004', 'BK'),
	(7081, 124, 'UK005', 'BK'),
	(7082, 124, 'UK006', 'BK'),
	(7083, 124, 'UK007', 'BK'),
	(7084, 124, 'UK008', 'BK'),
	(7085, 124, 'UK009', 'BK'),
	(7086, 124, 'UK010', 'BK'),
	(7087, 124, 'UK011', 'BK'),
	(7088, 124, 'UK012', 'BK'),
	(7089, 124, 'UK013', 'BK'),
	(7090, 124, 'UK014', 'K'),
	(7091, 124, 'UK015', 'BK'),
	(7092, 124, 'UK016', 'K'),
	(7093, 124, 'UK017', 'BK'),
	(7094, 124, 'UK018', 'BK'),
	(7095, 124, 'UK019', 'BK'),
	(7096, 124, 'UK020', 'BK'),
	(7097, 124, 'UK021', 'BK'),
	(7098, 124, 'UK022', 'BK'),
	(7099, 124, 'UK023', 'BK'),
	(7100, 124, 'UK024', 'BK'),
	(7101, 124, 'UK025', 'K'),
	(7102, 124, 'UK026', 'BK'),
	(7103, 124, 'UK027', 'BK'),
	(7104, 124, 'UK028', 'BK'),
	(7105, 124, 'UK029', 'BK'),
	(7106, 124, 'UK030', 'BK'),
	(7107, 124, 'UK031', 'BK'),
	(7108, 124, 'UK032', 'BK'),
	(7109, 124, 'UK033', 'BK'),
	(7110, 124, 'UK034', 'BK'),
	(7111, 124, 'UK035', 'K'),
	(7112, 124, 'UK036', 'BK'),
	(7113, 124, 'UK037', 'BK'),
	(7114, 124, 'UK038', 'BK'),
	(7115, 124, 'UK039', 'K'),
	(7116, 124, 'UK040', 'K'),
	(7117, 124, 'UK041', 'BK'),
	(7118, 124, 'UK042', 'K'),
	(7119, 124, 'UK043', 'BK'),
	(7120, 124, 'UK044', 'BK'),
	(7121, 124, 'UK045', 'K'),
	(7122, 124, 'UK046', 'K'),
	(7123, 124, 'UK047', 'K'),
	(7124, 124, 'UK048', 'BK'),
	(7125, 124, 'UK049', 'BK'),
	(7126, 124, 'UK050', 'BK'),
	(7127, 124, 'UK051', 'K'),
	(7128, 124, 'UK052', 'BK'),
	(7129, 124, 'UK053', 'BK'),
	(7130, 124, 'UK054', 'BK'),
	(7131, 124, 'UK055', 'K'),
	(7132, 124, 'UK056', 'BK'),
	(7133, 124, 'UK057', 'K'),
	(7134, 124, 'UK058', 'K'),
	(7135, 125, 'UK001', 'BK'),
	(7136, 125, 'UK002', 'BK'),
	(7137, 125, 'UK003', 'K'),
	(7138, 125, 'UK004', 'BK'),
	(7139, 125, 'UK005', 'BK'),
	(7140, 125, 'UK006', 'BK'),
	(7141, 125, 'UK007', 'BK'),
	(7142, 125, 'UK008', 'BK'),
	(7143, 125, 'UK009', 'BK'),
	(7144, 125, 'UK010', 'K'),
	(7145, 125, 'UK011', 'BK'),
	(7146, 125, 'UK012', 'BK'),
	(7147, 125, 'UK013', 'BK'),
	(7148, 125, 'UK014', 'BK'),
	(7149, 125, 'UK015', 'BK'),
	(7150, 125, 'UK016', 'K'),
	(7151, 125, 'UK017', 'BK'),
	(7152, 125, 'UK018', 'BK'),
	(7153, 125, 'UK019', 'BK'),
	(7154, 125, 'UK020', 'BK'),
	(7155, 125, 'UK021', 'K'),
	(7156, 125, 'UK022', 'BK'),
	(7157, 125, 'UK023', 'BK'),
	(7158, 125, 'UK024', 'BK'),
	(7159, 125, 'UK025', 'BK'),
	(7160, 125, 'UK026', 'BK'),
	(7161, 125, 'UK027', 'BK'),
	(7162, 125, 'UK028', 'BK'),
	(7163, 125, 'UK029', 'BK'),
	(7164, 125, 'UK030', 'BK'),
	(7165, 125, 'UK031', 'BK'),
	(7166, 125, 'UK032', 'BK'),
	(7167, 125, 'UK033', 'BK'),
	(7168, 125, 'UK034', 'BK'),
	(7169, 125, 'UK035', 'BK'),
	(7170, 125, 'UK036', 'BK'),
	(7171, 125, 'UK037', 'BK'),
	(7172, 125, 'UK038', 'K'),
	(7173, 125, 'UK039', 'BK'),
	(7174, 125, 'UK040', 'K'),
	(7175, 125, 'UK041', 'K'),
	(7176, 125, 'UK042', 'K'),
	(7177, 125, 'UK043', 'K'),
	(7178, 125, 'UK044', 'BK'),
	(7179, 125, 'UK045', 'K'),
	(7180, 125, 'UK046', 'K'),
	(7181, 125, 'UK047', 'K'),
	(7182, 125, 'UK048', 'BK'),
	(7183, 125, 'UK049', 'BK'),
	(7184, 125, 'UK050', 'BK'),
	(7185, 125, 'UK051', 'K'),
	(7186, 125, 'UK052', 'K'),
	(7187, 125, 'UK053', 'BK'),
	(7188, 125, 'UK054', 'K'),
	(7189, 125, 'UK055', 'BK'),
	(7190, 125, 'UK056', 'BK'),
	(7191, 125, 'UK057', 'K'),
	(7192, 125, 'UK058', 'K'),
	(7193, 126, 'UK001', 'BK'),
	(7194, 126, 'UK002', 'K'),
	(7195, 126, 'UK003', 'BK'),
	(7196, 126, 'UK004', 'K'),
	(7197, 126, 'UK005', 'BK'),
	(7198, 126, 'UK006', 'BK'),
	(7199, 126, 'UK007', 'BK'),
	(7200, 126, 'UK008', 'K'),
	(7201, 126, 'UK009', 'BK'),
	(7202, 126, 'UK010', 'BK'),
	(7203, 126, 'UK011', 'BK'),
	(7204, 126, 'UK012', 'BK'),
	(7205, 126, 'UK013', 'BK'),
	(7206, 126, 'UK014', 'BK'),
	(7207, 126, 'UK015', 'K'),
	(7208, 126, 'UK016', 'BK'),
	(7209, 126, 'UK017', 'BK'),
	(7210, 126, 'UK018', 'BK'),
	(7211, 126, 'UK019', 'BK'),
	(7212, 126, 'UK020', 'BK'),
	(7213, 126, 'UK021', 'BK'),
	(7214, 126, 'UK022', 'K'),
	(7215, 126, 'UK023', 'BK'),
	(7216, 126, 'UK024', 'BK'),
	(7217, 126, 'UK025', 'K'),
	(7218, 126, 'UK026', 'K'),
	(7219, 126, 'UK027', 'K'),
	(7220, 126, 'UK028', 'BK'),
	(7221, 126, 'UK029', 'BK'),
	(7222, 126, 'UK030', 'BK'),
	(7223, 126, 'UK031', 'BK'),
	(7224, 126, 'UK032', 'BK'),
	(7225, 126, 'UK033', 'BK'),
	(7226, 126, 'UK034', 'BK'),
	(7227, 126, 'UK035', 'BK'),
	(7228, 126, 'UK036', 'BK'),
	(7229, 126, 'UK037', 'BK'),
	(7230, 126, 'UK038', 'BK'),
	(7231, 126, 'UK039', 'BK'),
	(7232, 126, 'UK040', 'K'),
	(7233, 126, 'UK041', 'BK'),
	(7234, 126, 'UK042', 'BK'),
	(7235, 126, 'UK043', 'BK'),
	(7236, 126, 'UK044', 'BK'),
	(7237, 126, 'UK045', 'BK'),
	(7238, 126, 'UK046', 'K'),
	(7239, 126, 'UK047', 'K'),
	(7240, 126, 'UK048', 'BK'),
	(7241, 126, 'UK049', 'BK'),
	(7242, 126, 'UK050', 'BK'),
	(7243, 126, 'UK051', 'BK'),
	(7244, 126, 'UK052', 'BK'),
	(7245, 126, 'UK053', 'BK'),
	(7246, 126, 'UK054', 'BK'),
	(7247, 126, 'UK055', 'K'),
	(7248, 126, 'UK056', 'BK'),
	(7249, 126, 'UK057', 'BK'),
	(7250, 126, 'UK058', 'K'),
	(7251, 127, 'UK001', 'K'),
	(7252, 127, 'UK002', 'K'),
	(7253, 127, 'UK003', 'BK'),
	(7254, 127, 'UK004', 'BK'),
	(7255, 127, 'UK005', 'BK'),
	(7256, 127, 'UK006', 'K'),
	(7257, 127, 'UK007', 'BK'),
	(7258, 127, 'UK008', 'K'),
	(7259, 127, 'UK009', 'BK'),
	(7260, 127, 'UK010', 'BK'),
	(7261, 127, 'UK011', 'K'),
	(7262, 127, 'UK012', 'BK'),
	(7263, 127, 'UK013', 'BK'),
	(7264, 127, 'UK014', 'BK'),
	(7265, 127, 'UK015', 'BK'),
	(7266, 127, 'UK016', 'BK'),
	(7267, 127, 'UK017', 'K'),
	(7268, 127, 'UK018', 'BK'),
	(7269, 127, 'UK019', 'BK'),
	(7270, 127, 'UK020', 'BK'),
	(7271, 127, 'UK021', 'BK'),
	(7272, 127, 'UK022', 'K'),
	(7273, 127, 'UK023', 'BK'),
	(7274, 127, 'UK024', 'BK'),
	(7275, 127, 'UK025', 'BK'),
	(7276, 127, 'UK026', 'BK'),
	(7277, 127, 'UK027', 'BK'),
	(7278, 127, 'UK028', 'BK'),
	(7279, 127, 'UK029', 'BK'),
	(7280, 127, 'UK030', 'BK'),
	(7281, 127, 'UK031', 'BK'),
	(7282, 127, 'UK032', 'BK'),
	(7283, 127, 'UK033', 'BK'),
	(7284, 127, 'UK034', 'BK'),
	(7285, 127, 'UK035', 'BK'),
	(7286, 127, 'UK036', 'K'),
	(7287, 127, 'UK037', 'BK'),
	(7288, 127, 'UK038', 'BK'),
	(7289, 127, 'UK039', 'BK'),
	(7290, 127, 'UK040', 'BK'),
	(7291, 127, 'UK041', 'K'),
	(7292, 127, 'UK042', 'K'),
	(7293, 127, 'UK043', 'BK'),
	(7294, 127, 'UK044', 'BK'),
	(7295, 127, 'UK045', 'K'),
	(7296, 127, 'UK046', 'K'),
	(7297, 127, 'UK047', 'K'),
	(7298, 127, 'UK048', 'BK'),
	(7299, 127, 'UK049', 'BK'),
	(7300, 127, 'UK050', 'BK'),
	(7301, 127, 'UK051', 'BK'),
	(7302, 127, 'UK052', 'BK'),
	(7303, 127, 'UK053', 'BK'),
	(7304, 127, 'UK054', 'K'),
	(7305, 127, 'UK055', 'BK'),
	(7306, 127, 'UK056', 'BK'),
	(7307, 127, 'UK057', 'BK'),
	(7308, 127, 'UK058', 'BK'),
	(7309, 128, 'UK001', 'K'),
	(7310, 128, 'UK002', 'BK'),
	(7311, 128, 'UK003', 'K'),
	(7312, 128, 'UK004', 'K'),
	(7313, 128, 'UK005', 'BK'),
	(7314, 128, 'UK006', 'BK'),
	(7315, 128, 'UK007', 'BK'),
	(7316, 128, 'UK008', 'BK'),
	(7317, 128, 'UK009', 'BK'),
	(7318, 128, 'UK010', 'BK'),
	(7319, 128, 'UK011', 'BK'),
	(7320, 128, 'UK012', 'BK'),
	(7321, 128, 'UK013', 'BK'),
	(7322, 128, 'UK014', 'BK'),
	(7323, 128, 'UK015', 'BK'),
	(7324, 128, 'UK016', 'K'),
	(7325, 128, 'UK017', 'BK'),
	(7326, 128, 'UK018', 'BK'),
	(7327, 128, 'UK019', 'K'),
	(7328, 128, 'UK020', 'BK'),
	(7329, 128, 'UK021', 'K'),
	(7330, 128, 'UK022', 'BK'),
	(7331, 128, 'UK023', 'BK'),
	(7332, 128, 'UK024', 'K'),
	(7333, 128, 'UK025', 'BK'),
	(7334, 128, 'UK026', 'K'),
	(7335, 128, 'UK027', 'BK'),
	(7336, 128, 'UK028', 'BK'),
	(7337, 128, 'UK029', 'K'),
	(7338, 128, 'UK030', 'K'),
	(7339, 128, 'UK031', 'BK'),
	(7340, 128, 'UK032', 'BK'),
	(7341, 128, 'UK033', 'BK'),
	(7342, 128, 'UK034', 'BK'),
	(7343, 128, 'UK035', 'K'),
	(7344, 128, 'UK036', 'BK'),
	(7345, 128, 'UK037', 'BK'),
	(7346, 128, 'UK038', 'BK'),
	(7347, 128, 'UK039', 'BK'),
	(7348, 128, 'UK040', 'K'),
	(7349, 128, 'UK041', 'K'),
	(7350, 128, 'UK042', 'K'),
	(7351, 128, 'UK043', 'K'),
	(7352, 128, 'UK044', 'K'),
	(7353, 128, 'UK045', 'K'),
	(7354, 128, 'UK046', 'K'),
	(7355, 128, 'UK047', 'K'),
	(7356, 128, 'UK048', 'K'),
	(7357, 128, 'UK049', 'BK'),
	(7358, 128, 'UK050', 'BK'),
	(7359, 128, 'UK051', 'BK'),
	(7360, 128, 'UK052', 'BK'),
	(7361, 128, 'UK053', 'BK'),
	(7362, 128, 'UK054', 'K'),
	(7363, 128, 'UK055', 'BK'),
	(7364, 128, 'UK056', 'BK'),
	(7365, 128, 'UK057', 'BK'),
	(7366, 128, 'UK058', 'BK'),
	(7367, 129, 'UK001', 'BK'),
	(7368, 129, 'UK002', 'BK'),
	(7369, 129, 'UK003', 'BK'),
	(7370, 129, 'UK004', 'BK'),
	(7371, 129, 'UK005', 'K'),
	(7372, 129, 'UK006', 'BK'),
	(7373, 129, 'UK007', 'BK'),
	(7374, 129, 'UK008', 'BK'),
	(7375, 129, 'UK009', 'BK'),
	(7376, 129, 'UK010', 'BK'),
	(7377, 129, 'UK011', 'BK'),
	(7378, 129, 'UK012', 'BK'),
	(7379, 129, 'UK013', 'K'),
	(7380, 129, 'UK014', 'BK'),
	(7381, 129, 'UK015', 'BK'),
	(7382, 129, 'UK016', 'BK'),
	(7383, 129, 'UK017', 'K'),
	(7384, 129, 'UK018', 'K'),
	(7385, 129, 'UK019', 'K'),
	(7386, 129, 'UK020', 'BK'),
	(7387, 129, 'UK021', 'K'),
	(7388, 129, 'UK022', 'BK'),
	(7389, 129, 'UK023', 'BK'),
	(7390, 129, 'UK024', 'K'),
	(7391, 129, 'UK025', 'K'),
	(7392, 129, 'UK026', 'K'),
	(7393, 129, 'UK027', 'BK'),
	(7394, 129, 'UK028', 'BK'),
	(7395, 129, 'UK029', 'K'),
	(7396, 129, 'UK030', 'K'),
	(7397, 129, 'UK031', 'BK'),
	(7398, 129, 'UK032', 'K'),
	(7399, 129, 'UK033', 'BK'),
	(7400, 129, 'UK034', 'BK'),
	(7401, 129, 'UK035', 'BK'),
	(7402, 129, 'UK036', 'BK'),
	(7403, 129, 'UK037', 'BK'),
	(7404, 129, 'UK038', 'BK'),
	(7405, 129, 'UK039', 'K'),
	(7406, 129, 'UK040', 'K'),
	(7407, 129, 'UK041', 'K'),
	(7408, 129, 'UK042', 'K'),
	(7409, 129, 'UK043', 'K'),
	(7410, 129, 'UK044', 'K'),
	(7411, 129, 'UK045', 'K'),
	(7412, 129, 'UK046', 'K'),
	(7413, 129, 'UK047', 'BK'),
	(7414, 129, 'UK048', 'BK'),
	(7415, 129, 'UK049', 'BK'),
	(7416, 129, 'UK050', 'K'),
	(7417, 129, 'UK051', 'BK'),
	(7418, 129, 'UK052', 'K'),
	(7419, 129, 'UK053', 'BK'),
	(7420, 129, 'UK054', 'BK'),
	(7421, 129, 'UK055', 'BK'),
	(7422, 129, 'UK056', 'BK'),
	(7423, 129, 'UK057', 'BK'),
	(7424, 129, 'UK058', 'BK'),
	(7425, 130, 'UK001', 'K'),
	(7426, 130, 'UK002', 'BK'),
	(7427, 130, 'UK003', 'K'),
	(7428, 130, 'UK004', 'BK'),
	(7429, 130, 'UK005', 'BK'),
	(7430, 130, 'UK006', 'BK'),
	(7431, 130, 'UK007', 'BK'),
	(7432, 130, 'UK008', 'BK'),
	(7433, 130, 'UK009', 'BK'),
	(7434, 130, 'UK010', 'BK'),
	(7435, 130, 'UK011', 'K'),
	(7436, 130, 'UK012', 'K'),
	(7437, 130, 'UK013', 'BK'),
	(7438, 130, 'UK014', 'BK'),
	(7439, 130, 'UK015', 'BK'),
	(7440, 130, 'UK016', 'BK'),
	(7441, 130, 'UK017', 'BK'),
	(7442, 130, 'UK018', 'BK'),
	(7443, 130, 'UK019', 'K'),
	(7444, 130, 'UK020', 'BK'),
	(7445, 130, 'UK021', 'K'),
	(7446, 130, 'UK022', 'BK'),
	(7447, 130, 'UK023', 'BK'),
	(7448, 130, 'UK024', 'K'),
	(7449, 130, 'UK025', 'BK'),
	(7450, 130, 'UK026', 'K'),
	(7451, 130, 'UK027', 'BK'),
	(7452, 130, 'UK028', 'BK'),
	(7453, 130, 'UK029', 'K'),
	(7454, 130, 'UK030', 'BK'),
	(7455, 130, 'UK031', 'BK'),
	(7456, 130, 'UK032', 'BK'),
	(7457, 130, 'UK033', 'BK'),
	(7458, 130, 'UK034', 'BK'),
	(7459, 130, 'UK035', 'K'),
	(7460, 130, 'UK036', 'K'),
	(7461, 130, 'UK037', 'BK'),
	(7462, 130, 'UK038', 'BK'),
	(7463, 130, 'UK039', 'BK'),
	(7464, 130, 'UK040', 'K'),
	(7465, 130, 'UK041', 'BK'),
	(7466, 130, 'UK042', 'K'),
	(7467, 130, 'UK043', 'K'),
	(7468, 130, 'UK044', 'K'),
	(7469, 130, 'UK045', 'K'),
	(7470, 130, 'UK046', 'K'),
	(7471, 130, 'UK047', 'BK'),
	(7472, 130, 'UK048', 'BK'),
	(7473, 130, 'UK049', 'BK'),
	(7474, 130, 'UK050', 'BK'),
	(7475, 130, 'UK051', 'BK'),
	(7476, 130, 'UK052', 'BK'),
	(7477, 130, 'UK053', 'BK'),
	(7478, 130, 'UK054', 'BK'),
	(7479, 130, 'UK055', 'BK'),
	(7480, 130, 'UK056', 'BK'),
	(7481, 130, 'UK057', 'BK'),
	(7482, 130, 'UK058', 'BK'),
	(7483, 131, 'UK001', 'K'),
	(7484, 131, 'UK002', 'K'),
	(7485, 131, 'UK003', 'BK'),
	(7486, 131, 'UK004', 'K'),
	(7487, 131, 'UK005', 'BK'),
	(7488, 131, 'UK006', 'BK'),
	(7489, 131, 'UK007', 'BK'),
	(7490, 131, 'UK008', 'BK'),
	(7491, 131, 'UK009', 'BK'),
	(7492, 131, 'UK010', 'K'),
	(7493, 131, 'UK011', 'BK'),
	(7494, 131, 'UK012', 'K'),
	(7495, 131, 'UK013', 'BK'),
	(7496, 131, 'UK014', 'BK'),
	(7497, 131, 'UK015', 'BK'),
	(7498, 131, 'UK016', 'BK'),
	(7499, 131, 'UK017', 'BK'),
	(7500, 131, 'UK018', 'BK'),
	(7501, 131, 'UK019', 'K'),
	(7502, 131, 'UK020', 'BK'),
	(7503, 131, 'UK021', 'BK'),
	(7504, 131, 'UK022', 'K'),
	(7505, 131, 'UK023', 'BK'),
	(7506, 131, 'UK024', 'K'),
	(7507, 131, 'UK025', 'BK'),
	(7508, 131, 'UK026', 'K'),
	(7509, 131, 'UK027', 'BK'),
	(7510, 131, 'UK028', 'BK'),
	(7511, 131, 'UK029', 'K'),
	(7512, 131, 'UK030', 'BK'),
	(7513, 131, 'UK031', 'BK'),
	(7514, 131, 'UK032', 'BK'),
	(7515, 131, 'UK033', 'BK'),
	(7516, 131, 'UK034', 'BK'),
	(7517, 131, 'UK035', 'BK'),
	(7518, 131, 'UK036', 'BK'),
	(7519, 131, 'UK037', 'BK'),
	(7520, 131, 'UK038', 'BK'),
	(7521, 131, 'UK039', 'BK'),
	(7522, 131, 'UK040', 'K'),
	(7523, 131, 'UK041', 'BK'),
	(7524, 131, 'UK042', 'K'),
	(7525, 131, 'UK043', 'K'),
	(7526, 131, 'UK044', 'K'),
	(7527, 131, 'UK045', 'K'),
	(7528, 131, 'UK046', 'K'),
	(7529, 131, 'UK047', 'K'),
	(7530, 131, 'UK048', 'K'),
	(7531, 131, 'UK049', 'BK'),
	(7532, 131, 'UK050', 'BK'),
	(7533, 131, 'UK051', 'K'),
	(7534, 131, 'UK052', 'BK'),
	(7535, 131, 'UK053', 'BK'),
	(7536, 131, 'UK054', 'BK'),
	(7537, 131, 'UK055', 'BK'),
	(7538, 131, 'UK056', 'BK'),
	(7539, 131, 'UK057', 'BK'),
	(7540, 131, 'UK058', 'BK'),
	(7541, 132, 'UK001', 'K'),
	(7542, 132, 'UK002', 'BK'),
	(7543, 132, 'UK003', 'K'),
	(7544, 132, 'UK004', 'BK'),
	(7545, 132, 'UK005', 'BK'),
	(7546, 132, 'UK006', 'BK'),
	(7547, 132, 'UK007', 'BK'),
	(7548, 132, 'UK008', 'K'),
	(7549, 132, 'UK009', 'BK'),
	(7550, 132, 'UK010', 'BK'),
	(7551, 132, 'UK011', 'BK'),
	(7552, 132, 'UK012', 'BK'),
	(7553, 132, 'UK013', 'BK'),
	(7554, 132, 'UK014', 'BK'),
	(7555, 132, 'UK015', 'BK'),
	(7556, 132, 'UK016', 'BK'),
	(7557, 132, 'UK017', 'BK'),
	(7558, 132, 'UK018', 'BK'),
	(7559, 132, 'UK019', 'BK'),
	(7560, 132, 'UK020', 'BK'),
	(7561, 132, 'UK021', 'K'),
	(7562, 132, 'UK022', 'BK'),
	(7563, 132, 'UK023', 'BK'),
	(7564, 132, 'UK024', 'BK'),
	(7565, 132, 'UK025', 'BK'),
	(7566, 132, 'UK026', 'K'),
	(7567, 132, 'UK027', 'BK'),
	(7568, 132, 'UK028', 'BK'),
	(7569, 132, 'UK029', 'K'),
	(7570, 132, 'UK030', 'K'),
	(7571, 132, 'UK031', 'K'),
	(7572, 132, 'UK032', 'K'),
	(7573, 132, 'UK033', 'K'),
	(7574, 132, 'UK034', 'BK'),
	(7575, 132, 'UK035', 'K'),
	(7576, 132, 'UK036', 'BK'),
	(7577, 132, 'UK037', 'BK'),
	(7578, 132, 'UK038', 'K'),
	(7579, 132, 'UK039', 'BK'),
	(7580, 132, 'UK040', 'K'),
	(7581, 132, 'UK041', 'K'),
	(7582, 132, 'UK042', 'K'),
	(7583, 132, 'UK043', 'K'),
	(7584, 132, 'UK044', 'K'),
	(7585, 132, 'UK045', 'K'),
	(7586, 132, 'UK046', 'K'),
	(7587, 132, 'UK047', 'K'),
	(7588, 132, 'UK048', 'K'),
	(7589, 132, 'UK049', 'BK'),
	(7590, 132, 'UK050', 'BK'),
	(7591, 132, 'UK051', 'BK'),
	(7592, 132, 'UK052', 'BK'),
	(7593, 132, 'UK053', 'K'),
	(7594, 132, 'UK054', 'K'),
	(7595, 132, 'UK055', 'BK'),
	(7596, 132, 'UK056', 'K'),
	(7597, 132, 'UK057', 'BK'),
	(7598, 132, 'UK058', 'BK'),
	(7599, 133, 'UK001', 'K'),
	(7600, 133, 'UK002', 'K'),
	(7601, 133, 'UK003', 'BK'),
	(7602, 133, 'UK004', 'BK'),
	(7603, 133, 'UK005', 'K'),
	(7604, 133, 'UK006', 'BK'),
	(7605, 133, 'UK007', 'BK'),
	(7606, 133, 'UK008', 'BK'),
	(7607, 133, 'UK009', 'K'),
	(7608, 133, 'UK010', 'BK'),
	(7609, 133, 'UK011', 'BK'),
	(7610, 133, 'UK012', 'BK'),
	(7611, 133, 'UK013', 'BK'),
	(7612, 133, 'UK014', 'BK'),
	(7613, 133, 'UK015', 'BK'),
	(7614, 133, 'UK016', 'BK'),
	(7615, 133, 'UK017', 'K'),
	(7616, 133, 'UK018', 'BK'),
	(7617, 133, 'UK019', 'K'),
	(7618, 133, 'UK020', 'BK'),
	(7619, 133, 'UK021', 'K'),
	(7620, 133, 'UK022', 'BK'),
	(7621, 133, 'UK023', 'BK'),
	(7622, 133, 'UK024', 'K'),
	(7623, 133, 'UK025', 'K'),
	(7624, 133, 'UK026', 'BK'),
	(7625, 133, 'UK027', 'BK'),
	(7626, 133, 'UK028', 'K'),
	(7627, 133, 'UK029', 'K'),
	(7628, 133, 'UK030', 'K'),
	(7629, 133, 'UK031', 'BK'),
	(7630, 133, 'UK032', 'BK'),
	(7631, 133, 'UK033', 'BK'),
	(7632, 133, 'UK034', 'BK'),
	(7633, 133, 'UK035', 'K'),
	(7634, 133, 'UK036', 'K'),
	(7635, 133, 'UK037', 'BK'),
	(7636, 133, 'UK038', 'BK'),
	(7637, 133, 'UK039', 'BK'),
	(7638, 133, 'UK040', 'K'),
	(7639, 133, 'UK041', 'K'),
	(7640, 133, 'UK042', 'BK'),
	(7641, 133, 'UK043', 'K'),
	(7642, 133, 'UK044', 'K'),
	(7643, 133, 'UK045', 'K'),
	(7644, 133, 'UK046', 'K'),
	(7645, 133, 'UK047', 'K'),
	(7646, 133, 'UK048', 'K'),
	(7647, 133, 'UK049', 'BK'),
	(7648, 133, 'UK050', 'K'),
	(7649, 133, 'UK051', 'BK'),
	(7650, 133, 'UK052', 'BK'),
	(7651, 133, 'UK053', 'BK'),
	(7652, 133, 'UK054', 'BK'),
	(7653, 133, 'UK055', 'BK'),
	(7654, 133, 'UK056', 'BK'),
	(7655, 133, 'UK057', 'BK'),
	(7656, 133, 'UK058', 'BK'),
	(7657, 134, 'UK001', 'K'),
	(7658, 134, 'UK002', 'BK'),
	(7659, 134, 'UK003', 'K'),
	(7660, 134, 'UK004', 'BK'),
	(7661, 134, 'UK005', 'K'),
	(7662, 134, 'UK006', 'BK'),
	(7663, 134, 'UK007', 'BK'),
	(7664, 134, 'UK008', 'BK'),
	(7665, 134, 'UK009', 'BK'),
	(7666, 134, 'UK010', 'BK'),
	(7667, 134, 'UK011', 'BK'),
	(7668, 134, 'UK012', 'BK'),
	(7669, 134, 'UK013', 'BK'),
	(7670, 134, 'UK014', 'K'),
	(7671, 134, 'UK015', 'BK'),
	(7672, 134, 'UK016', 'BK'),
	(7673, 134, 'UK017', 'BK'),
	(7674, 134, 'UK018', 'BK'),
	(7675, 134, 'UK019', 'K'),
	(7676, 134, 'UK020', 'BK'),
	(7677, 134, 'UK021', 'K'),
	(7678, 134, 'UK022', 'BK'),
	(7679, 134, 'UK023', 'K'),
	(7680, 134, 'UK024', 'K'),
	(7681, 134, 'UK025', 'BK'),
	(7682, 134, 'UK026', 'K'),
	(7683, 134, 'UK027', 'BK'),
	(7684, 134, 'UK028', 'K'),
	(7685, 134, 'UK029', 'K'),
	(7686, 134, 'UK030', 'BK'),
	(7687, 134, 'UK031', 'BK'),
	(7688, 134, 'UK032', 'BK'),
	(7689, 134, 'UK033', 'K'),
	(7690, 134, 'UK034', 'BK'),
	(7691, 134, 'UK035', 'K'),
	(7692, 134, 'UK036', 'BK'),
	(7693, 134, 'UK037', 'BK'),
	(7694, 134, 'UK038', 'K'),
	(7695, 134, 'UK039', 'BK'),
	(7696, 134, 'UK040', 'K'),
	(7697, 134, 'UK041', 'K'),
	(7698, 134, 'UK042', 'K'),
	(7699, 134, 'UK043', 'K'),
	(7700, 134, 'UK044', 'K'),
	(7701, 134, 'UK045', 'K'),
	(7702, 134, 'UK046', 'K'),
	(7703, 134, 'UK047', 'K'),
	(7704, 134, 'UK048', 'K'),
	(7705, 134, 'UK049', 'BK'),
	(7706, 134, 'UK050', 'BK'),
	(7707, 134, 'UK051', 'BK'),
	(7708, 134, 'UK052', 'BK'),
	(7709, 134, 'UK053', 'BK'),
	(7710, 134, 'UK054', 'BK'),
	(7711, 134, 'UK055', 'BK'),
	(7712, 134, 'UK056', 'BK'),
	(7713, 134, 'UK057', 'K'),
	(7714, 134, 'UK058', 'K'),
	(7715, 135, 'UK001', 'BK'),
	(7716, 135, 'UK002', 'K'),
	(7717, 135, 'UK003', 'K'),
	(7718, 135, 'UK004', 'BK'),
	(7719, 135, 'UK005', 'K'),
	(7720, 135, 'UK006', 'BK'),
	(7721, 135, 'UK007', 'K'),
	(7722, 135, 'UK008', 'K'),
	(7723, 135, 'UK009', 'BK'),
	(7724, 135, 'UK010', 'K'),
	(7725, 135, 'UK011', 'BK'),
	(7726, 135, 'UK012', 'K'),
	(7727, 135, 'UK013', 'BK'),
	(7728, 135, 'UK014', 'K'),
	(7729, 135, 'UK015', 'BK'),
	(7730, 135, 'UK016', 'BK'),
	(7731, 135, 'UK017', 'BK'),
	(7732, 135, 'UK018', 'BK'),
	(7733, 135, 'UK019', 'BK'),
	(7734, 135, 'UK020', 'K'),
	(7735, 135, 'UK021', 'K'),
	(7736, 135, 'UK022', 'K'),
	(7737, 135, 'UK023', 'K'),
	(7738, 135, 'UK024', 'BK'),
	(7739, 135, 'UK025', 'K'),
	(7740, 135, 'UK026', 'BK'),
	(7741, 135, 'UK027', 'K'),
	(7742, 135, 'UK028', 'K'),
	(7743, 135, 'UK029', 'BK'),
	(7744, 135, 'UK030', 'K'),
	(7745, 135, 'UK031', 'BK'),
	(7746, 135, 'UK032', 'K'),
	(7747, 135, 'UK033', 'BK'),
	(7748, 135, 'UK034', 'BK'),
	(7749, 135, 'UK035', 'BK'),
	(7750, 135, 'UK036', 'BK'),
	(7751, 135, 'UK037', 'K'),
	(7752, 135, 'UK038', 'BK'),
	(7753, 135, 'UK039', 'BK'),
	(7754, 135, 'UK040', 'BK'),
	(7755, 135, 'UK041', 'BK'),
	(7756, 135, 'UK042', 'K'),
	(7757, 135, 'UK043', 'K'),
	(7758, 135, 'UK044', 'BK'),
	(7759, 135, 'UK045', 'BK'),
	(7760, 135, 'UK046', 'BK'),
	(7761, 135, 'UK047', 'K'),
	(7762, 135, 'UK048', 'BK'),
	(7763, 135, 'UK049', 'K'),
	(7764, 135, 'UK050', 'K'),
	(7765, 135, 'UK051', 'K'),
	(7766, 135, 'UK052', 'K'),
	(7767, 135, 'UK053', 'BK'),
	(7768, 135, 'UK054', 'BK'),
	(7769, 135, 'UK055', 'BK'),
	(7770, 135, 'UK056', 'K'),
	(7771, 135, 'UK057', 'BK'),
	(7772, 135, 'UK058', 'BK'),
	(7773, 136, 'UK001', 'BK'),
	(7774, 136, 'UK002', 'K'),
	(7775, 136, 'UK003', 'K'),
	(7776, 136, 'UK004', 'BK'),
	(7777, 136, 'UK005', 'K'),
	(7778, 136, 'UK006', 'K'),
	(7779, 136, 'UK007', 'BK'),
	(7780, 136, 'UK008', 'K'),
	(7781, 136, 'UK009', 'BK'),
	(7782, 136, 'UK010', 'BK'),
	(7783, 136, 'UK011', 'BK'),
	(7784, 136, 'UK012', 'BK'),
	(7785, 136, 'UK013', 'BK'),
	(7786, 136, 'UK014', 'BK'),
	(7787, 136, 'UK015', 'BK'),
	(7788, 136, 'UK016', 'BK'),
	(7789, 136, 'UK017', 'BK'),
	(7790, 136, 'UK018', 'BK'),
	(7791, 136, 'UK019', 'K'),
	(7792, 136, 'UK020', 'BK'),
	(7793, 136, 'UK021', 'BK'),
	(7794, 136, 'UK022', 'BK'),
	(7795, 136, 'UK023', 'K'),
	(7796, 136, 'UK024', 'BK'),
	(7797, 136, 'UK025', 'BK'),
	(7798, 136, 'UK026', 'BK'),
	(7799, 136, 'UK027', 'K'),
	(7800, 136, 'UK028', 'K'),
	(7801, 136, 'UK029', 'K'),
	(7802, 136, 'UK030', 'K'),
	(7803, 136, 'UK031', 'BK'),
	(7804, 136, 'UK032', 'K'),
	(7805, 136, 'UK033', 'BK'),
	(7806, 136, 'UK034', 'K'),
	(7807, 136, 'UK035', 'BK'),
	(7808, 136, 'UK036', 'BK'),
	(7809, 136, 'UK037', 'K'),
	(7810, 136, 'UK038', 'BK'),
	(7811, 136, 'UK039', 'K'),
	(7812, 136, 'UK040', 'BK'),
	(7813, 136, 'UK041', 'BK'),
	(7814, 136, 'UK042', 'BK'),
	(7815, 136, 'UK043', 'BK'),
	(7816, 136, 'UK044', 'BK'),
	(7817, 136, 'UK045', 'BK'),
	(7818, 136, 'UK046', 'K'),
	(7819, 136, 'UK047', 'BK'),
	(7820, 136, 'UK048', 'BK'),
	(7821, 136, 'UK049', 'K'),
	(7822, 136, 'UK050', 'K'),
	(7823, 136, 'UK051', 'K'),
	(7824, 136, 'UK052', 'K'),
	(7825, 136, 'UK053', 'K'),
	(7826, 136, 'UK054', 'BK'),
	(7827, 136, 'UK055', 'BK'),
	(7828, 136, 'UK056', 'BK'),
	(7829, 136, 'UK057', 'BK'),
	(7830, 136, 'UK058', 'K'),
	(7831, 137, 'UK001', 'BK'),
	(7832, 137, 'UK002', 'K'),
	(7833, 137, 'UK003', 'K'),
	(7834, 137, 'UK004', 'BK'),
	(7835, 137, 'UK005', 'K'),
	(7836, 137, 'UK006', 'K'),
	(7837, 137, 'UK007', 'K'),
	(7838, 137, 'UK008', 'BK'),
	(7839, 137, 'UK009', 'BK'),
	(7840, 137, 'UK010', 'BK'),
	(7841, 137, 'UK011', 'BK'),
	(7842, 137, 'UK012', 'BK'),
	(7843, 137, 'UK013', 'K'),
	(7844, 137, 'UK014', 'K'),
	(7845, 137, 'UK015', 'BK'),
	(7846, 137, 'UK016', 'BK'),
	(7847, 137, 'UK017', 'BK'),
	(7848, 137, 'UK018', 'BK'),
	(7849, 137, 'UK019', 'BK'),
	(7850, 137, 'UK020', 'K'),
	(7851, 137, 'UK021', 'BK'),
	(7852, 137, 'UK022', 'K'),
	(7853, 137, 'UK023', 'K'),
	(7854, 137, 'UK024', 'BK'),
	(7855, 137, 'UK025', 'BK'),
	(7856, 137, 'UK026', 'BK'),
	(7857, 137, 'UK027', 'K'),
	(7858, 137, 'UK028', 'K'),
	(7859, 137, 'UK029', 'BK'),
	(7860, 137, 'UK030', 'K'),
	(7861, 137, 'UK031', 'K'),
	(7862, 137, 'UK032', 'BK'),
	(7863, 137, 'UK033', 'K'),
	(7864, 137, 'UK034', 'BK'),
	(7865, 137, 'UK035', 'BK'),
	(7866, 137, 'UK036', 'BK'),
	(7867, 137, 'UK037', 'K'),
	(7868, 137, 'UK038', 'BK'),
	(7869, 137, 'UK039', 'BK'),
	(7870, 137, 'UK040', 'BK'),
	(7871, 137, 'UK041', 'K'),
	(7872, 137, 'UK042', 'BK'),
	(7873, 137, 'UK043', 'BK'),
	(7874, 137, 'UK044', 'BK'),
	(7875, 137, 'UK045', 'BK'),
	(7876, 137, 'UK046', 'BK'),
	(7877, 137, 'UK047', 'BK'),
	(7878, 137, 'UK048', 'BK'),
	(7879, 137, 'UK049', 'K'),
	(7880, 137, 'UK050', 'K'),
	(7881, 137, 'UK051', 'BK'),
	(7882, 137, 'UK052', 'K'),
	(7883, 137, 'UK053', 'K'),
	(7884, 137, 'UK054', 'BK'),
	(7885, 137, 'UK055', 'BK'),
	(7886, 137, 'UK056', 'BK'),
	(7887, 137, 'UK057', 'BK'),
	(7888, 137, 'UK058', 'BK'),
	(7889, 138, 'UK001', 'BK'),
	(7890, 138, 'UK002', 'K'),
	(7891, 138, 'UK003', 'BK'),
	(7892, 138, 'UK004', 'BK'),
	(7893, 138, 'UK005', 'K'),
	(7894, 138, 'UK006', 'K'),
	(7895, 138, 'UK007', 'BK'),
	(7896, 138, 'UK008', 'K'),
	(7897, 138, 'UK009', 'BK'),
	(7898, 138, 'UK010', 'BK'),
	(7899, 138, 'UK011', 'BK'),
	(7900, 138, 'UK012', 'BK'),
	(7901, 138, 'UK013', 'K'),
	(7902, 138, 'UK014', 'K'),
	(7903, 138, 'UK015', 'BK'),
	(7904, 138, 'UK016', 'K'),
	(7905, 138, 'UK017', 'BK'),
	(7906, 138, 'UK018', 'K'),
	(7907, 138, 'UK019', 'K'),
	(7908, 138, 'UK020', 'BK'),
	(7909, 138, 'UK021', 'BK'),
	(7910, 138, 'UK022', 'BK'),
	(7911, 138, 'UK023', 'K'),
	(7912, 138, 'UK024', 'BK'),
	(7913, 138, 'UK025', 'BK'),
	(7914, 138, 'UK026', 'BK'),
	(7915, 138, 'UK027', 'K'),
	(7916, 138, 'UK028', 'K'),
	(7917, 138, 'UK029', 'BK'),
	(7918, 138, 'UK030', 'K'),
	(7919, 138, 'UK031', 'BK'),
	(7920, 138, 'UK032', 'BK'),
	(7921, 138, 'UK033', 'K'),
	(7922, 138, 'UK034', 'BK'),
	(7923, 138, 'UK035', 'BK'),
	(7924, 138, 'UK036', 'BK'),
	(7925, 138, 'UK037', 'K'),
	(7926, 138, 'UK038', 'BK'),
	(7927, 138, 'UK039', 'BK'),
	(7928, 138, 'UK040', 'BK'),
	(7929, 138, 'UK041', 'BK'),
	(7930, 138, 'UK042', 'K'),
	(7931, 138, 'UK043', 'BK'),
	(7932, 138, 'UK044', 'BK'),
	(7933, 138, 'UK045', 'BK'),
	(7934, 138, 'UK046', 'BK'),
	(7935, 138, 'UK047', 'K'),
	(7936, 138, 'UK048', 'BK'),
	(7937, 138, 'UK049', 'BK'),
	(7938, 138, 'UK050', 'BK'),
	(7939, 138, 'UK051', 'K'),
	(7940, 138, 'UK052', 'K'),
	(7941, 138, 'UK053', 'K'),
	(7942, 138, 'UK054', 'BK'),
	(7943, 138, 'UK055', 'BK'),
	(7944, 138, 'UK056', 'BK'),
	(7945, 138, 'UK057', 'BK'),
	(7946, 138, 'UK058', 'BK'),
	(7947, 139, 'UK001', 'BK'),
	(7948, 139, 'UK002', 'BK'),
	(7949, 139, 'UK003', 'K'),
	(7950, 139, 'UK004', 'K'),
	(7951, 139, 'UK005', 'K'),
	(7952, 139, 'UK006', 'K'),
	(7953, 139, 'UK007', 'K'),
	(7954, 139, 'UK008', 'BK'),
	(7955, 139, 'UK009', 'BK'),
	(7956, 139, 'UK010', 'BK'),
	(7957, 139, 'UK011', 'BK'),
	(7958, 139, 'UK012', 'BK'),
	(7959, 139, 'UK013', 'BK'),
	(7960, 139, 'UK014', 'BK'),
	(7961, 139, 'UK015', 'BK'),
	(7962, 139, 'UK016', 'BK'),
	(7963, 139, 'UK017', 'K'),
	(7964, 139, 'UK018', 'BK'),
	(7965, 139, 'UK019', 'BK'),
	(7966, 139, 'UK020', 'K'),
	(7967, 139, 'UK021', 'BK'),
	(7968, 139, 'UK022', 'BK'),
	(7969, 139, 'UK023', 'K'),
	(7970, 139, 'UK024', 'BK'),
	(7971, 139, 'UK025', 'BK'),
	(7972, 139, 'UK026', 'BK'),
	(7973, 139, 'UK027', 'K'),
	(7974, 139, 'UK028', 'K'),
	(7975, 139, 'UK029', 'K'),
	(7976, 139, 'UK030', 'BK'),
	(7977, 139, 'UK031', 'BK'),
	(7978, 139, 'UK032', 'K'),
	(7979, 139, 'UK033', 'BK'),
	(7980, 139, 'UK034', 'BK'),
	(7981, 139, 'UK035', 'BK'),
	(7982, 139, 'UK036', 'BK'),
	(7983, 139, 'UK037', 'K'),
	(7984, 139, 'UK038', 'BK'),
	(7985, 139, 'UK039', 'BK'),
	(7986, 139, 'UK040', 'BK'),
	(7987, 139, 'UK041', 'BK'),
	(7988, 139, 'UK042', 'K'),
	(7989, 139, 'UK043', 'BK'),
	(7990, 139, 'UK044', 'BK'),
	(7991, 139, 'UK045', 'K'),
	(7992, 139, 'UK046', 'BK'),
	(7993, 139, 'UK047', 'BK'),
	(7994, 139, 'UK048', 'BK'),
	(7995, 139, 'UK049', 'K'),
	(7996, 139, 'UK050', 'BK'),
	(7997, 139, 'UK051', 'K'),
	(7998, 139, 'UK052', 'K'),
	(7999, 139, 'UK053', 'BK'),
	(8000, 139, 'UK054', 'BK'),
	(8001, 139, 'UK055', 'BK'),
	(8002, 139, 'UK056', 'BK'),
	(8003, 139, 'UK057', 'BK'),
	(8004, 139, 'UK058', 'K'),
	(8005, 140, 'UK001', 'BK'),
	(8006, 140, 'UK002', 'K'),
	(8007, 140, 'UK003', 'K'),
	(8008, 140, 'UK004', 'BK'),
	(8009, 140, 'UK005', 'K'),
	(8010, 140, 'UK006', 'BK'),
	(8011, 140, 'UK007', 'K'),
	(8012, 140, 'UK008', 'K'),
	(8013, 140, 'UK009', 'K'),
	(8014, 140, 'UK010', 'BK'),
	(8015, 140, 'UK011', 'BK'),
	(8016, 140, 'UK012', 'BK'),
	(8017, 140, 'UK013', 'BK'),
	(8018, 140, 'UK014', 'BK'),
	(8019, 140, 'UK015', 'BK'),
	(8020, 140, 'UK016', 'BK'),
	(8021, 140, 'UK017', 'BK'),
	(8022, 140, 'UK018', 'BK'),
	(8023, 140, 'UK019', 'BK'),
	(8024, 140, 'UK020', 'K'),
	(8025, 140, 'UK021', 'BK'),
	(8026, 140, 'UK022', 'K'),
	(8027, 140, 'UK023', 'K'),
	(8028, 140, 'UK024', 'BK'),
	(8029, 140, 'UK025', 'BK'),
	(8030, 140, 'UK026', 'BK'),
	(8031, 140, 'UK027', 'K'),
	(8032, 140, 'UK028', 'K'),
	(8033, 140, 'UK029', 'BK'),
	(8034, 140, 'UK030', 'BK'),
	(8035, 140, 'UK031', 'BK'),
	(8036, 140, 'UK032', 'K'),
	(8037, 140, 'UK033', 'BK'),
	(8038, 140, 'UK034', 'K'),
	(8039, 140, 'UK035', 'BK'),
	(8040, 140, 'UK036', 'BK'),
	(8041, 140, 'UK037', 'K'),
	(8042, 140, 'UK038', 'BK'),
	(8043, 140, 'UK039', 'BK'),
	(8044, 140, 'UK040', 'BK'),
	(8045, 140, 'UK041', 'BK'),
	(8046, 140, 'UK042', 'BK'),
	(8047, 140, 'UK043', 'BK'),
	(8048, 140, 'UK044', 'BK'),
	(8049, 140, 'UK045', 'K'),
	(8050, 140, 'UK046', 'K'),
	(8051, 140, 'UK047', 'BK'),
	(8052, 140, 'UK048', 'BK'),
	(8053, 140, 'UK049', 'K'),
	(8054, 140, 'UK050', 'K'),
	(8055, 140, 'UK051', 'K'),
	(8056, 140, 'UK052', 'BK'),
	(8057, 140, 'UK053', 'K'),
	(8058, 140, 'UK054', 'BK'),
	(8059, 140, 'UK055', 'BK'),
	(8060, 140, 'UK056', 'BK'),
	(8061, 140, 'UK057', 'BK'),
	(8062, 140, 'UK058', 'BK'),
	(8063, 141, 'UK001', 'BK'),
	(8064, 141, 'UK002', 'K'),
	(8065, 141, 'UK003', 'K'),
	(8066, 141, 'UK004', 'K'),
	(8067, 141, 'UK005', 'BK'),
	(8068, 141, 'UK006', 'K'),
	(8069, 141, 'UK007', 'K'),
	(8070, 141, 'UK008', 'K'),
	(8071, 141, 'UK009', 'BK'),
	(8072, 141, 'UK010', 'BK'),
	(8073, 141, 'UK011', 'BK'),
	(8074, 141, 'UK012', 'K'),
	(8075, 141, 'UK013', 'BK'),
	(8076, 141, 'UK014', 'BK'),
	(8077, 141, 'UK015', 'K'),
	(8078, 141, 'UK016', 'K'),
	(8079, 141, 'UK017', 'BK'),
	(8080, 141, 'UK018', 'BK'),
	(8081, 141, 'UK019', 'BK'),
	(8082, 141, 'UK020', 'BK'),
	(8083, 141, 'UK021', 'BK'),
	(8084, 141, 'UK022', 'K'),
	(8085, 141, 'UK023', 'K'),
	(8086, 141, 'UK024', 'BK'),
	(8087, 141, 'UK025', 'BK'),
	(8088, 141, 'UK026', 'BK'),
	(8089, 141, 'UK027', 'K'),
	(8090, 141, 'UK028', 'K'),
	(8091, 141, 'UK029', 'BK'),
	(8092, 141, 'UK030', 'K'),
	(8093, 141, 'UK031', 'BK'),
	(8094, 141, 'UK032', 'K'),
	(8095, 141, 'UK033', 'BK'),
	(8096, 141, 'UK034', 'BK'),
	(8097, 141, 'UK035', 'BK'),
	(8098, 141, 'UK036', 'BK'),
	(8099, 141, 'UK037', 'BK'),
	(8100, 141, 'UK038', 'K'),
	(8101, 141, 'UK039', 'BK'),
	(8102, 141, 'UK040', 'K'),
	(8103, 141, 'UK041', 'BK'),
	(8104, 141, 'UK042', 'BK'),
	(8105, 141, 'UK043', 'K'),
	(8106, 141, 'UK044', 'K'),
	(8107, 141, 'UK045', 'BK'),
	(8108, 141, 'UK046', 'BK'),
	(8109, 141, 'UK047', 'BK'),
	(8110, 141, 'UK048', 'BK'),
	(8111, 141, 'UK049', 'K'),
	(8112, 141, 'UK050', 'BK'),
	(8113, 141, 'UK051', 'K'),
	(8114, 141, 'UK052', 'BK'),
	(8115, 141, 'UK053', 'BK'),
	(8116, 141, 'UK054', 'BK'),
	(8117, 141, 'UK055', 'BK'),
	(8118, 141, 'UK056', 'BK'),
	(8119, 141, 'UK057', 'K'),
	(8120, 141, 'UK058', 'K'),
	(8121, 142, 'UK001', 'BK'),
	(8122, 142, 'UK002', 'K'),
	(8123, 142, 'UK003', 'BK'),
	(8124, 142, 'UK004', 'BK'),
	(8125, 142, 'UK005', 'K'),
	(8126, 142, 'UK006', 'K'),
	(8127, 142, 'UK007', 'K'),
	(8128, 142, 'UK008', 'K'),
	(8129, 142, 'UK009', 'BK'),
	(8130, 142, 'UK010', 'BK'),
	(8131, 142, 'UK011', 'BK'),
	(8132, 142, 'UK012', 'BK'),
	(8133, 142, 'UK013', 'BK'),
	(8134, 142, 'UK014', 'BK'),
	(8135, 142, 'UK015', 'BK'),
	(8136, 142, 'UK016', 'BK'),
	(8137, 142, 'UK017', 'BK'),
	(8138, 142, 'UK018', 'K'),
	(8139, 142, 'UK019', 'K'),
	(8140, 142, 'UK020', 'BK'),
	(8141, 142, 'UK021', 'BK'),
	(8142, 142, 'UK022', 'K'),
	(8143, 142, 'UK023', 'K'),
	(8144, 142, 'UK024', 'BK'),
	(8145, 142, 'UK025', 'K'),
	(8146, 142, 'UK026', 'BK'),
	(8147, 142, 'UK027', 'K'),
	(8148, 142, 'UK028', 'K'),
	(8149, 142, 'UK029', 'BK'),
	(8150, 142, 'UK030', 'K'),
	(8151, 142, 'UK031', 'BK'),
	(8152, 142, 'UK032', 'K'),
	(8153, 142, 'UK033', 'BK'),
	(8154, 142, 'UK034', 'BK'),
	(8155, 142, 'UK035', 'BK'),
	(8156, 142, 'UK036', 'K'),
	(8157, 142, 'UK037', 'K'),
	(8158, 142, 'UK038', 'BK'),
	(8159, 142, 'UK039', 'BK'),
	(8160, 142, 'UK040', 'BK'),
	(8161, 142, 'UK041', 'BK'),
	(8162, 142, 'UK042', 'BK'),
	(8163, 142, 'UK043', 'BK'),
	(8164, 142, 'UK044', 'BK'),
	(8165, 142, 'UK045', 'BK'),
	(8166, 142, 'UK046', 'BK'),
	(8167, 142, 'UK047', 'BK'),
	(8168, 142, 'UK048', 'BK'),
	(8169, 142, 'UK049', 'K'),
	(8170, 142, 'UK050', 'K'),
	(8171, 142, 'UK051', 'K'),
	(8172, 142, 'UK052', 'K'),
	(8173, 142, 'UK053', 'BK'),
	(8174, 142, 'UK054', 'BK'),
	(8175, 142, 'UK055', 'BK'),
	(8176, 142, 'UK056', 'BK'),
	(8177, 142, 'UK057', 'BK'),
	(8178, 142, 'UK058', 'BK'),
	(8179, 143, 'UK001', 'BK'),
	(8180, 143, 'UK002', 'BK'),
	(8181, 143, 'UK003', 'K'),
	(8182, 143, 'UK004', 'BK'),
	(8183, 143, 'UK005', 'K'),
	(8184, 143, 'UK006', 'K'),
	(8185, 143, 'UK007', 'K'),
	(8186, 143, 'UK008', 'K'),
	(8187, 143, 'UK009', 'BK'),
	(8188, 143, 'UK010', 'K'),
	(8189, 143, 'UK011', 'BK'),
	(8190, 143, 'UK012', 'BK'),
	(8191, 143, 'UK013', 'BK'),
	(8192, 143, 'UK014', 'BK'),
	(8193, 143, 'UK015', 'BK'),
	(8194, 143, 'UK016', 'BK'),
	(8195, 143, 'UK017', 'BK'),
	(8196, 143, 'UK018', 'K'),
	(8197, 143, 'UK019', 'BK'),
	(8198, 143, 'UK020', 'BK'),
	(8199, 143, 'UK021', 'BK'),
	(8200, 143, 'UK022', 'K'),
	(8201, 143, 'UK023', 'K'),
	(8202, 143, 'UK024', 'BK'),
	(8203, 143, 'UK025', 'BK'),
	(8204, 143, 'UK026', 'BK'),
	(8205, 143, 'UK027', 'BK'),
	(8206, 143, 'UK028', 'K'),
	(8207, 143, 'UK029', 'BK'),
	(8208, 143, 'UK030', 'K'),
	(8209, 143, 'UK031', 'K'),
	(8210, 143, 'UK032', 'K'),
	(8211, 143, 'UK033', 'BK'),
	(8212, 143, 'UK034', 'K'),
	(8213, 143, 'UK035', 'BK'),
	(8214, 143, 'UK036', 'BK'),
	(8215, 143, 'UK037', 'K'),
	(8216, 143, 'UK038', 'BK'),
	(8217, 143, 'UK039', 'BK'),
	(8218, 143, 'UK040', 'BK'),
	(8219, 143, 'UK041', 'BK'),
	(8220, 143, 'UK042', 'K'),
	(8221, 143, 'UK043', 'BK'),
	(8222, 143, 'UK044', 'BK'),
	(8223, 143, 'UK045', 'BK'),
	(8224, 143, 'UK046', 'BK'),
	(8225, 143, 'UK047', 'BK'),
	(8226, 143, 'UK048', 'BK'),
	(8227, 143, 'UK049', 'K'),
	(8228, 143, 'UK050', 'K'),
	(8229, 143, 'UK051', 'BK'),
	(8230, 143, 'UK052', 'K'),
	(8231, 143, 'UK053', 'BK'),
	(8232, 143, 'UK054', 'BK'),
	(8233, 143, 'UK055', 'BK'),
	(8234, 143, 'UK056', 'K'),
	(8235, 143, 'UK057', 'BK'),
	(8236, 143, 'UK058', 'BK'),
	(8237, 144, 'UK001', 'K'),
	(8238, 144, 'UK002', 'BK'),
	(8239, 144, 'UK003', 'BK'),
	(8240, 144, 'UK004', 'K'),
	(8241, 144, 'UK005', 'BK'),
	(8242, 144, 'UK006', 'BK'),
	(8243, 144, 'UK007', 'K'),
	(8244, 144, 'UK008', 'K'),
	(8245, 144, 'UK009', 'BK'),
	(8246, 144, 'UK010', 'BK'),
	(8247, 144, 'UK011', 'BK'),
	(8248, 144, 'UK012', 'BK'),
	(8249, 144, 'UK013', 'BK'),
	(8250, 144, 'UK014', 'BK'),
	(8251, 144, 'UK015', 'BK'),
	(8252, 144, 'UK016', 'BK'),
	(8253, 144, 'UK017', 'BK'),
	(8254, 144, 'UK018', 'BK'),
	(8255, 144, 'UK019', 'BK'),
	(8256, 144, 'UK020', 'K'),
	(8257, 144, 'UK021', 'K'),
	(8258, 144, 'UK022', 'BK'),
	(8259, 144, 'UK023', 'BK'),
	(8260, 144, 'UK024', 'K'),
	(8261, 144, 'UK025', 'K'),
	(8262, 144, 'UK026', 'K'),
	(8263, 144, 'UK027', 'BK'),
	(8264, 144, 'UK028', 'BK'),
	(8265, 144, 'UK029', 'K'),
	(8266, 144, 'UK030', 'K'),
	(8267, 144, 'UK031', 'K'),
	(8268, 144, 'UK032', 'BK'),
	(8269, 144, 'UK033', 'BK'),
	(8270, 144, 'UK034', 'BK'),
	(8271, 144, 'UK035', 'BK'),
	(8272, 144, 'UK036', 'K'),
	(8273, 144, 'UK037', 'BK'),
	(8274, 144, 'UK038', 'BK'),
	(8275, 144, 'UK039', 'K'),
	(8276, 144, 'UK040', 'BK'),
	(8277, 144, 'UK041', 'BK'),
	(8278, 144, 'UK042', 'BK'),
	(8279, 144, 'UK043', 'BK'),
	(8280, 144, 'UK044', 'BK'),
	(8281, 144, 'UK045', 'BK'),
	(8282, 144, 'UK046', 'BK'),
	(8283, 144, 'UK047', 'BK'),
	(8284, 144, 'UK048', 'BK'),
	(8285, 144, 'UK049', 'BK'),
	(8286, 144, 'UK050', 'K'),
	(8287, 144, 'UK051', 'BK'),
	(8288, 144, 'UK052', 'K'),
	(8289, 144, 'UK053', 'K'),
	(8290, 144, 'UK054', 'K'),
	(8291, 144, 'UK055', 'K'),
	(8292, 144, 'UK056', 'K'),
	(8293, 144, 'UK057', 'BK'),
	(8294, 144, 'UK058', 'BK'),
	(8295, 145, 'UK001', 'K'),
	(8296, 145, 'UK002', 'BK'),
	(8297, 145, 'UK003', 'K'),
	(8298, 145, 'UK004', 'BK'),
	(8299, 145, 'UK005', 'BK'),
	(8300, 145, 'UK006', 'BK'),
	(8301, 145, 'UK007', 'BK'),
	(8302, 145, 'UK008', 'BK'),
	(8303, 145, 'UK009', 'BK'),
	(8304, 145, 'UK010', 'BK'),
	(8305, 145, 'UK011', 'BK'),
	(8306, 145, 'UK012', 'K'),
	(8307, 145, 'UK013', 'BK'),
	(8308, 145, 'UK014', 'BK'),
	(8309, 145, 'UK015', 'BK'),
	(8310, 145, 'UK016', 'BK'),
	(8311, 145, 'UK017', 'BK'),
	(8312, 145, 'UK018', 'BK'),
	(8313, 145, 'UK019', 'BK'),
	(8314, 145, 'UK020', 'BK'),
	(8315, 145, 'UK021', 'K'),
	(8316, 145, 'UK022', 'BK'),
	(8317, 145, 'UK023', 'BK'),
	(8318, 145, 'UK024', 'K'),
	(8319, 145, 'UK025', 'K'),
	(8320, 145, 'UK026', 'K'),
	(8321, 145, 'UK027', 'BK'),
	(8322, 145, 'UK028', 'BK'),
	(8323, 145, 'UK029', 'K'),
	(8324, 145, 'UK030', 'K'),
	(8325, 145, 'UK031', 'K'),
	(8326, 145, 'UK032', 'BK'),
	(8327, 145, 'UK033', 'K'),
	(8328, 145, 'UK034', 'BK'),
	(8329, 145, 'UK035', 'K'),
	(8330, 145, 'UK036', 'K'),
	(8331, 145, 'UK037', 'BK'),
	(8332, 145, 'UK038', 'BK'),
	(8333, 145, 'UK039', 'BK'),
	(8334, 145, 'UK040', 'BK'),
	(8335, 145, 'UK041', 'BK'),
	(8336, 145, 'UK042', 'BK'),
	(8337, 145, 'UK043', 'BK'),
	(8338, 145, 'UK044', 'BK'),
	(8339, 145, 'UK045', 'K'),
	(8340, 145, 'UK046', 'BK'),
	(8341, 145, 'UK047', 'BK'),
	(8342, 145, 'UK048', 'BK'),
	(8343, 145, 'UK049', 'BK'),
	(8344, 145, 'UK050', 'K'),
	(8345, 145, 'UK051', 'BK'),
	(8346, 145, 'UK052', 'K'),
	(8347, 145, 'UK053', 'K'),
	(8348, 145, 'UK054', 'K'),
	(8349, 145, 'UK055', 'K'),
	(8350, 145, 'UK056', 'K'),
	(8351, 145, 'UK057', 'BK'),
	(8352, 145, 'UK058', 'BK'),
	(8353, 146, 'UK001', 'K'),
	(8354, 146, 'UK002', 'K'),
	(8355, 146, 'UK003', 'BK'),
	(8356, 146, 'UK004', 'K'),
	(8357, 146, 'UK005', 'K'),
	(8358, 146, 'UK006', 'BK'),
	(8359, 146, 'UK007', 'K'),
	(8360, 146, 'UK008', 'BK'),
	(8361, 146, 'UK009', 'K'),
	(8362, 146, 'UK010', 'K'),
	(8363, 146, 'UK011', 'K'),
	(8364, 146, 'UK012', 'BK'),
	(8365, 146, 'UK013', 'K'),
	(8366, 146, 'UK014', 'K'),
	(8367, 146, 'UK015', 'K'),
	(8368, 146, 'UK016', 'K'),
	(8369, 146, 'UK017', 'K'),
	(8370, 146, 'UK018', 'K'),
	(8371, 146, 'UK019', 'BK'),
	(8372, 146, 'UK020', 'BK'),
	(8373, 146, 'UK021', 'BK'),
	(8374, 146, 'UK022', 'BK'),
	(8375, 146, 'UK023', 'BK'),
	(8376, 146, 'UK024', 'BK'),
	(8377, 146, 'UK025', 'BK'),
	(8378, 146, 'UK026', 'BK'),
	(8379, 146, 'UK027', 'BK'),
	(8380, 146, 'UK028', 'BK'),
	(8381, 146, 'UK029', 'K'),
	(8382, 146, 'UK030', 'BK'),
	(8383, 146, 'UK031', 'BK'),
	(8384, 146, 'UK032', 'BK'),
	(8385, 146, 'UK033', 'BK'),
	(8386, 146, 'UK034', 'BK'),
	(8387, 146, 'UK035', 'BK'),
	(8388, 146, 'UK036', 'BK'),
	(8389, 146, 'UK037', 'BK'),
	(8390, 146, 'UK038', 'BK'),
	(8391, 146, 'UK039', 'BK'),
	(8392, 146, 'UK040', 'K'),
	(8393, 146, 'UK041', 'BK'),
	(8394, 146, 'UK042', 'K'),
	(8395, 146, 'UK043', 'BK'),
	(8396, 146, 'UK044', 'K'),
	(8397, 146, 'UK045', 'BK'),
	(8398, 146, 'UK046', 'BK'),
	(8399, 146, 'UK047', 'BK'),
	(8400, 146, 'UK048', 'BK'),
	(8401, 146, 'UK049', 'BK'),
	(8402, 146, 'UK050', 'BK'),
	(8403, 146, 'UK051', 'BK'),
	(8404, 146, 'UK052', 'BK'),
	(8405, 146, 'UK053', 'K'),
	(8406, 146, 'UK054', 'BK'),
	(8407, 146, 'UK055', 'BK'),
	(8408, 146, 'UK056', 'BK'),
	(8409, 146, 'UK057', 'K'),
	(8410, 146, 'UK058', 'BK'),
	(8411, 147, 'UK001', 'BK'),
	(8412, 147, 'UK002', 'BK'),
	(8413, 147, 'UK003', 'K'),
	(8414, 147, 'UK004', 'K'),
	(8415, 147, 'UK005', 'BK'),
	(8416, 147, 'UK006', 'BK'),
	(8417, 147, 'UK007', 'BK'),
	(8418, 147, 'UK008', 'K'),
	(8419, 147, 'UK009', 'BK'),
	(8420, 147, 'UK010', 'BK'),
	(8421, 147, 'UK011', 'BK'),
	(8422, 147, 'UK012', 'BK'),
	(8423, 147, 'UK013', 'BK'),
	(8424, 147, 'UK014', 'BK'),
	(8425, 147, 'UK015', 'BK'),
	(8426, 147, 'UK016', 'BK'),
	(8427, 147, 'UK017', 'BK'),
	(8428, 147, 'UK018', 'BK'),
	(8429, 147, 'UK019', 'BK'),
	(8430, 147, 'UK020', 'K'),
	(8431, 147, 'UK021', 'BK'),
	(8432, 147, 'UK022', 'BK'),
	(8433, 147, 'UK023', 'BK'),
	(8434, 147, 'UK024', 'K'),
	(8435, 147, 'UK025', 'K'),
	(8436, 147, 'UK026', 'K'),
	(8437, 147, 'UK027', 'BK'),
	(8438, 147, 'UK028', 'BK'),
	(8439, 147, 'UK029', 'K'),
	(8440, 147, 'UK030', 'BK'),
	(8441, 147, 'UK031', 'K'),
	(8442, 147, 'UK032', 'BK'),
	(8443, 147, 'UK033', 'BK'),
	(8444, 147, 'UK034', 'BK'),
	(8445, 147, 'UK035', 'K'),
	(8446, 147, 'UK036', 'BK'),
	(8447, 147, 'UK037', 'BK'),
	(8448, 147, 'UK038', 'K'),
	(8449, 147, 'UK039', 'K'),
	(8450, 147, 'UK040', 'BK'),
	(8451, 147, 'UK041', 'BK'),
	(8452, 147, 'UK042', 'K'),
	(8453, 147, 'UK043', 'BK'),
	(8454, 147, 'UK044', 'BK'),
	(8455, 147, 'UK045', 'K'),
	(8456, 147, 'UK046', 'BK'),
	(8457, 147, 'UK047', 'BK'),
	(8458, 147, 'UK048', 'BK'),
	(8459, 147, 'UK049', 'BK'),
	(8460, 147, 'UK050', 'BK'),
	(8461, 147, 'UK051', 'BK'),
	(8462, 147, 'UK052', 'K'),
	(8463, 147, 'UK053', 'K'),
	(8464, 147, 'UK054', 'K'),
	(8465, 147, 'UK055', 'BK'),
	(8466, 147, 'UK056', 'K'),
	(8467, 147, 'UK057', 'BK'),
	(8468, 147, 'UK058', 'BK'),
	(8469, 148, 'UK001', 'K'),
	(8470, 148, 'UK002', 'K'),
	(8471, 148, 'UK003', 'K'),
	(8472, 148, 'UK004', 'K'),
	(8473, 148, 'UK005', 'K'),
	(8474, 148, 'UK006', 'K'),
	(8475, 148, 'UK007', 'K'),
	(8476, 148, 'UK008', 'K'),
	(8477, 148, 'UK009', 'K'),
	(8478, 148, 'UK010', 'K'),
	(8479, 148, 'UK011', 'K'),
	(8480, 148, 'UK012', 'K'),
	(8481, 148, 'UK013', 'BK'),
	(8482, 148, 'UK014', 'K'),
	(8483, 148, 'UK015', 'K'),
	(8484, 148, 'UK016', 'K'),
	(8485, 148, 'UK017', 'K'),
	(8486, 148, 'UK018', 'K'),
	(8487, 148, 'UK019', 'K'),
	(8488, 148, 'UK020', 'K'),
	(8489, 148, 'UK021', 'BK'),
	(8490, 148, 'UK022', 'K'),
	(8491, 148, 'UK023', 'BK'),
	(8492, 148, 'UK024', 'K'),
	(8493, 148, 'UK025', 'BK'),
	(8494, 148, 'UK026', 'BK'),
	(8495, 148, 'UK027', 'BK'),
	(8496, 148, 'UK028', 'BK'),
	(8497, 148, 'UK029', 'BK'),
	(8498, 148, 'UK030', 'K'),
	(8499, 148, 'UK031', 'BK'),
	(8500, 148, 'UK032', 'BK'),
	(8501, 148, 'UK033', 'BK'),
	(8502, 148, 'UK034', 'K'),
	(8503, 148, 'UK035', 'BK'),
	(8504, 148, 'UK036', 'K'),
	(8505, 148, 'UK037', 'K'),
	(8506, 148, 'UK038', 'BK'),
	(8507, 148, 'UK039', 'BK'),
	(8508, 148, 'UK040', 'BK'),
	(8509, 148, 'UK041', 'BK'),
	(8510, 148, 'UK042', 'BK'),
	(8511, 148, 'UK043', 'K'),
	(8512, 148, 'UK044', 'K'),
	(8513, 148, 'UK045', 'BK'),
	(8514, 148, 'UK046', 'K'),
	(8515, 148, 'UK047', 'K'),
	(8516, 148, 'UK048', 'BK'),
	(8517, 148, 'UK049', 'K'),
	(8518, 148, 'UK050', 'BK'),
	(8519, 148, 'UK051', 'BK'),
	(8520, 148, 'UK052', 'BK'),
	(8521, 148, 'UK053', 'BK'),
	(8522, 148, 'UK054', 'BK'),
	(8523, 148, 'UK055', 'BK'),
	(8524, 148, 'UK056', 'BK'),
	(8525, 148, 'UK057', 'BK'),
	(8526, 148, 'UK058', 'BK'),
	(8527, 149, 'UK001', 'K'),
	(8528, 149, 'UK002', 'K'),
	(8529, 149, 'UK003', 'K'),
	(8530, 149, 'UK004', 'K'),
	(8531, 149, 'UK005', 'K'),
	(8532, 149, 'UK006', 'K'),
	(8533, 149, 'UK007', 'K'),
	(8534, 149, 'UK008', 'K'),
	(8535, 149, 'UK009', 'K'),
	(8536, 149, 'UK010', 'K'),
	(8537, 149, 'UK011', 'K'),
	(8538, 149, 'UK012', 'K'),
	(8539, 149, 'UK013', 'K'),
	(8540, 149, 'UK014', 'K'),
	(8541, 149, 'UK015', 'K'),
	(8542, 149, 'UK016', 'K'),
	(8543, 149, 'UK017', 'BK'),
	(8544, 149, 'UK018', 'K'),
	(8545, 149, 'UK019', 'BK'),
	(8546, 149, 'UK020', 'BK'),
	(8547, 149, 'UK021', 'BK'),
	(8548, 149, 'UK022', 'BK'),
	(8549, 149, 'UK023', 'BK'),
	(8550, 149, 'UK024', 'BK'),
	(8551, 149, 'UK025', 'BK'),
	(8552, 149, 'UK026', 'BK'),
	(8553, 149, 'UK027', 'K'),
	(8554, 149, 'UK028', 'BK'),
	(8555, 149, 'UK029', 'BK'),
	(8556, 149, 'UK030', 'BK'),
	(8557, 149, 'UK031', 'BK'),
	(8558, 149, 'UK032', 'BK'),
	(8559, 149, 'UK033', 'BK'),
	(8560, 149, 'UK034', 'BK'),
	(8561, 149, 'UK035', 'BK'),
	(8562, 149, 'UK036', 'BK'),
	(8563, 149, 'UK037', 'K'),
	(8564, 149, 'UK038', 'BK'),
	(8565, 149, 'UK039', 'BK'),
	(8566, 149, 'UK040', 'BK'),
	(8567, 149, 'UK041', 'K'),
	(8568, 149, 'UK042', 'BK'),
	(8569, 149, 'UK043', 'BK'),
	(8570, 149, 'UK044', 'K'),
	(8571, 149, 'UK045', 'K'),
	(8572, 149, 'UK046', 'K'),
	(8573, 149, 'UK047', 'BK'),
	(8574, 149, 'UK048', 'BK'),
	(8575, 149, 'UK049', 'BK'),
	(8576, 149, 'UK050', 'BK'),
	(8577, 149, 'UK051', 'BK'),
	(8578, 149, 'UK052', 'BK'),
	(8579, 149, 'UK053', 'BK'),
	(8580, 149, 'UK054', 'BK'),
	(8581, 149, 'UK055', 'BK'),
	(8582, 149, 'UK056', 'K'),
	(8583, 149, 'UK057', 'BK'),
	(8584, 149, 'UK058', 'BK'),
	(8585, 150, 'UK001', 'K'),
	(8586, 150, 'UK002', 'BK'),
	(8587, 150, 'UK003', 'K'),
	(8588, 150, 'UK004', 'BK'),
	(8589, 150, 'UK005', 'BK'),
	(8590, 150, 'UK006', 'BK'),
	(8591, 150, 'UK007', 'BK'),
	(8592, 150, 'UK008', 'K'),
	(8593, 150, 'UK009', 'BK'),
	(8594, 150, 'UK010', 'BK'),
	(8595, 150, 'UK011', 'BK'),
	(8596, 150, 'UK012', 'BK'),
	(8597, 150, 'UK013', 'BK'),
	(8598, 150, 'UK014', 'BK'),
	(8599, 150, 'UK015', 'BK'),
	(8600, 150, 'UK016', 'BK'),
	(8601, 150, 'UK017', 'BK'),
	(8602, 150, 'UK018', 'K'),
	(8603, 150, 'UK019', 'BK'),
	(8604, 150, 'UK020', 'BK'),
	(8605, 150, 'UK021', 'BK'),
	(8606, 150, 'UK022', 'BK'),
	(8607, 150, 'UK023', 'K'),
	(8608, 150, 'UK024', 'K'),
	(8609, 150, 'UK025', 'K'),
	(8610, 150, 'UK026', 'K'),
	(8611, 150, 'UK027', 'BK'),
	(8612, 150, 'UK028', 'BK'),
	(8613, 150, 'UK029', 'K'),
	(8614, 150, 'UK030', 'K'),
	(8615, 150, 'UK031', 'K'),
	(8616, 150, 'UK032', 'BK'),
	(8617, 150, 'UK033', 'K'),
	(8618, 150, 'UK034', 'BK'),
	(8619, 150, 'UK035', 'BK'),
	(8620, 150, 'UK036', 'K'),
	(8621, 150, 'UK037', 'BK'),
	(8622, 150, 'UK038', 'BK'),
	(8623, 150, 'UK039', 'BK'),
	(8624, 150, 'UK040', 'BK'),
	(8625, 150, 'UK041', 'BK'),
	(8626, 150, 'UK042', 'BK'),
	(8627, 150, 'UK043', 'BK'),
	(8628, 150, 'UK044', 'K'),
	(8629, 150, 'UK045', 'BK'),
	(8630, 150, 'UK046', 'BK'),
	(8631, 150, 'UK047', 'BK'),
	(8632, 150, 'UK048', 'BK'),
	(8633, 150, 'UK049', 'BK'),
	(8634, 150, 'UK050', 'K'),
	(8635, 150, 'UK051', 'BK'),
	(8636, 150, 'UK052', 'BK'),
	(8637, 150, 'UK053', 'K'),
	(8638, 150, 'UK054', 'K'),
	(8639, 150, 'UK055', 'K'),
	(8640, 150, 'UK056', 'K'),
	(8641, 150, 'UK057', 'BK'),
	(8642, 150, 'UK058', 'BK'),
	(8643, 151, 'UK001', 'K'),
	(8644, 151, 'UK002', 'BK'),
	(8645, 151, 'UK003', 'K'),
	(8646, 151, 'UK004', 'BK'),
	(8647, 151, 'UK005', 'BK'),
	(8648, 151, 'UK006', 'BK'),
	(8649, 151, 'UK007', 'BK'),
	(8650, 151, 'UK008', 'K'),
	(8651, 151, 'UK009', 'BK'),
	(8652, 151, 'UK010', 'BK'),
	(8653, 151, 'UK011', 'K'),
	(8654, 151, 'UK012', 'BK'),
	(8655, 151, 'UK013', 'BK'),
	(8656, 151, 'UK014', 'K'),
	(8657, 151, 'UK015', 'BK'),
	(8658, 151, 'UK016', 'BK'),
	(8659, 151, 'UK017', 'BK'),
	(8660, 151, 'UK018', 'BK'),
	(8661, 151, 'UK019', 'BK'),
	(8662, 151, 'UK020', 'K'),
	(8663, 151, 'UK021', 'K'),
	(8664, 151, 'UK022', 'BK'),
	(8665, 151, 'UK023', 'K'),
	(8666, 151, 'UK024', 'K'),
	(8667, 151, 'UK025', 'K'),
	(8668, 151, 'UK026', 'K'),
	(8669, 151, 'UK027', 'BK'),
	(8670, 151, 'UK028', 'BK'),
	(8671, 151, 'UK029', 'BK'),
	(8672, 151, 'UK030', 'K'),
	(8673, 151, 'UK031', 'K'),
	(8674, 151, 'UK032', 'BK'),
	(8675, 151, 'UK033', 'BK'),
	(8676, 151, 'UK034', 'BK'),
	(8677, 151, 'UK035', 'K'),
	(8678, 151, 'UK036', 'K'),
	(8679, 151, 'UK037', 'BK'),
	(8680, 151, 'UK038', 'BK'),
	(8681, 151, 'UK039', 'BK'),
	(8682, 151, 'UK040', 'K'),
	(8683, 151, 'UK041', 'BK'),
	(8684, 151, 'UK042', 'BK'),
	(8685, 151, 'UK043', 'BK'),
	(8686, 151, 'UK044', 'BK'),
	(8687, 151, 'UK045', 'BK'),
	(8688, 151, 'UK046', 'BK'),
	(8689, 151, 'UK047', 'BK'),
	(8690, 151, 'UK048', 'BK'),
	(8691, 151, 'UK049', 'BK'),
	(8692, 151, 'UK050', 'BK'),
	(8693, 151, 'UK051', 'BK'),
	(8694, 151, 'UK052', 'K'),
	(8695, 151, 'UK053', 'K'),
	(8696, 151, 'UK054', 'K'),
	(8697, 151, 'UK055', 'K'),
	(8698, 151, 'UK056', 'K'),
	(8699, 151, 'UK057', 'BK'),
	(8700, 151, 'UK058', 'BK'),
	(8701, 152, 'UK001', 'K'),
	(8702, 152, 'UK002', 'BK'),
	(8703, 152, 'UK003', 'BK'),
	(8704, 152, 'UK004', 'K'),
	(8705, 152, 'UK005', 'BK'),
	(8706, 152, 'UK006', 'BK'),
	(8707, 152, 'UK007', 'BK'),
	(8708, 152, 'UK008', 'K'),
	(8709, 152, 'UK009', 'BK'),
	(8710, 152, 'UK010', 'BK'),
	(8711, 152, 'UK011', 'BK'),
	(8712, 152, 'UK012', 'BK'),
	(8713, 152, 'UK013', 'BK'),
	(8714, 152, 'UK014', 'BK'),
	(8715, 152, 'UK015', 'BK'),
	(8716, 152, 'UK016', 'BK'),
	(8717, 152, 'UK017', 'K'),
	(8718, 152, 'UK018', 'BK'),
	(8719, 152, 'UK019', 'BK'),
	(8720, 152, 'UK020', 'K'),
	(8721, 152, 'UK021', 'K'),
	(8722, 152, 'UK022', 'BK'),
	(8723, 152, 'UK023', 'BK'),
	(8724, 152, 'UK024', 'K'),
	(8725, 152, 'UK025', 'K'),
	(8726, 152, 'UK026', 'K'),
	(8727, 152, 'UK027', 'K'),
	(8728, 152, 'UK028', 'BK'),
	(8729, 152, 'UK029', 'K'),
	(8730, 152, 'UK030', 'K'),
	(8731, 152, 'UK031', 'K'),
	(8732, 152, 'UK032', 'BK'),
	(8733, 152, 'UK033', 'BK'),
	(8734, 152, 'UK034', 'BK'),
	(8735, 152, 'UK035', 'K'),
	(8736, 152, 'UK036', 'BK'),
	(8737, 152, 'UK037', 'BK'),
	(8738, 152, 'UK038', 'BK'),
	(8739, 152, 'UK039', 'BK'),
	(8740, 152, 'UK040', 'BK'),
	(8741, 152, 'UK041', 'BK'),
	(8742, 152, 'UK042', 'BK'),
	(8743, 152, 'UK043', 'BK'),
	(8744, 152, 'UK044', 'BK'),
	(8745, 152, 'UK045', 'BK'),
	(8746, 152, 'UK046', 'BK'),
	(8747, 152, 'UK047', 'BK'),
	(8748, 152, 'UK048', 'BK'),
	(8749, 152, 'UK049', 'BK'),
	(8750, 152, 'UK050', 'BK'),
	(8751, 152, 'UK051', 'K'),
	(8752, 152, 'UK052', 'K'),
	(8753, 152, 'UK053', 'K'),
	(8754, 152, 'UK054', 'K'),
	(8755, 152, 'UK055', 'BK'),
	(8756, 152, 'UK056', 'K'),
	(8757, 152, 'UK057', 'BK'),
	(8758, 152, 'UK058', 'BK'),
	(8759, 153, 'UK001', 'BK'),
	(8760, 153, 'UK002', 'BK'),
	(8761, 153, 'UK003', 'K'),
	(8762, 153, 'UK004', 'K'),
	(8763, 153, 'UK005', 'BK'),
	(8764, 153, 'UK006', 'K'),
	(8765, 153, 'UK007', 'BK'),
	(8766, 153, 'UK008', 'BK'),
	(8767, 153, 'UK009', 'K'),
	(8768, 153, 'UK010', 'BK'),
	(8769, 153, 'UK011', 'BK'),
	(8770, 153, 'UK012', 'BK'),
	(8771, 153, 'UK013', 'K'),
	(8772, 153, 'UK014', 'K'),
	(8773, 153, 'UK015', 'BK'),
	(8774, 153, 'UK016', 'K'),
	(8775, 153, 'UK017', 'BK'),
	(8776, 153, 'UK018', 'BK'),
	(8777, 153, 'UK019', 'K'),
	(8778, 153, 'UK020', 'K'),
	(8779, 153, 'UK021', 'K'),
	(8780, 153, 'UK022', 'K'),
	(8781, 153, 'UK023', 'K'),
	(8782, 153, 'UK024', 'K'),
	(8783, 153, 'UK025', 'K'),
	(8784, 153, 'UK026', 'K'),
	(8785, 153, 'UK027', 'BK'),
	(8786, 153, 'UK028', 'BK'),
	(8787, 153, 'UK029', 'BK'),
	(8788, 153, 'UK030', 'K'),
	(8789, 153, 'UK031', 'BK'),
	(8790, 153, 'UK032', 'BK'),
	(8791, 153, 'UK033', 'K'),
	(8792, 153, 'UK034', 'K'),
	(8793, 153, 'UK035', 'BK'),
	(8794, 153, 'UK036', 'BK'),
	(8795, 153, 'UK037', 'K'),
	(8796, 153, 'UK038', 'BK'),
	(8797, 153, 'UK039', 'BK'),
	(8798, 153, 'UK040', 'K'),
	(8799, 153, 'UK041', 'BK'),
	(8800, 153, 'UK042', 'BK'),
	(8801, 153, 'UK043', 'BK'),
	(8802, 153, 'UK044', 'BK'),
	(8803, 153, 'UK045', 'BK'),
	(8804, 153, 'UK046', 'BK'),
	(8805, 153, 'UK047', 'BK'),
	(8806, 153, 'UK048', 'BK'),
	(8807, 153, 'UK049', 'BK'),
	(8808, 153, 'UK050', 'BK'),
	(8809, 153, 'UK051', 'BK'),
	(8810, 153, 'UK052', 'BK'),
	(8811, 153, 'UK053', 'BK'),
	(8812, 153, 'UK054', 'BK'),
	(8813, 153, 'UK055', 'BK'),
	(8814, 153, 'UK056', 'BK'),
	(8815, 153, 'UK057', 'BK'),
	(8816, 153, 'UK058', 'K'),
	(8817, 154, 'UK001', 'BK'),
	(8818, 154, 'UK002', 'BK'),
	(8819, 154, 'UK003', 'BK'),
	(8820, 154, 'UK004', 'BK'),
	(8821, 154, 'UK005', 'K'),
	(8822, 154, 'UK006', 'K'),
	(8823, 154, 'UK007', 'K'),
	(8824, 154, 'UK008', 'K'),
	(8825, 154, 'UK009', 'BK'),
	(8826, 154, 'UK010', 'BK'),
	(8827, 154, 'UK011', 'BK'),
	(8828, 154, 'UK012', 'K'),
	(8829, 154, 'UK013', 'BK'),
	(8830, 154, 'UK014', 'BK'),
	(8831, 154, 'UK015', 'BK'),
	(8832, 154, 'UK016', 'BK'),
	(8833, 154, 'UK017', 'BK'),
	(8834, 154, 'UK018', 'BK'),
	(8835, 154, 'UK019', 'K'),
	(8836, 154, 'UK020', 'K'),
	(8837, 154, 'UK021', 'BK'),
	(8838, 154, 'UK022', 'K'),
	(8839, 154, 'UK023', 'K'),
	(8840, 154, 'UK024', 'K'),
	(8841, 154, 'UK025', 'K'),
	(8842, 154, 'UK026', 'K'),
	(8843, 154, 'UK027', 'BK'),
	(8844, 154, 'UK028', 'BK'),
	(8845, 154, 'UK029', 'BK'),
	(8846, 154, 'UK030', 'BK'),
	(8847, 154, 'UK031', 'BK'),
	(8848, 154, 'UK032', 'BK'),
	(8849, 154, 'UK033', 'BK'),
	(8850, 154, 'UK034', 'BK'),
	(8851, 154, 'UK035', 'BK'),
	(8852, 154, 'UK036', 'BK'),
	(8853, 154, 'UK037', 'K'),
	(8854, 154, 'UK038', 'BK'),
	(8855, 154, 'UK039', 'BK'),
	(8856, 154, 'UK040', 'K'),
	(8857, 154, 'UK041', 'BK'),
	(8858, 154, 'UK042', 'BK'),
	(8859, 154, 'UK043', 'BK'),
	(8860, 154, 'UK044', 'BK'),
	(8861, 154, 'UK045', 'BK'),
	(8862, 154, 'UK046', 'BK'),
	(8863, 154, 'UK047', 'BK'),
	(8864, 154, 'UK048', 'BK'),
	(8865, 154, 'UK049', 'BK'),
	(8866, 154, 'UK050', 'BK'),
	(8867, 154, 'UK051', 'BK'),
	(8868, 154, 'UK052', 'K'),
	(8869, 154, 'UK053', 'BK'),
	(8870, 154, 'UK054', 'BK'),
	(8871, 154, 'UK055', 'BK'),
	(8872, 154, 'UK056', 'BK'),
	(8873, 154, 'UK057', 'BK'),
	(8874, 154, 'UK058', 'BK'),
	(8875, 155, 'UK001', 'BK'),
	(8876, 155, 'UK002', 'BK'),
	(8877, 155, 'UK003', 'K'),
	(8878, 155, 'UK004', 'BK'),
	(8879, 155, 'UK005', 'BK'),
	(8880, 155, 'UK006', 'K'),
	(8881, 155, 'UK007', 'BK'),
	(8882, 155, 'UK008', 'K'),
	(8883, 155, 'UK009', 'BK'),
	(8884, 155, 'UK010', 'BK'),
	(8885, 155, 'UK011', 'BK'),
	(8886, 155, 'UK012', 'K'),
	(8887, 155, 'UK013', 'BK'),
	(8888, 155, 'UK014', 'BK'),
	(8889, 155, 'UK015', 'BK'),
	(8890, 155, 'UK016', 'BK'),
	(8891, 155, 'UK017', 'BK'),
	(8892, 155, 'UK018', 'BK'),
	(8893, 155, 'UK019', 'K'),
	(8894, 155, 'UK020', 'BK'),
	(8895, 155, 'UK021', 'BK'),
	(8896, 155, 'UK022', 'K'),
	(8897, 155, 'UK023', 'K'),
	(8898, 155, 'UK024', 'K'),
	(8899, 155, 'UK025', 'K'),
	(8900, 155, 'UK026', 'BK'),
	(8901, 155, 'UK027', 'BK'),
	(8902, 155, 'UK028', 'K'),
	(8903, 155, 'UK029', 'K'),
	(8904, 155, 'UK030', 'BK'),
	(8905, 155, 'UK031', 'BK'),
	(8906, 155, 'UK032', 'K'),
	(8907, 155, 'UK033', 'BK'),
	(8908, 155, 'UK034', 'BK'),
	(8909, 155, 'UK035', 'BK'),
	(8910, 155, 'UK036', 'BK'),
	(8911, 155, 'UK037', 'BK'),
	(8912, 155, 'UK038', 'BK'),
	(8913, 155, 'UK039', 'BK'),
	(8914, 155, 'UK040', 'BK'),
	(8915, 155, 'UK041', 'BK'),
	(8916, 155, 'UK042', 'BK'),
	(8917, 155, 'UK043', 'BK'),
	(8918, 155, 'UK044', 'BK'),
	(8919, 155, 'UK045', 'BK'),
	(8920, 155, 'UK046', 'BK'),
	(8921, 155, 'UK047', 'K'),
	(8922, 155, 'UK048', 'BK'),
	(8923, 155, 'UK049', 'BK'),
	(8924, 155, 'UK050', 'BK'),
	(8925, 155, 'UK051', 'BK'),
	(8926, 155, 'UK052', 'BK'),
	(8927, 155, 'UK053', 'BK'),
	(8928, 155, 'UK054', 'BK'),
	(8929, 155, 'UK055', 'BK'),
	(8930, 155, 'UK056', 'BK'),
	(8931, 155, 'UK057', 'BK'),
	(8932, 155, 'UK058', 'BK'),
	(8933, 156, 'UK001', 'BK'),
	(8934, 156, 'UK002', 'BK'),
	(8935, 156, 'UK003', 'BK'),
	(8936, 156, 'UK004', 'BK'),
	(8937, 156, 'UK005', 'BK'),
	(8938, 156, 'UK006', 'K'),
	(8939, 156, 'UK007', 'BK'),
	(8940, 156, 'UK008', 'K'),
	(8941, 156, 'UK009', 'BK'),
	(8942, 156, 'UK010', 'BK'),
	(8943, 156, 'UK011', 'BK'),
	(8944, 156, 'UK012', 'BK'),
	(8945, 156, 'UK013', 'K'),
	(8946, 156, 'UK014', 'BK'),
	(8947, 156, 'UK015', 'K'),
	(8948, 156, 'UK016', 'BK'),
	(8949, 156, 'UK017', 'BK'),
	(8950, 156, 'UK018', 'BK'),
	(8951, 156, 'UK019', 'K'),
	(8952, 156, 'UK020', 'K'),
	(8953, 156, 'UK021', 'K'),
	(8954, 156, 'UK022', 'K'),
	(8955, 156, 'UK023', 'K'),
	(8956, 156, 'UK024', 'K'),
	(8957, 156, 'UK025', 'K'),
	(8958, 156, 'UK026', 'K'),
	(8959, 156, 'UK027', 'BK'),
	(8960, 156, 'UK028', 'BK'),
	(8961, 156, 'UK029', 'BK'),
	(8962, 156, 'UK030', 'BK'),
	(8963, 156, 'UK031', 'K'),
	(8964, 156, 'UK032', 'BK'),
	(8965, 156, 'UK033', 'BK'),
	(8966, 156, 'UK034', 'BK'),
	(8967, 156, 'UK035', 'K'),
	(8968, 156, 'UK036', 'BK'),
	(8969, 156, 'UK037', 'BK'),
	(8970, 156, 'UK038', 'BK'),
	(8971, 156, 'UK039', 'BK'),
	(8972, 156, 'UK040', 'BK'),
	(8973, 156, 'UK041', 'BK'),
	(8974, 156, 'UK042', 'BK'),
	(8975, 156, 'UK043', 'BK'),
	(8976, 156, 'UK044', 'BK'),
	(8977, 156, 'UK045', 'BK'),
	(8978, 156, 'UK046', 'BK'),
	(8979, 156, 'UK047', 'BK'),
	(8980, 156, 'UK048', 'BK'),
	(8981, 156, 'UK049', 'K'),
	(8982, 156, 'UK050', 'BK'),
	(8983, 156, 'UK051', 'K'),
	(8984, 156, 'UK052', 'BK'),
	(8985, 156, 'UK053', 'BK'),
	(8986, 156, 'UK054', 'K'),
	(8987, 156, 'UK055', 'BK'),
	(8988, 156, 'UK056', 'BK'),
	(8989, 156, 'UK057', 'BK'),
	(8990, 156, 'UK058', 'BK'),
	(8991, 157, 'UK001', 'BK'),
	(8992, 157, 'UK002', 'BK'),
	(8993, 157, 'UK003', 'BK'),
	(8994, 157, 'UK004', 'BK'),
	(8995, 157, 'UK005', 'BK'),
	(8996, 157, 'UK006', 'K'),
	(8997, 157, 'UK007', 'BK'),
	(8998, 157, 'UK008', 'K'),
	(8999, 157, 'UK009', 'BK'),
	(9000, 157, 'UK010', 'BK'),
	(9001, 157, 'UK011', 'BK'),
	(9002, 157, 'UK012', 'BK'),
	(9003, 157, 'UK013', 'BK'),
	(9004, 157, 'UK014', 'BK'),
	(9005, 157, 'UK015', 'BK'),
	(9006, 157, 'UK016', 'BK'),
	(9007, 157, 'UK017', 'BK'),
	(9008, 157, 'UK018', 'BK'),
	(9009, 157, 'UK019', 'K'),
	(9010, 157, 'UK020', 'K'),
	(9011, 157, 'UK021', 'K'),
	(9012, 157, 'UK022', 'K'),
	(9013, 157, 'UK023', 'K'),
	(9014, 157, 'UK024', 'K'),
	(9015, 157, 'UK025', 'K'),
	(9016, 157, 'UK026', 'K'),
	(9017, 157, 'UK027', 'BK'),
	(9018, 157, 'UK028', 'BK'),
	(9019, 157, 'UK029', 'BK'),
	(9020, 157, 'UK030', 'BK'),
	(9021, 157, 'UK031', 'BK'),
	(9022, 157, 'UK032', 'BK'),
	(9023, 157, 'UK033', 'BK'),
	(9024, 157, 'UK034', 'BK'),
	(9025, 157, 'UK035', 'BK'),
	(9026, 157, 'UK036', 'BK'),
	(9027, 157, 'UK037', 'BK'),
	(9028, 157, 'UK038', 'BK'),
	(9029, 157, 'UK039', 'BK'),
	(9030, 157, 'UK040', 'BK'),
	(9031, 157, 'UK041', 'BK'),
	(9032, 157, 'UK042', 'K'),
	(9033, 157, 'UK043', 'BK'),
	(9034, 157, 'UK044', 'BK'),
	(9035, 157, 'UK045', 'BK'),
	(9036, 157, 'UK046', 'BK'),
	(9037, 157, 'UK047', 'BK'),
	(9038, 157, 'UK048', 'BK'),
	(9039, 157, 'UK049', 'BK'),
	(9040, 157, 'UK050', 'BK'),
	(9041, 157, 'UK051', 'BK'),
	(9042, 157, 'UK052', 'BK'),
	(9043, 157, 'UK053', 'K'),
	(9044, 157, 'UK054', 'BK'),
	(9045, 157, 'UK055', 'K'),
	(9046, 157, 'UK056', 'BK'),
	(9047, 157, 'UK057', 'BK'),
	(9048, 157, 'UK058', 'BK'),
	(9049, 158, 'UK001', 'BK'),
	(9050, 158, 'UK002', 'BK'),
	(9051, 158, 'UK003', 'BK'),
	(9052, 158, 'UK004', 'K'),
	(9053, 158, 'UK005', 'BK'),
	(9054, 158, 'UK006', 'BK'),
	(9055, 158, 'UK007', 'K'),
	(9056, 158, 'UK008', 'K'),
	(9057, 158, 'UK009', 'BK'),
	(9058, 158, 'UK010', 'BK'),
	(9059, 158, 'UK011', 'BK'),
	(9060, 158, 'UK012', 'BK'),
	(9061, 158, 'UK013', 'BK'),
	(9062, 158, 'UK014', 'BK'),
	(9063, 158, 'UK015', 'BK'),
	(9064, 158, 'UK016', 'K'),
	(9065, 158, 'UK017', 'K'),
	(9066, 158, 'UK018', 'BK'),
	(9067, 158, 'UK019', 'K'),
	(9068, 158, 'UK020', 'K'),
	(9069, 158, 'UK021', 'BK'),
	(9070, 158, 'UK022', 'K'),
	(9071, 158, 'UK023', 'K'),
	(9072, 158, 'UK024', 'K'),
	(9073, 158, 'UK025', 'K'),
	(9074, 158, 'UK026', 'BK'),
	(9075, 158, 'UK027', 'BK'),
	(9076, 158, 'UK028', 'BK'),
	(9077, 158, 'UK029', 'BK'),
	(9078, 158, 'UK030', 'BK'),
	(9079, 158, 'UK031', 'BK'),
	(9080, 158, 'UK032', 'K'),
	(9081, 158, 'UK033', 'K'),
	(9082, 158, 'UK034', 'K'),
	(9083, 158, 'UK035', 'K'),
	(9084, 158, 'UK036', 'BK'),
	(9085, 158, 'UK037', 'BK'),
	(9086, 158, 'UK038', 'K'),
	(9087, 158, 'UK039', 'BK'),
	(9088, 158, 'UK040', 'BK'),
	(9089, 158, 'UK041', 'BK'),
	(9090, 158, 'UK042', 'K'),
	(9091, 158, 'UK043', 'BK'),
	(9092, 158, 'UK044', 'BK'),
	(9093, 158, 'UK045', 'BK'),
	(9094, 158, 'UK046', 'BK'),
	(9095, 158, 'UK047', 'K'),
	(9096, 158, 'UK048', 'BK'),
	(9097, 158, 'UK049', 'BK'),
	(9098, 158, 'UK050', 'BK'),
	(9099, 158, 'UK051', 'BK'),
	(9100, 158, 'UK052', 'BK'),
	(9101, 158, 'UK053', 'BK'),
	(9102, 158, 'UK054', 'BK'),
	(9103, 158, 'UK055', 'BK'),
	(9104, 158, 'UK056', 'BK'),
	(9105, 158, 'UK057', 'BK'),
	(9106, 158, 'UK058', 'BK'),
	(9107, 159, 'UK001', 'BK'),
	(9108, 159, 'UK002', 'BK'),
	(9109, 159, 'UK003', 'BK'),
	(9110, 159, 'UK004', 'BK'),
	(9111, 159, 'UK005', 'BK'),
	(9112, 159, 'UK006', 'K'),
	(9113, 159, 'UK007', 'BK'),
	(9114, 159, 'UK008', 'K'),
	(9115, 159, 'UK009', 'K'),
	(9116, 159, 'UK010', 'BK'),
	(9117, 159, 'UK011', 'K'),
	(9118, 159, 'UK012', 'BK'),
	(9119, 159, 'UK013', 'BK'),
	(9120, 159, 'UK014', 'BK'),
	(9121, 159, 'UK015', 'BK'),
	(9122, 159, 'UK016', 'BK'),
	(9123, 159, 'UK017', 'BK'),
	(9124, 159, 'UK018', 'K'),
	(9125, 159, 'UK019', 'BK'),
	(9126, 159, 'UK020', 'K'),
	(9127, 159, 'UK021', 'K'),
	(9128, 159, 'UK022', 'K'),
	(9129, 159, 'UK023', 'K'),
	(9130, 159, 'UK024', 'BK'),
	(9131, 159, 'UK025', 'BK'),
	(9132, 159, 'UK026', 'BK'),
	(9133, 159, 'UK027', 'K'),
	(9134, 159, 'UK028', 'K'),
	(9135, 159, 'UK029', 'BK'),
	(9136, 159, 'UK030', 'BK'),
	(9137, 159, 'UK031', 'K'),
	(9138, 159, 'UK032', 'BK'),
	(9139, 159, 'UK033', 'BK'),
	(9140, 159, 'UK034', 'K'),
	(9141, 159, 'UK035', 'BK'),
	(9142, 159, 'UK036', 'BK'),
	(9143, 159, 'UK037', 'BK'),
	(9144, 159, 'UK038', 'BK'),
	(9145, 159, 'UK039', 'BK'),
	(9146, 159, 'UK040', 'BK'),
	(9147, 159, 'UK041', 'BK'),
	(9148, 159, 'UK042', 'BK'),
	(9149, 159, 'UK043', 'BK'),
	(9150, 159, 'UK044', 'K'),
	(9151, 159, 'UK045', 'K'),
	(9152, 159, 'UK046', 'BK'),
	(9153, 159, 'UK047', 'BK'),
	(9154, 159, 'UK048', 'BK'),
	(9155, 159, 'UK049', 'BK'),
	(9156, 159, 'UK050', 'BK'),
	(9157, 159, 'UK051', 'BK'),
	(9158, 159, 'UK052', 'K'),
	(9159, 159, 'UK053', 'BK'),
	(9160, 159, 'UK054', 'BK'),
	(9161, 159, 'UK055', 'BK'),
	(9162, 159, 'UK056', 'BK'),
	(9163, 159, 'UK057', 'BK'),
	(9164, 159, 'UK058', 'K'),
	(9165, 160, 'UK001', 'BK'),
	(9166, 160, 'UK002', 'BK'),
	(9167, 160, 'UK003', 'BK'),
	(9168, 160, 'UK004', 'K'),
	(9169, 160, 'UK005', 'K'),
	(9170, 160, 'UK006', 'K'),
	(9171, 160, 'UK007', 'BK'),
	(9172, 160, 'UK008', 'K'),
	(9173, 160, 'UK009', 'K'),
	(9174, 160, 'UK010', 'K'),
	(9175, 160, 'UK011', 'BK'),
	(9176, 160, 'UK012', 'BK'),
	(9177, 160, 'UK013', 'K'),
	(9178, 160, 'UK014', 'K'),
	(9179, 160, 'UK015', 'BK'),
	(9180, 160, 'UK016', 'K'),
	(9181, 160, 'UK017', 'K'),
	(9182, 160, 'UK018', 'BK'),
	(9183, 160, 'UK019', 'K'),
	(9184, 160, 'UK020', 'K'),
	(9185, 160, 'UK021', 'BK'),
	(9186, 160, 'UK022', 'K'),
	(9187, 160, 'UK023', 'K'),
	(9188, 160, 'UK024', 'K'),
	(9189, 160, 'UK025', 'K'),
	(9190, 160, 'UK026', 'BK'),
	(9191, 160, 'UK027', 'BK'),
	(9192, 160, 'UK028', 'K'),
	(9193, 160, 'UK029', 'BK'),
	(9194, 160, 'UK030', 'K'),
	(9195, 160, 'UK031', 'BK'),
	(9196, 160, 'UK032', 'BK'),
	(9197, 160, 'UK033', 'BK'),
	(9198, 160, 'UK034', 'BK'),
	(9199, 160, 'UK035', 'BK'),
	(9200, 160, 'UK036', 'BK'),
	(9201, 160, 'UK037', 'BK'),
	(9202, 160, 'UK038', 'BK'),
	(9203, 160, 'UK039', 'BK'),
	(9204, 160, 'UK040', 'BK'),
	(9205, 160, 'UK041', 'K'),
	(9206, 160, 'UK042', 'BK'),
	(9207, 160, 'UK043', 'BK'),
	(9208, 160, 'UK044', 'BK'),
	(9209, 160, 'UK045', 'BK'),
	(9210, 160, 'UK046', 'K'),
	(9211, 160, 'UK047', 'BK'),
	(9212, 160, 'UK048', 'BK'),
	(9213, 160, 'UK049', 'BK'),
	(9214, 160, 'UK050', 'BK'),
	(9215, 160, 'UK051', 'K'),
	(9216, 160, 'UK052', 'BK'),
	(9217, 160, 'UK053', 'BK'),
	(9218, 160, 'UK054', 'BK'),
	(9219, 160, 'UK055', 'BK'),
	(9220, 160, 'UK056', 'K'),
	(9221, 160, 'UK057', 'BK'),
	(9222, 160, 'UK058', 'BK'),
	(9223, 161, 'UK001', 'BK'),
	(9224, 161, 'UK002', 'BK'),
	(9225, 161, 'UK003', 'BK'),
	(9226, 161, 'UK004', 'BK'),
	(9227, 161, 'UK005', 'BK'),
	(9228, 161, 'UK006', 'K'),
	(9229, 161, 'UK007', 'BK'),
	(9230, 161, 'UK008', 'K'),
	(9231, 161, 'UK009', 'BK'),
	(9232, 161, 'UK010', 'BK'),
	(9233, 161, 'UK011', 'K'),
	(9234, 161, 'UK012', 'BK'),
	(9235, 161, 'UK013', 'BK'),
	(9236, 161, 'UK014', 'K'),
	(9237, 161, 'UK015', 'BK'),
	(9238, 161, 'UK016', 'BK'),
	(9239, 161, 'UK017', 'BK'),
	(9240, 161, 'UK018', 'BK'),
	(9241, 161, 'UK019', 'K'),
	(9242, 161, 'UK020', 'K'),
	(9243, 161, 'UK021', 'K'),
	(9244, 161, 'UK022', 'K'),
	(9245, 161, 'UK023', 'BK'),
	(9246, 161, 'UK024', 'BK'),
	(9247, 161, 'UK025', 'K'),
	(9248, 161, 'UK026', 'K'),
	(9249, 161, 'UK027', 'BK'),
	(9250, 161, 'UK028', 'K'),
	(9251, 161, 'UK029', 'BK'),
	(9252, 161, 'UK030', 'K'),
	(9253, 161, 'UK031', 'BK'),
	(9254, 161, 'UK032', 'BK'),
	(9255, 161, 'UK033', 'BK'),
	(9256, 161, 'UK034', 'BK'),
	(9257, 161, 'UK035', 'K'),
	(9258, 161, 'UK036', 'BK'),
	(9259, 161, 'UK037', 'BK'),
	(9260, 161, 'UK038', 'BK'),
	(9261, 161, 'UK039', 'K'),
	(9262, 161, 'UK040', 'BK'),
	(9263, 161, 'UK041', 'BK'),
	(9264, 161, 'UK042', 'BK'),
	(9265, 161, 'UK043', 'BK'),
	(9266, 161, 'UK044', 'BK'),
	(9267, 161, 'UK045', 'BK'),
	(9268, 161, 'UK046', 'BK'),
	(9269, 161, 'UK047', 'BK'),
	(9270, 161, 'UK048', 'K'),
	(9271, 161, 'UK049', 'BK'),
	(9272, 161, 'UK050', 'BK'),
	(9273, 161, 'UK051', 'BK'),
	(9274, 161, 'UK052', 'BK'),
	(9275, 161, 'UK053', 'K'),
	(9276, 161, 'UK054', 'BK'),
	(9277, 161, 'UK055', 'BK'),
	(9278, 161, 'UK056', 'BK'),
	(9279, 161, 'UK057', 'BK'),
	(9280, 161, 'UK058', 'BK'),
	(9281, 162, 'UK001', 'K'),
	(9282, 162, 'UK002', 'K'),
	(9283, 162, 'UK003', 'K'),
	(9284, 162, 'UK004', 'K'),
	(9285, 162, 'UK005', 'K'),
	(9286, 162, 'UK006', 'K'),
	(9287, 162, 'UK007', 'K'),
	(9288, 162, 'UK008', 'K'),
	(9289, 162, 'UK009', 'BK'),
	(9290, 162, 'UK010', 'K'),
	(9291, 162, 'UK011', 'K'),
	(9292, 162, 'UK012', 'K'),
	(9293, 162, 'UK013', 'K'),
	(9294, 162, 'UK014', 'BK'),
	(9295, 162, 'UK015', 'K'),
	(9296, 162, 'UK016', 'K'),
	(9297, 162, 'UK017', 'K'),
	(9298, 162, 'UK018', 'K'),
	(9299, 162, 'UK019', 'BK'),
	(9300, 162, 'UK020', 'BK'),
	(9301, 162, 'UK021', 'BK'),
	(9302, 162, 'UK022', 'BK'),
	(9303, 162, 'UK023', 'BK'),
	(9304, 162, 'UK024', 'BK'),
	(9305, 162, 'UK025', 'BK'),
	(9306, 162, 'UK026', 'BK'),
	(9307, 162, 'UK027', 'BK'),
	(9308, 162, 'UK028', 'K'),
	(9309, 162, 'UK029', 'BK'),
	(9310, 162, 'UK030', 'K'),
	(9311, 162, 'UK031', 'BK'),
	(9312, 162, 'UK032', 'BK'),
	(9313, 162, 'UK033', 'BK'),
	(9314, 162, 'UK034', 'BK'),
	(9315, 162, 'UK035', 'K'),
	(9316, 162, 'UK036', 'BK'),
	(9317, 162, 'UK037', 'BK'),
	(9318, 162, 'UK038', 'K'),
	(9319, 162, 'UK039', 'BK'),
	(9320, 162, 'UK040', 'BK'),
	(9321, 162, 'UK041', 'BK'),
	(9322, 162, 'UK042', 'BK'),
	(9323, 162, 'UK043', 'K'),
	(9324, 162, 'UK044', 'BK'),
	(9325, 162, 'UK045', 'K'),
	(9326, 162, 'UK046', 'K'),
	(9327, 162, 'UK047', 'BK'),
	(9328, 162, 'UK048', 'BK'),
	(9329, 162, 'UK049', 'BK'),
	(9330, 162, 'UK050', 'BK'),
	(9331, 162, 'UK051', 'K'),
	(9332, 162, 'UK052', 'BK'),
	(9333, 162, 'UK053', 'BK'),
	(9334, 162, 'UK054', 'BK'),
	(9335, 162, 'UK055', 'BK'),
	(9336, 162, 'UK056', 'BK'),
	(9337, 162, 'UK057', 'BK'),
	(9338, 162, 'UK058', 'BK'),
	(9339, 163, 'UK001', 'K'),
	(9340, 163, 'UK002', 'BK'),
	(9341, 163, 'UK003', 'K'),
	(9342, 163, 'UK004', 'K'),
	(9343, 163, 'UK005', 'K'),
	(9344, 163, 'UK006', 'K'),
	(9345, 163, 'UK007', 'K'),
	(9346, 163, 'UK008', 'K'),
	(9347, 163, 'UK009', 'K'),
	(9348, 163, 'UK010', 'K'),
	(9349, 163, 'UK011', 'BK'),
	(9350, 163, 'UK012', 'K'),
	(9351, 163, 'UK013', 'K'),
	(9352, 163, 'UK014', 'K'),
	(9353, 163, 'UK015', 'K'),
	(9354, 163, 'UK016', 'K'),
	(9355, 163, 'UK017', 'K'),
	(9356, 163, 'UK018', 'K'),
	(9357, 163, 'UK019', 'K'),
	(9358, 163, 'UK020', 'BK'),
	(9359, 163, 'UK021', 'K'),
	(9360, 163, 'UK022', 'BK'),
	(9361, 163, 'UK023', 'K'),
	(9362, 163, 'UK024', 'K'),
	(9363, 163, 'UK025', 'BK'),
	(9364, 163, 'UK026', 'K'),
	(9365, 163, 'UK027', 'BK'),
	(9366, 163, 'UK028', 'BK'),
	(9367, 163, 'UK029', 'K'),
	(9368, 163, 'UK030', 'K'),
	(9369, 163, 'UK031', 'BK'),
	(9370, 163, 'UK032', 'BK'),
	(9371, 163, 'UK033', 'K'),
	(9372, 163, 'UK034', 'BK'),
	(9373, 163, 'UK035', 'K'),
	(9374, 163, 'UK036', 'BK'),
	(9375, 163, 'UK037', 'K'),
	(9376, 163, 'UK038', 'BK'),
	(9377, 163, 'UK039', 'BK'),
	(9378, 163, 'UK040', 'BK'),
	(9379, 163, 'UK041', 'K'),
	(9380, 163, 'UK042', 'BK'),
	(9381, 163, 'UK043', 'BK'),
	(9382, 163, 'UK044', 'BK'),
	(9383, 163, 'UK045', 'BK'),
	(9384, 163, 'UK046', 'K'),
	(9385, 163, 'UK047', 'K'),
	(9386, 163, 'UK048', 'BK'),
	(9387, 163, 'UK049', 'BK'),
	(9388, 163, 'UK050', 'BK'),
	(9389, 163, 'UK051', 'K'),
	(9390, 163, 'UK052', 'BK'),
	(9391, 163, 'UK053', 'K'),
	(9392, 163, 'UK054', 'BK'),
	(9393, 163, 'UK055', 'BK'),
	(9394, 163, 'UK056', 'K'),
	(9395, 163, 'UK057', 'BK'),
	(9396, 163, 'UK058', 'BK'),
	(9397, 164, 'UK001', 'K'),
	(9398, 164, 'UK002', 'BK'),
	(9399, 164, 'UK003', 'K'),
	(9400, 164, 'UK004', 'BK'),
	(9401, 164, 'UK005', 'K'),
	(9402, 164, 'UK006', 'K'),
	(9403, 164, 'UK007', 'K'),
	(9404, 164, 'UK008', 'K'),
	(9405, 164, 'UK009', 'K'),
	(9406, 164, 'UK010', 'K'),
	(9407, 164, 'UK011', 'K'),
	(9408, 164, 'UK012', 'BK'),
	(9409, 164, 'UK013', 'BK'),
	(9410, 164, 'UK014', 'K'),
	(9411, 164, 'UK015', 'K'),
	(9412, 164, 'UK016', 'K'),
	(9413, 164, 'UK017', 'K'),
	(9414, 164, 'UK018', 'K'),
	(9415, 164, 'UK019', 'K'),
	(9416, 164, 'UK020', 'BK'),
	(9417, 164, 'UK021', 'K'),
	(9418, 164, 'UK022', 'K'),
	(9419, 164, 'UK023', 'BK'),
	(9420, 164, 'UK024', 'BK'),
	(9421, 164, 'UK025', 'BK'),
	(9422, 164, 'UK026', 'K'),
	(9423, 164, 'UK027', 'BK'),
	(9424, 164, 'UK028', 'BK'),
	(9425, 164, 'UK029', 'K'),
	(9426, 164, 'UK030', 'K'),
	(9427, 164, 'UK031', 'BK'),
	(9428, 164, 'UK032', 'BK'),
	(9429, 164, 'UK033', 'BK'),
	(9430, 164, 'UK034', 'K'),
	(9431, 164, 'UK035', 'K'),
	(9432, 164, 'UK036', 'BK'),
	(9433, 164, 'UK037', 'BK'),
	(9434, 164, 'UK038', 'K'),
	(9435, 164, 'UK039', 'K'),
	(9436, 164, 'UK040', 'K'),
	(9437, 164, 'UK041', 'K'),
	(9438, 164, 'UK042', 'BK'),
	(9439, 164, 'UK043', 'K'),
	(9440, 164, 'UK044', 'BK'),
	(9441, 164, 'UK045', 'BK'),
	(9442, 164, 'UK046', 'K'),
	(9443, 164, 'UK047', 'K'),
	(9444, 164, 'UK048', 'K'),
	(9445, 164, 'UK049', 'BK'),
	(9446, 164, 'UK050', 'BK'),
	(9447, 164, 'UK051', 'BK'),
	(9448, 164, 'UK052', 'BK'),
	(9449, 164, 'UK053', 'BK'),
	(9450, 164, 'UK054', 'K'),
	(9451, 164, 'UK055', 'K'),
	(9452, 164, 'UK056', 'BK'),
	(9453, 164, 'UK057', 'BK'),
	(9454, 164, 'UK058', 'BK'),
	(9455, 165, 'UK001', 'K'),
	(9456, 165, 'UK002', 'BK'),
	(9457, 165, 'UK003', 'BK'),
	(9458, 165, 'UK004', 'K'),
	(9459, 165, 'UK005', 'K'),
	(9460, 165, 'UK006', 'K'),
	(9461, 165, 'UK007', 'K'),
	(9462, 165, 'UK008', 'K'),
	(9463, 165, 'UK009', 'K'),
	(9464, 165, 'UK010', 'K'),
	(9465, 165, 'UK011', 'K'),
	(9466, 165, 'UK012', 'K'),
	(9467, 165, 'UK013', 'K'),
	(9468, 165, 'UK014', 'K'),
	(9469, 165, 'UK015', 'BK'),
	(9470, 165, 'UK016', 'K'),
	(9471, 165, 'UK017', 'BK'),
	(9472, 165, 'UK018', 'K'),
	(9473, 165, 'UK019', 'BK'),
	(9474, 165, 'UK020', 'BK'),
	(9475, 165, 'UK021', 'BK'),
	(9476, 165, 'UK022', 'BK'),
	(9477, 165, 'UK023', 'K'),
	(9478, 165, 'UK024', 'BK'),
	(9479, 165, 'UK025', 'BK'),
	(9480, 165, 'UK026', 'BK'),
	(9481, 165, 'UK027', 'K'),
	(9482, 165, 'UK028', 'BK'),
	(9483, 165, 'UK029', 'BK'),
	(9484, 165, 'UK030', 'BK'),
	(9485, 165, 'UK031', 'BK'),
	(9486, 165, 'UK032', 'K'),
	(9487, 165, 'UK033', 'BK'),
	(9488, 165, 'UK034', 'BK'),
	(9489, 165, 'UK035', 'BK'),
	(9490, 165, 'UK036', 'BK'),
	(9491, 165, 'UK037', 'BK'),
	(9492, 165, 'UK038', 'BK'),
	(9493, 165, 'UK039', 'BK'),
	(9494, 165, 'UK040', 'BK'),
	(9495, 165, 'UK041', 'BK'),
	(9496, 165, 'UK042', 'BK'),
	(9497, 165, 'UK043', 'BK'),
	(9498, 165, 'UK044', 'BK'),
	(9499, 165, 'UK045', 'BK'),
	(9500, 165, 'UK046', 'BK'),
	(9501, 165, 'UK047', 'BK'),
	(9502, 165, 'UK048', 'BK'),
	(9503, 165, 'UK049', 'BK'),
	(9504, 165, 'UK050', 'BK'),
	(9505, 165, 'UK051', 'BK'),
	(9506, 165, 'UK052', 'BK'),
	(9507, 165, 'UK053', 'BK'),
	(9508, 165, 'UK054', 'BK'),
	(9509, 165, 'UK055', 'BK'),
	(9510, 165, 'UK056', 'BK'),
	(9511, 165, 'UK057', 'BK'),
	(9512, 165, 'UK058', 'BK'),
	(9513, 166, 'UK001', 'K'),
	(9514, 166, 'UK002', 'K'),
	(9515, 166, 'UK003', 'K'),
	(9516, 166, 'UK004', 'K'),
	(9517, 166, 'UK005', 'K'),
	(9518, 166, 'UK006', 'K'),
	(9519, 166, 'UK007', 'K'),
	(9520, 166, 'UK008', 'K'),
	(9521, 166, 'UK009', 'K'),
	(9522, 166, 'UK010', 'BK'),
	(9523, 166, 'UK011', 'BK'),
	(9524, 166, 'UK012', 'K'),
	(9525, 166, 'UK013', 'K'),
	(9526, 166, 'UK014', 'BK'),
	(9527, 166, 'UK015', 'K'),
	(9528, 166, 'UK016', 'BK'),
	(9529, 166, 'UK017', 'BK'),
	(9530, 166, 'UK018', 'K'),
	(9531, 166, 'UK019', 'K'),
	(9532, 166, 'UK020', 'BK'),
	(9533, 166, 'UK021', 'BK'),
	(9534, 166, 'UK022', 'BK'),
	(9535, 166, 'UK023', 'BK'),
	(9536, 166, 'UK024', 'BK'),
	(9537, 166, 'UK025', 'BK'),
	(9538, 166, 'UK026', 'K'),
	(9539, 166, 'UK027', 'K'),
	(9540, 166, 'UK028', 'K'),
	(9541, 166, 'UK029', 'BK'),
	(9542, 166, 'UK030', 'BK'),
	(9543, 166, 'UK031', 'BK'),
	(9544, 166, 'UK032', 'K'),
	(9545, 166, 'UK033', 'BK'),
	(9546, 166, 'UK034', 'K'),
	(9547, 166, 'UK035', 'BK'),
	(9548, 166, 'UK036', 'BK'),
	(9549, 166, 'UK037', 'K'),
	(9550, 166, 'UK038', 'BK'),
	(9551, 166, 'UK039', 'BK'),
	(9552, 166, 'UK040', 'BK'),
	(9553, 166, 'UK041', 'BK'),
	(9554, 166, 'UK042', 'BK'),
	(9555, 166, 'UK043', 'BK'),
	(9556, 166, 'UK044', 'BK'),
	(9557, 166, 'UK045', 'BK'),
	(9558, 166, 'UK046', 'BK'),
	(9559, 166, 'UK047', 'BK'),
	(9560, 166, 'UK048', 'BK'),
	(9561, 166, 'UK049', 'BK'),
	(9562, 166, 'UK050', 'BK'),
	(9563, 166, 'UK051', 'BK'),
	(9564, 166, 'UK052', 'BK'),
	(9565, 166, 'UK053', 'BK'),
	(9566, 166, 'UK054', 'BK'),
	(9567, 166, 'UK055', 'BK'),
	(9568, 166, 'UK056', 'BK'),
	(9569, 166, 'UK057', 'BK'),
	(9570, 166, 'UK058', 'BK'),
	(9571, 167, 'UK001', 'BK'),
	(9572, 167, 'UK002', 'BK'),
	(9573, 167, 'UK003', 'BK'),
	(9574, 167, 'UK004', 'BK'),
	(9575, 167, 'UK005', 'BK'),
	(9576, 167, 'UK006', 'K'),
	(9577, 167, 'UK007', 'BK'),
	(9578, 167, 'UK008', 'K'),
	(9579, 167, 'UK009', 'BK'),
	(9580, 167, 'UK010', 'BK'),
	(9581, 167, 'UK011', 'BK'),
	(9582, 167, 'UK012', 'BK'),
	(9583, 167, 'UK013', 'BK'),
	(9584, 167, 'UK014', 'BK'),
	(9585, 167, 'UK015', 'BK'),
	(9586, 167, 'UK016', 'K'),
	(9587, 167, 'UK017', 'BK'),
	(9588, 167, 'UK018', 'K'),
	(9589, 167, 'UK019', 'K'),
	(9590, 167, 'UK020', 'K'),
	(9591, 167, 'UK021', 'K'),
	(9592, 167, 'UK022', 'K'),
	(9593, 167, 'UK023', 'K'),
	(9594, 167, 'UK024', 'BK'),
	(9595, 167, 'UK025', 'K'),
	(9596, 167, 'UK026', 'BK'),
	(9597, 167, 'UK027', 'BK'),
	(9598, 167, 'UK028', 'BK'),
	(9599, 167, 'UK029', 'BK'),
	(9600, 167, 'UK030', 'BK'),
	(9601, 167, 'UK031', 'BK'),
	(9602, 167, 'UK032', 'BK'),
	(9603, 167, 'UK033', 'BK'),
	(9604, 167, 'UK034', 'BK'),
	(9605, 167, 'UK035', 'BK'),
	(9606, 167, 'UK036', 'K'),
	(9607, 167, 'UK037', 'K'),
	(9608, 167, 'UK038', 'BK'),
	(9609, 167, 'UK039', 'BK'),
	(9610, 167, 'UK040', 'K'),
	(9611, 167, 'UK041', 'BK'),
	(9612, 167, 'UK042', 'BK'),
	(9613, 167, 'UK043', 'BK'),
	(9614, 167, 'UK044', 'BK'),
	(9615, 167, 'UK045', 'BK'),
	(9616, 167, 'UK046', 'BK'),
	(9617, 167, 'UK047', 'BK'),
	(9618, 167, 'UK048', 'BK'),
	(9619, 167, 'UK049', 'BK'),
	(9620, 167, 'UK050', 'BK'),
	(9621, 167, 'UK051', 'BK'),
	(9622, 167, 'UK052', 'BK'),
	(9623, 167, 'UK053', 'BK'),
	(9624, 167, 'UK054', 'BK'),
	(9625, 167, 'UK055', 'BK'),
	(9626, 167, 'UK056', 'BK'),
	(9627, 167, 'UK057', 'K'),
	(9628, 167, 'UK058', 'BK'),
	(9629, 168, 'UK001', 'BK'),
	(9630, 168, 'UK002', 'BK'),
	(9631, 168, 'UK003', 'BK'),
	(9632, 168, 'UK004', 'K'),
	(9633, 168, 'UK005', 'BK'),
	(9634, 168, 'UK006', 'K'),
	(9635, 168, 'UK007', 'BK'),
	(9636, 168, 'UK008', 'K'),
	(9637, 168, 'UK009', 'K'),
	(9638, 168, 'UK010', 'BK'),
	(9639, 168, 'UK011', 'BK'),
	(9640, 168, 'UK012', 'BK'),
	(9641, 168, 'UK013', 'BK'),
	(9642, 168, 'UK014', 'BK'),
	(9643, 168, 'UK015', 'BK'),
	(9644, 168, 'UK016', 'K'),
	(9645, 168, 'UK017', 'K'),
	(9646, 168, 'UK018', 'BK'),
	(9647, 168, 'UK019', 'K'),
	(9648, 168, 'UK020', 'K'),
	(9649, 168, 'UK021', 'K'),
	(9650, 168, 'UK022', 'BK'),
	(9651, 168, 'UK023', 'K'),
	(9652, 168, 'UK024', 'K'),
	(9653, 168, 'UK025', 'K'),
	(9654, 168, 'UK026', 'K'),
	(9655, 168, 'UK027', 'BK'),
	(9656, 168, 'UK028', 'BK'),
	(9657, 168, 'UK029', 'BK'),
	(9658, 168, 'UK030', 'BK'),
	(9659, 168, 'UK031', 'K'),
	(9660, 168, 'UK032', 'BK'),
	(9661, 168, 'UK033', 'BK'),
	(9662, 168, 'UK034', 'BK'),
	(9663, 168, 'UK035', 'K'),
	(9664, 168, 'UK036', 'BK'),
	(9665, 168, 'UK037', 'BK'),
	(9666, 168, 'UK038', 'K'),
	(9667, 168, 'UK039', 'BK'),
	(9668, 168, 'UK040', 'BK'),
	(9669, 168, 'UK041', 'BK'),
	(9670, 168, 'UK042', 'K'),
	(9671, 168, 'UK043', 'BK'),
	(9672, 168, 'UK044', 'BK'),
	(9673, 168, 'UK045', 'BK'),
	(9674, 168, 'UK046', 'BK'),
	(9675, 168, 'UK047', 'K'),
	(9676, 168, 'UK048', 'BK'),
	(9677, 168, 'UK049', 'BK'),
	(9678, 168, 'UK050', 'K'),
	(9679, 168, 'UK051', 'K'),
	(9680, 168, 'UK052', 'BK'),
	(9681, 168, 'UK053', 'BK'),
	(9682, 168, 'UK054', 'BK'),
	(9683, 168, 'UK055', 'BK'),
	(9684, 168, 'UK056', 'BK'),
	(9685, 168, 'UK057', 'BK'),
	(9686, 168, 'UK058', 'BK'),
	(9687, 169, 'UK001', 'BK'),
	(9688, 169, 'UK002', 'BK'),
	(9689, 169, 'UK003', 'BK'),
	(9690, 169, 'UK004', 'BK'),
	(9691, 169, 'UK005', 'K'),
	(9692, 169, 'UK006', 'K'),
	(9693, 169, 'UK007', 'K'),
	(9694, 169, 'UK008', 'K'),
	(9695, 169, 'UK009', 'BK'),
	(9696, 169, 'UK010', 'BK'),
	(9697, 169, 'UK011', 'BK'),
	(9698, 169, 'UK012', 'BK'),
	(9699, 169, 'UK013', 'BK'),
	(9700, 169, 'UK014', 'BK'),
	(9701, 169, 'UK015', 'BK'),
	(9702, 169, 'UK016', 'BK'),
	(9703, 169, 'UK017', 'BK'),
	(9704, 169, 'UK018', 'BK'),
	(9705, 169, 'UK019', 'K'),
	(9706, 169, 'UK020', 'K'),
	(9707, 169, 'UK021', 'K'),
	(9708, 169, 'UK022', 'K'),
	(9709, 169, 'UK023', 'K'),
	(9710, 169, 'UK024', 'K'),
	(9711, 169, 'UK025', 'K'),
	(9712, 169, 'UK026', 'BK'),
	(9713, 169, 'UK027', 'BK'),
	(9714, 169, 'UK028', 'K'),
	(9715, 169, 'UK029', 'BK'),
	(9716, 169, 'UK030', 'K'),
	(9717, 169, 'UK031', 'BK'),
	(9718, 169, 'UK032', 'BK'),
	(9719, 169, 'UK033', 'BK'),
	(9720, 169, 'UK034', 'BK'),
	(9721, 169, 'UK035', 'K'),
	(9722, 169, 'UK036', 'BK'),
	(9723, 169, 'UK037', 'BK'),
	(9724, 169, 'UK038', 'BK'),
	(9725, 169, 'UK039', 'BK'),
	(9726, 169, 'UK040', 'K'),
	(9727, 169, 'UK041', 'BK'),
	(9728, 169, 'UK042', 'BK'),
	(9729, 169, 'UK043', 'K'),
	(9730, 169, 'UK044', 'BK'),
	(9731, 169, 'UK045', 'BK'),
	(9732, 169, 'UK046', 'BK'),
	(9733, 169, 'UK047', 'K'),
	(9734, 169, 'UK048', 'BK'),
	(9735, 169, 'UK049', 'BK'),
	(9736, 169, 'UK050', 'K'),
	(9737, 169, 'UK051', 'BK'),
	(9738, 169, 'UK052', 'BK'),
	(9739, 169, 'UK053', 'K'),
	(9740, 169, 'UK054', 'K'),
	(9741, 169, 'UK055', 'BK'),
	(9742, 169, 'UK056', 'K'),
	(9743, 169, 'UK057', 'BK'),
	(9744, 169, 'UK058', 'BK'),
	(9745, 170, 'UK001', 'BK'),
	(9746, 170, 'UK002', 'BK'),
	(9747, 170, 'UK003', 'K'),
	(9748, 170, 'UK004', 'BK'),
	(9749, 170, 'UK005', 'BK'),
	(9750, 170, 'UK006', 'K'),
	(9751, 170, 'UK007', 'BK'),
	(9752, 170, 'UK008', 'K'),
	(9753, 170, 'UK009', 'BK'),
	(9754, 170, 'UK010', 'BK'),
	(9755, 170, 'UK011', 'BK'),
	(9756, 170, 'UK012', 'BK'),
	(9757, 170, 'UK013', 'BK'),
	(9758, 170, 'UK014', 'BK'),
	(9759, 170, 'UK015', 'BK'),
	(9760, 170, 'UK016', 'BK'),
	(9761, 170, 'UK017', 'K'),
	(9762, 170, 'UK018', 'BK'),
	(9763, 170, 'UK019', 'K'),
	(9764, 170, 'UK020', 'K'),
	(9765, 170, 'UK021', 'K'),
	(9766, 170, 'UK022', 'K'),
	(9767, 170, 'UK023', 'BK'),
	(9768, 170, 'UK024', 'BK'),
	(9769, 170, 'UK025', 'K'),
	(9770, 170, 'UK026', 'K'),
	(9771, 170, 'UK027', 'BK'),
	(9772, 170, 'UK028', 'K'),
	(9773, 170, 'UK029', 'BK'),
	(9774, 170, 'UK030', 'BK'),
	(9775, 170, 'UK031', 'BK'),
	(9776, 170, 'UK032', 'BK'),
	(9777, 170, 'UK033', 'BK'),
	(9778, 170, 'UK034', 'BK'),
	(9779, 170, 'UK035', 'K'),
	(9780, 170, 'UK036', 'BK'),
	(9781, 170, 'UK037', 'K'),
	(9782, 170, 'UK038', 'BK'),
	(9783, 170, 'UK039', 'BK'),
	(9784, 170, 'UK040', 'BK'),
	(9785, 170, 'UK041', 'K'),
	(9786, 170, 'UK042', 'K'),
	(9787, 170, 'UK043', 'BK'),
	(9788, 170, 'UK044', 'BK'),
	(9789, 170, 'UK045', 'BK'),
	(9790, 170, 'UK046', 'BK'),
	(9791, 170, 'UK047', 'BK'),
	(9792, 170, 'UK048', 'BK'),
	(9793, 170, 'UK049', 'K'),
	(9794, 170, 'UK050', 'BK'),
	(9795, 170, 'UK051', 'BK'),
	(9796, 170, 'UK052', 'BK'),
	(9797, 170, 'UK053', 'K'),
	(9798, 170, 'UK054', 'BK'),
	(9799, 170, 'UK055', 'BK'),
	(9800, 170, 'UK056', 'BK'),
	(9801, 170, 'UK057', 'BK'),
	(9802, 170, 'UK058', 'BK'),
	(9803, 171, 'UK001', 'BK'),
	(9804, 171, 'UK002', 'BK'),
	(9805, 171, 'UK003', 'BK'),
	(9806, 171, 'UK004', 'BK'),
	(9807, 171, 'UK005', 'BK'),
	(9808, 171, 'UK006', 'K'),
	(9809, 171, 'UK007', 'BK'),
	(9810, 171, 'UK008', 'BK'),
	(9811, 171, 'UK009', 'BK'),
	(9812, 171, 'UK010', 'BK'),
	(9813, 171, 'UK011', 'BK'),
	(9814, 171, 'UK012', 'BK'),
	(9815, 171, 'UK013', 'BK'),
	(9816, 171, 'UK014', 'BK'),
	(9817, 171, 'UK015', 'K'),
	(9818, 171, 'UK016', 'BK'),
	(9819, 171, 'UK017', 'BK'),
	(9820, 171, 'UK018', 'BK'),
	(9821, 171, 'UK019', 'K'),
	(9822, 171, 'UK020', 'K'),
	(9823, 171, 'UK021', 'K'),
	(9824, 171, 'UK022', 'K'),
	(9825, 171, 'UK023', 'K'),
	(9826, 171, 'UK024', 'K'),
	(9827, 171, 'UK025', 'K'),
	(9828, 171, 'UK026', 'K'),
	(9829, 171, 'UK027', 'BK'),
	(9830, 171, 'UK028', 'BK'),
	(9831, 171, 'UK029', 'BK'),
	(9832, 171, 'UK030', 'K'),
	(9833, 171, 'UK031', 'BK'),
	(9834, 171, 'UK032', 'BK'),
	(9835, 171, 'UK033', 'BK'),
	(9836, 171, 'UK034', 'K'),
	(9837, 171, 'UK035', 'K'),
	(9838, 171, 'UK036', 'BK'),
	(9839, 171, 'UK037', 'BK'),
	(9840, 171, 'UK038', 'K'),
	(9841, 171, 'UK039', 'BK'),
	(9842, 171, 'UK040', 'K'),
	(9843, 171, 'UK041', 'K'),
	(9844, 171, 'UK042', 'BK'),
	(9845, 171, 'UK043', 'BK'),
	(9846, 171, 'UK044', 'BK'),
	(9847, 171, 'UK045', 'BK'),
	(9848, 171, 'UK046', 'BK'),
	(9849, 171, 'UK047', 'BK'),
	(9850, 171, 'UK048', 'BK'),
	(9851, 171, 'UK049', 'BK'),
	(9852, 171, 'UK050', 'BK'),
	(9853, 171, 'UK051', 'BK'),
	(9854, 171, 'UK052', 'BK'),
	(9855, 171, 'UK053', 'K'),
	(9856, 171, 'UK054', 'BK'),
	(9857, 171, 'UK055', 'BK'),
	(9858, 171, 'UK056', 'BK'),
	(9859, 171, 'UK057', 'BK'),
	(9860, 171, 'UK058', 'BK'),
	(9861, 172, 'UK001', 'BK'),
	(9862, 172, 'UK002', 'BK'),
	(9863, 172, 'UK003', 'BK'),
	(9864, 172, 'UK004', 'BK'),
	(9865, 172, 'UK005', 'BK'),
	(9866, 172, 'UK006', 'BK'),
	(9867, 172, 'UK007', 'BK'),
	(9868, 172, 'UK008', 'K'),
	(9869, 172, 'UK009', 'K'),
	(9870, 172, 'UK010', 'BK'),
	(9871, 172, 'UK011', 'BK'),
	(9872, 172, 'UK012', 'K'),
	(9873, 172, 'UK013', 'BK'),
	(9874, 172, 'UK014', 'BK'),
	(9875, 172, 'UK015', 'K'),
	(9876, 172, 'UK016', 'BK'),
	(9877, 172, 'UK017', 'BK'),
	(9878, 172, 'UK018', 'BK'),
	(9879, 172, 'UK019', 'K'),
	(9880, 172, 'UK020', 'K'),
	(9881, 172, 'UK021', 'K'),
	(9882, 172, 'UK022', 'K'),
	(9883, 172, 'UK023', 'K'),
	(9884, 172, 'UK024', 'K'),
	(9885, 172, 'UK025', 'K'),
	(9886, 172, 'UK026', 'K'),
	(9887, 172, 'UK027', 'BK'),
	(9888, 172, 'UK028', 'BK'),
	(9889, 172, 'UK029', 'K'),
	(9890, 172, 'UK030', 'BK'),
	(9891, 172, 'UK031', 'BK'),
	(9892, 172, 'UK032', 'BK'),
	(9893, 172, 'UK033', 'BK'),
	(9894, 172, 'UK034', 'BK'),
	(9895, 172, 'UK035', 'BK'),
	(9896, 172, 'UK036', 'BK'),
	(9897, 172, 'UK037', 'BK'),
	(9898, 172, 'UK038', 'BK'),
	(9899, 172, 'UK039', 'BK'),
	(9900, 172, 'UK040', 'BK'),
	(9901, 172, 'UK041', 'BK'),
	(9902, 172, 'UK042', 'BK'),
	(9903, 172, 'UK043', 'BK'),
	(9904, 172, 'UK044', 'BK'),
	(9905, 172, 'UK045', 'BK'),
	(9906, 172, 'UK046', 'BK'),
	(9907, 172, 'UK047', 'BK'),
	(9908, 172, 'UK048', 'BK'),
	(9909, 172, 'UK049', 'BK'),
	(9910, 172, 'UK050', 'BK'),
	(9911, 172, 'UK051', 'K'),
	(9912, 172, 'UK052', 'K'),
	(9913, 172, 'UK053', 'BK'),
	(9914, 172, 'UK054', 'K'),
	(9915, 172, 'UK055', 'BK'),
	(9916, 172, 'UK056', 'BK'),
	(9917, 172, 'UK057', 'BK'),
	(9918, 172, 'UK058', 'BK'),
	(9919, 173, 'UK001', 'BK'),
	(9920, 173, 'UK002', 'BK'),
	(9921, 173, 'UK003', 'BK'),
	(9922, 173, 'UK004', 'BK'),
	(9923, 173, 'UK005', 'BK'),
	(9924, 173, 'UK006', 'K'),
	(9925, 173, 'UK007', 'BK'),
	(9926, 173, 'UK008', 'K'),
	(9927, 173, 'UK009', 'K'),
	(9928, 173, 'UK010', 'K'),
	(9929, 173, 'UK011', 'BK'),
	(9930, 173, 'UK012', 'K'),
	(9931, 173, 'UK013', 'K'),
	(9932, 173, 'UK014', 'BK'),
	(9933, 173, 'UK015', 'BK'),
	(9934, 173, 'UK016', 'BK'),
	(9935, 173, 'UK017', 'BK'),
	(9936, 173, 'UK018', 'BK'),
	(9937, 173, 'UK019', 'K'),
	(9938, 173, 'UK020', 'K'),
	(9939, 173, 'UK021', 'K'),
	(9940, 173, 'UK022', 'K'),
	(9941, 173, 'UK023', 'K'),
	(9942, 173, 'UK024', 'K'),
	(9943, 173, 'UK025', 'K'),
	(9944, 173, 'UK026', 'K'),
	(9945, 173, 'UK027', 'BK'),
	(9946, 173, 'UK028', 'BK'),
	(9947, 173, 'UK029', 'BK'),
	(9948, 173, 'UK030', 'BK'),
	(9949, 173, 'UK031', 'K'),
	(9950, 173, 'UK032', 'BK'),
	(9951, 173, 'UK033', 'BK'),
	(9952, 173, 'UK034', 'BK'),
	(9953, 173, 'UK035', 'BK'),
	(9954, 173, 'UK036', 'BK'),
	(9955, 173, 'UK037', 'BK'),
	(9956, 173, 'UK038', 'BK'),
	(9957, 173, 'UK039', 'BK'),
	(9958, 173, 'UK040', 'BK'),
	(9959, 173, 'UK041', 'BK'),
	(9960, 173, 'UK042', 'BK'),
	(9961, 173, 'UK043', 'BK'),
	(9962, 173, 'UK044', 'BK'),
	(9963, 173, 'UK045', 'BK'),
	(9964, 173, 'UK046', 'BK'),
	(9965, 173, 'UK047', 'BK'),
	(9966, 173, 'UK048', 'BK'),
	(9967, 173, 'UK049', 'BK'),
	(9968, 173, 'UK050', 'BK'),
	(9969, 173, 'UK051', 'BK'),
	(9970, 173, 'UK052', 'BK'),
	(9971, 173, 'UK053', 'BK'),
	(9972, 173, 'UK054', 'BK'),
	(9973, 173, 'UK055', 'BK'),
	(9974, 173, 'UK056', 'BK'),
	(9975, 173, 'UK057', 'BK'),
	(9976, 173, 'UK058', 'BK'),
	(9977, 174, 'UK001', 'BK'),
	(9978, 174, 'UK002', 'BK'),
	(9979, 174, 'UK003', 'BK'),
	(9980, 174, 'UK004', 'BK'),
	(9981, 174, 'UK005', 'BK'),
	(9982, 174, 'UK006', 'K'),
	(9983, 174, 'UK007', 'K'),
	(9984, 174, 'UK008', 'BK'),
	(9985, 174, 'UK009', 'BK'),
	(9986, 174, 'UK010', 'BK'),
	(9987, 174, 'UK011', 'BK'),
	(9988, 174, 'UK012', 'BK'),
	(9989, 174, 'UK013', 'BK'),
	(9990, 174, 'UK014', 'BK'),
	(9991, 174, 'UK015', 'BK'),
	(9992, 174, 'UK016', 'BK'),
	(9993, 174, 'UK017', 'BK'),
	(9994, 174, 'UK018', 'K'),
	(9995, 174, 'UK019', 'K'),
	(9996, 174, 'UK020', 'K'),
	(9997, 174, 'UK021', 'K'),
	(9998, 174, 'UK022', 'K'),
	(9999, 174, 'UK023', 'K'),
	(10000, 174, 'UK024', 'K'),
	(10001, 174, 'UK025', 'K'),
	(10002, 174, 'UK026', 'K'),
	(10003, 174, 'UK027', 'K'),
	(10004, 174, 'UK028', 'K'),
	(10005, 174, 'UK029', 'BK'),
	(10006, 174, 'UK030', 'BK'),
	(10007, 174, 'UK031', 'BK'),
	(10008, 174, 'UK032', 'BK'),
	(10009, 174, 'UK033', 'K'),
	(10010, 174, 'UK034', 'BK'),
	(10011, 174, 'UK035', 'BK'),
	(10012, 174, 'UK036', 'BK'),
	(10013, 174, 'UK037', 'BK'),
	(10014, 174, 'UK038', 'BK'),
	(10015, 174, 'UK039', 'K'),
	(10016, 174, 'UK040', 'BK'),
	(10017, 174, 'UK041', 'BK'),
	(10018, 174, 'UK042', 'BK'),
	(10019, 174, 'UK043', 'K'),
	(10020, 174, 'UK044', 'BK'),
	(10021, 174, 'UK045', 'BK'),
	(10022, 174, 'UK046', 'BK'),
	(10023, 174, 'UK047', 'BK'),
	(10024, 174, 'UK048', 'K'),
	(10025, 174, 'UK049', 'BK'),
	(10026, 174, 'UK050', 'BK'),
	(10027, 174, 'UK051', 'BK'),
	(10028, 174, 'UK052', 'BK'),
	(10029, 174, 'UK053', 'BK'),
	(10030, 174, 'UK054', 'BK'),
	(10031, 174, 'UK055', 'BK'),
	(10032, 174, 'UK056', 'BK'),
	(10033, 174, 'UK057', 'BK'),
	(10034, 174, 'UK058', 'BK'),
	(10035, 175, 'UK001', 'BK'),
	(10036, 175, 'UK002', 'BK'),
	(10037, 175, 'UK003', 'BK'),
	(10038, 175, 'UK004', 'BK'),
	(10039, 175, 'UK005', 'BK'),
	(10040, 175, 'UK006', 'K'),
	(10041, 175, 'UK007', 'BK'),
	(10042, 175, 'UK008', 'K'),
	(10043, 175, 'UK009', 'K'),
	(10044, 175, 'UK010', 'BK'),
	(10045, 175, 'UK011', 'BK'),
	(10046, 175, 'UK012', 'BK'),
	(10047, 175, 'UK013', 'BK'),
	(10048, 175, 'UK014', 'BK'),
	(10049, 175, 'UK015', 'BK'),
	(10050, 175, 'UK016', 'BK'),
	(10051, 175, 'UK017', 'BK'),
	(10052, 175, 'UK018', 'BK'),
	(10053, 175, 'UK019', 'K'),
	(10054, 175, 'UK020', 'BK'),
	(10055, 175, 'UK021', 'BK'),
	(10056, 175, 'UK022', 'K'),
	(10057, 175, 'UK023', 'K'),
	(10058, 175, 'UK024', 'K'),
	(10059, 175, 'UK025', 'K'),
	(10060, 175, 'UK026', 'K'),
	(10061, 175, 'UK027', 'BK'),
	(10062, 175, 'UK028', 'BK'),
	(10063, 175, 'UK029', 'K'),
	(10064, 175, 'UK030', 'K'),
	(10065, 175, 'UK031', 'BK'),
	(10066, 175, 'UK032', 'BK'),
	(10067, 175, 'UK033', 'BK'),
	(10068, 175, 'UK034', 'BK'),
	(10069, 175, 'UK035', 'BK'),
	(10070, 175, 'UK036', 'BK'),
	(10071, 175, 'UK037', 'BK'),
	(10072, 175, 'UK038', 'K'),
	(10073, 175, 'UK039', 'BK'),
	(10074, 175, 'UK040', 'BK'),
	(10075, 175, 'UK041', 'BK'),
	(10076, 175, 'UK042', 'BK'),
	(10077, 175, 'UK043', 'BK'),
	(10078, 175, 'UK044', 'K'),
	(10079, 175, 'UK045', 'BK'),
	(10080, 175, 'UK046', 'BK'),
	(10081, 175, 'UK047', 'BK'),
	(10082, 175, 'UK048', 'BK'),
	(10083, 175, 'UK049', 'BK'),
	(10084, 175, 'UK050', 'K'),
	(10085, 175, 'UK051', 'BK'),
	(10086, 175, 'UK052', 'K'),
	(10087, 175, 'UK053', 'K'),
	(10088, 175, 'UK054', 'BK'),
	(10089, 175, 'UK055', 'BK'),
	(10090, 175, 'UK056', 'BK'),
	(10091, 175, 'UK057', 'K'),
	(10092, 175, 'UK058', 'BK'),
	(10093, 176, 'UK001', 'BK'),
	(10094, 176, 'UK002', 'BK'),
	(10095, 176, 'UK003', 'BK'),
	(10096, 176, 'UK004', 'BK'),
	(10097, 176, 'UK005', 'BK'),
	(10098, 176, 'UK006', 'K'),
	(10099, 176, 'UK007', 'BK'),
	(10100, 176, 'UK008', 'K'),
	(10101, 176, 'UK009', 'BK'),
	(10102, 176, 'UK010', 'BK'),
	(10103, 176, 'UK011', 'K'),
	(10104, 176, 'UK012', 'K'),
	(10105, 176, 'UK013', 'K'),
	(10106, 176, 'UK014', 'K'),
	(10107, 176, 'UK015', 'BK'),
	(10108, 176, 'UK016', 'BK'),
	(10109, 176, 'UK017', 'BK'),
	(10110, 176, 'UK018', 'BK'),
	(10111, 176, 'UK019', 'K'),
	(10112, 176, 'UK020', 'K'),
	(10113, 176, 'UK021', 'K'),
	(10114, 176, 'UK022', 'K'),
	(10115, 176, 'UK023', 'K'),
	(10116, 176, 'UK024', 'BK'),
	(10117, 176, 'UK025', 'K'),
	(10118, 176, 'UK026', 'K'),
	(10119, 176, 'UK027', 'BK'),
	(10120, 176, 'UK028', 'K'),
	(10121, 176, 'UK029', 'BK'),
	(10122, 176, 'UK030', 'BK'),
	(10123, 176, 'UK031', 'BK'),
	(10124, 176, 'UK032', 'BK'),
	(10125, 176, 'UK033', 'BK'),
	(10126, 176, 'UK034', 'BK'),
	(10127, 176, 'UK035', 'BK'),
	(10128, 176, 'UK036', 'BK'),
	(10129, 176, 'UK037', 'BK'),
	(10130, 176, 'UK038', 'BK'),
	(10131, 176, 'UK039', 'BK'),
	(10132, 176, 'UK040', 'BK'),
	(10133, 176, 'UK041', 'BK'),
	(10134, 176, 'UK042', 'BK'),
	(10135, 176, 'UK043', 'BK'),
	(10136, 176, 'UK044', 'BK'),
	(10137, 176, 'UK045', 'BK'),
	(10138, 176, 'UK046', 'BK'),
	(10139, 176, 'UK047', 'K'),
	(10140, 176, 'UK048', 'BK'),
	(10141, 176, 'UK049', 'BK'),
	(10142, 176, 'UK050', 'BK'),
	(10143, 176, 'UK051', 'BK'),
	(10144, 176, 'UK052', 'BK'),
	(10145, 176, 'UK053', 'BK'),
	(10146, 176, 'UK054', 'BK'),
	(10147, 176, 'UK055', 'BK'),
	(10148, 176, 'UK056', 'BK'),
	(10149, 176, 'UK057', 'BK'),
	(10150, 176, 'UK058', 'BK'),
	(10151, 177, 'UK001', 'BK'),
	(10152, 177, 'UK002', 'K'),
	(10153, 177, 'UK003', 'BK'),
	(10154, 177, 'UK004', 'BK'),
	(10155, 177, 'UK005', 'BK'),
	(10156, 177, 'UK006', 'K'),
	(10157, 177, 'UK007', 'K'),
	(10158, 177, 'UK008', 'K'),
	(10159, 177, 'UK009', 'BK'),
	(10160, 177, 'UK010', 'BK'),
	(10161, 177, 'UK011', 'BK'),
	(10162, 177, 'UK012', 'BK'),
	(10163, 177, 'UK013', 'BK'),
	(10164, 177, 'UK014', 'BK'),
	(10165, 177, 'UK015', 'K'),
	(10166, 177, 'UK016', 'BK'),
	(10167, 177, 'UK017', 'BK'),
	(10168, 177, 'UK018', 'K'),
	(10169, 177, 'UK019', 'K'),
	(10170, 177, 'UK020', 'BK'),
	(10171, 177, 'UK021', 'K'),
	(10172, 177, 'UK022', 'K'),
	(10173, 177, 'UK023', 'K'),
	(10174, 177, 'UK024', 'K'),
	(10175, 177, 'UK025', 'K'),
	(10176, 177, 'UK026', 'BK'),
	(10177, 177, 'UK027', 'BK'),
	(10178, 177, 'UK028', 'K'),
	(10179, 177, 'UK029', 'K'),
	(10180, 177, 'UK030', 'K'),
	(10181, 177, 'UK031', 'BK'),
	(10182, 177, 'UK032', 'K'),
	(10183, 177, 'UK033', 'BK'),
	(10184, 177, 'UK034', 'K'),
	(10185, 177, 'UK035', 'K'),
	(10186, 177, 'UK036', 'K'),
	(10187, 177, 'UK037', 'BK'),
	(10188, 177, 'UK038', 'BK'),
	(10189, 177, 'UK039', 'BK'),
	(10190, 177, 'UK040', 'BK'),
	(10191, 177, 'UK041', 'BK'),
	(10192, 177, 'UK042', 'BK'),
	(10193, 177, 'UK043', 'K'),
	(10194, 177, 'UK044', 'BK'),
	(10195, 177, 'UK045', 'BK'),
	(10196, 177, 'UK046', 'BK'),
	(10197, 177, 'UK047', 'BK'),
	(10198, 177, 'UK048', 'BK'),
	(10199, 177, 'UK049', 'BK'),
	(10200, 177, 'UK050', 'K'),
	(10201, 177, 'UK051', 'BK'),
	(10202, 177, 'UK052', 'K'),
	(10203, 177, 'UK053', 'K'),
	(10204, 177, 'UK054', 'BK'),
	(10205, 177, 'UK055', 'K'),
	(10206, 177, 'UK056', 'BK'),
	(10207, 177, 'UK057', 'BK'),
	(10208, 177, 'UK058', 'BK'),
	(10209, 178, 'UK001', 'BK'),
	(10210, 178, 'UK002', 'BK'),
	(10211, 178, 'UK003', 'K'),
	(10212, 178, 'UK004', 'BK'),
	(10213, 178, 'UK005', 'K'),
	(10214, 178, 'UK006', 'BK'),
	(10215, 178, 'UK007', 'K'),
	(10216, 178, 'UK008', 'K'),
	(10217, 178, 'UK009', 'BK'),
	(10218, 178, 'UK010', 'K'),
	(10219, 178, 'UK011', 'BK'),
	(10220, 178, 'UK012', 'BK'),
	(10221, 178, 'UK013', 'BK'),
	(10222, 178, 'UK014', 'BK'),
	(10223, 178, 'UK015', 'BK'),
	(10224, 178, 'UK016', 'BK'),
	(10225, 178, 'UK017', 'BK'),
	(10226, 178, 'UK018', 'BK'),
	(10227, 178, 'UK019', 'K'),
	(10228, 178, 'UK020', 'BK'),
	(10229, 178, 'UK021', 'K'),
	(10230, 178, 'UK022', 'K'),
	(10231, 178, 'UK023', 'K'),
	(10232, 178, 'UK024', 'K'),
	(10233, 178, 'UK025', 'BK'),
	(10234, 178, 'UK026', 'BK'),
	(10235, 178, 'UK027', 'BK'),
	(10236, 178, 'UK028', 'BK'),
	(10237, 178, 'UK029', 'BK'),
	(10238, 178, 'UK030', 'K'),
	(10239, 178, 'UK031', 'BK'),
	(10240, 178, 'UK032', 'BK'),
	(10241, 178, 'UK033', 'BK'),
	(10242, 178, 'UK034', 'K'),
	(10243, 178, 'UK035', 'K'),
	(10244, 178, 'UK036', 'K'),
	(10245, 178, 'UK037', 'BK'),
	(10246, 178, 'UK038', 'BK'),
	(10247, 178, 'UK039', 'BK'),
	(10248, 178, 'UK040', 'BK'),
	(10249, 178, 'UK041', 'BK'),
	(10250, 178, 'UK042', 'BK'),
	(10251, 178, 'UK043', 'K'),
	(10252, 178, 'UK044', 'K'),
	(10253, 178, 'UK045', 'BK'),
	(10254, 178, 'UK046', 'BK'),
	(10255, 178, 'UK047', 'BK'),
	(10256, 178, 'UK048', 'BK'),
	(10257, 178, 'UK049', 'BK'),
	(10258, 178, 'UK050', 'BK'),
	(10259, 178, 'UK051', 'BK'),
	(10260, 178, 'UK052', 'BK'),
	(10261, 178, 'UK053', 'BK'),
	(10262, 178, 'UK054', 'BK'),
	(10263, 178, 'UK055', 'K'),
	(10264, 178, 'UK056', 'BK'),
	(10265, 178, 'UK057', 'BK'),
	(10266, 178, 'UK058', 'BK'),
	(10267, 179, 'UK001', 'BK'),
	(10268, 179, 'UK002', 'BK'),
	(10269, 179, 'UK003', 'K'),
	(10270, 179, 'UK004', 'BK'),
	(10271, 179, 'UK005', 'BK'),
	(10272, 179, 'UK006', 'BK'),
	(10273, 179, 'UK007', 'BK'),
	(10274, 179, 'UK008', 'BK'),
	(10275, 179, 'UK009', 'K'),
	(10276, 179, 'UK010', 'BK'),
	(10277, 179, 'UK011', 'BK'),
	(10278, 179, 'UK012', 'BK'),
	(10279, 179, 'UK013', 'BK'),
	(10280, 179, 'UK014', 'BK'),
	(10281, 179, 'UK015', 'BK'),
	(10282, 179, 'UK016', 'BK'),
	(10283, 179, 'UK017', 'BK'),
	(10284, 179, 'UK018', 'BK'),
	(10285, 179, 'UK019', 'BK'),
	(10286, 179, 'UK020', 'BK'),
	(10287, 179, 'UK021', 'K'),
	(10288, 179, 'UK022', 'K'),
	(10289, 179, 'UK023', 'K'),
	(10290, 179, 'UK024', 'K'),
	(10291, 179, 'UK025', 'K'),
	(10292, 179, 'UK026', 'K'),
	(10293, 179, 'UK027', 'BK'),
	(10294, 179, 'UK028', 'BK'),
	(10295, 179, 'UK029', 'K'),
	(10296, 179, 'UK030', 'K'),
	(10297, 179, 'UK031', 'K'),
	(10298, 179, 'UK032', 'BK'),
	(10299, 179, 'UK033', 'BK'),
	(10300, 179, 'UK034', 'K'),
	(10301, 179, 'UK035', 'K'),
	(10302, 179, 'UK036', 'K'),
	(10303, 179, 'UK037', 'BK'),
	(10304, 179, 'UK038', 'K'),
	(10305, 179, 'UK039', 'BK'),
	(10306, 179, 'UK040', 'BK'),
	(10307, 179, 'UK041', 'BK'),
	(10308, 179, 'UK042', 'BK'),
	(10309, 179, 'UK043', 'BK'),
	(10310, 179, 'UK044', 'BK'),
	(10311, 179, 'UK045', 'K'),
	(10312, 179, 'UK046', 'BK'),
	(10313, 179, 'UK047', 'BK'),
	(10314, 179, 'UK048', 'BK'),
	(10315, 179, 'UK049', 'BK'),
	(10316, 179, 'UK050', 'BK'),
	(10317, 179, 'UK051', 'BK'),
	(10318, 179, 'UK052', 'K'),
	(10319, 179, 'UK053', 'BK'),
	(10320, 179, 'UK054', 'BK'),
	(10321, 179, 'UK055', 'BK'),
	(10322, 179, 'UK056', 'BK'),
	(10323, 179, 'UK057', 'BK'),
	(10324, 179, 'UK058', 'BK'),
	(10325, 180, 'UK001', 'K'),
	(10326, 180, 'UK002', 'BK'),
	(10327, 180, 'UK003', 'BK'),
	(10328, 180, 'UK004', 'BK'),
	(10329, 180, 'UK005', 'K'),
	(10330, 180, 'UK006', 'BK'),
	(10331, 180, 'UK007', 'BK'),
	(10332, 180, 'UK008', 'K'),
	(10333, 180, 'UK009', 'BK'),
	(10334, 180, 'UK010', 'BK'),
	(10335, 180, 'UK011', 'BK'),
	(10336, 180, 'UK012', 'BK'),
	(10337, 180, 'UK013', 'BK'),
	(10338, 180, 'UK014', 'BK'),
	(10339, 180, 'UK015', 'BK'),
	(10340, 180, 'UK016', 'BK'),
	(10341, 180, 'UK017', 'BK'),
	(10342, 180, 'UK018', 'BK'),
	(10343, 180, 'UK019', 'K'),
	(10344, 180, 'UK020', 'BK'),
	(10345, 180, 'UK021', 'K'),
	(10346, 180, 'UK022', 'K'),
	(10347, 180, 'UK023', 'K'),
	(10348, 180, 'UK024', 'K'),
	(10349, 180, 'UK025', 'K'),
	(10350, 180, 'UK026', 'BK'),
	(10351, 180, 'UK027', 'K'),
	(10352, 180, 'UK028', 'BK'),
	(10353, 180, 'UK029', 'K'),
	(10354, 180, 'UK030', 'BK'),
	(10355, 180, 'UK031', 'BK'),
	(10356, 180, 'UK032', 'K'),
	(10357, 180, 'UK033', 'BK'),
	(10358, 180, 'UK034', 'K'),
	(10359, 180, 'UK035', 'K'),
	(10360, 180, 'UK036', 'K'),
	(10361, 180, 'UK037', 'BK'),
	(10362, 180, 'UK038', 'BK'),
	(10363, 180, 'UK039', 'BK'),
	(10364, 180, 'UK040', 'BK'),
	(10365, 180, 'UK041', 'BK'),
	(10366, 180, 'UK042', 'BK'),
	(10367, 180, 'UK043', 'BK'),
	(10368, 180, 'UK044', 'BK'),
	(10369, 180, 'UK045', 'BK'),
	(10370, 180, 'UK046', 'BK'),
	(10371, 180, 'UK047', 'K'),
	(10372, 180, 'UK048', 'K'),
	(10373, 180, 'UK049', 'K'),
	(10374, 180, 'UK050', 'BK'),
	(10375, 180, 'UK051', 'K'),
	(10376, 180, 'UK052', 'BK'),
	(10377, 180, 'UK053', 'BK'),
	(10378, 180, 'UK054', 'BK'),
	(10379, 180, 'UK055', 'BK'),
	(10380, 180, 'UK056', 'K'),
	(10381, 180, 'UK057', 'K'),
	(10382, 180, 'UK058', 'K'),
	(10383, 181, 'UK001', 'BK'),
	(10384, 181, 'UK002', 'BK'),
	(10385, 181, 'UK003', 'BK'),
	(10386, 181, 'UK004', 'K'),
	(10387, 181, 'UK005', 'BK'),
	(10388, 181, 'UK006', 'BK'),
	(10389, 181, 'UK007', 'BK'),
	(10390, 181, 'UK008', 'BK'),
	(10391, 181, 'UK009', 'BK'),
	(10392, 181, 'UK010', 'BK'),
	(10393, 181, 'UK011', 'BK'),
	(10394, 181, 'UK012', 'BK'),
	(10395, 181, 'UK013', 'BK'),
	(10396, 181, 'UK014', 'BK'),
	(10397, 181, 'UK015', 'BK'),
	(10398, 181, 'UK016', 'BK'),
	(10399, 181, 'UK017', 'BK'),
	(10400, 181, 'UK018', 'BK'),
	(10401, 181, 'UK019', 'K'),
	(10402, 181, 'UK020', 'BK'),
	(10403, 181, 'UK021', 'K'),
	(10404, 181, 'UK022', 'K'),
	(10405, 181, 'UK023', 'K'),
	(10406, 181, 'UK024', 'K'),
	(10407, 181, 'UK025', 'BK'),
	(10408, 181, 'UK026', 'BK'),
	(10409, 181, 'UK027', 'BK'),
	(10410, 181, 'UK028', 'BK'),
	(10411, 181, 'UK029', 'K'),
	(10412, 181, 'UK030', 'K'),
	(10413, 181, 'UK031', 'BK'),
	(10414, 181, 'UK032', 'BK'),
	(10415, 181, 'UK033', 'BK'),
	(10416, 181, 'UK034', 'K'),
	(10417, 181, 'UK035', 'K'),
	(10418, 181, 'UK036', 'K'),
	(10419, 181, 'UK037', 'BK'),
	(10420, 181, 'UK038', 'BK'),
	(10421, 181, 'UK039', 'BK'),
	(10422, 181, 'UK040', 'BK'),
	(10423, 181, 'UK041', 'BK'),
	(10424, 181, 'UK042', 'BK'),
	(10425, 181, 'UK043', 'BK'),
	(10426, 181, 'UK044', 'BK'),
	(10427, 181, 'UK045', 'BK'),
	(10428, 181, 'UK046', 'BK'),
	(10429, 181, 'UK047', 'K'),
	(10430, 181, 'UK048', 'K'),
	(10431, 181, 'UK049', 'BK'),
	(10432, 181, 'UK050', 'BK'),
	(10433, 181, 'UK051', 'BK'),
	(10434, 181, 'UK052', 'BK'),
	(10435, 181, 'UK053', 'BK'),
	(10436, 181, 'UK054', 'BK'),
	(10437, 181, 'UK055', 'BK'),
	(10438, 181, 'UK056', 'BK'),
	(10439, 181, 'UK057', 'BK'),
	(10440, 181, 'UK058', 'BK'),
	(10441, 182, 'UK001', 'BK'),
	(10442, 182, 'UK002', 'BK'),
	(10443, 182, 'UK003', 'BK'),
	(10444, 182, 'UK004', 'K'),
	(10445, 182, 'UK005', 'BK'),
	(10446, 182, 'UK006', 'BK'),
	(10447, 182, 'UK007', 'K'),
	(10448, 182, 'UK008', 'K'),
	(10449, 182, 'UK009', 'BK'),
	(10450, 182, 'UK010', 'BK'),
	(10451, 182, 'UK011', 'BK'),
	(10452, 182, 'UK012', 'BK'),
	(10453, 182, 'UK013', 'K'),
	(10454, 182, 'UK014', 'BK'),
	(10455, 182, 'UK015', 'BK'),
	(10456, 182, 'UK016', 'BK'),
	(10457, 182, 'UK017', 'K'),
	(10458, 182, 'UK018', 'K'),
	(10459, 182, 'UK019', 'K'),
	(10460, 182, 'UK020', 'BK'),
	(10461, 182, 'UK021', 'K'),
	(10462, 182, 'UK022', 'K'),
	(10463, 182, 'UK023', 'K'),
	(10464, 182, 'UK024', 'K'),
	(10465, 182, 'UK025', 'K'),
	(10466, 182, 'UK026', 'BK'),
	(10467, 182, 'UK027', 'BK'),
	(10468, 182, 'UK028', 'BK'),
	(10469, 182, 'UK029', 'K'),
	(10470, 182, 'UK030', 'K'),
	(10471, 182, 'UK031', 'BK'),
	(10472, 182, 'UK032', 'BK'),
	(10473, 182, 'UK033', 'BK'),
	(10474, 182, 'UK034', 'BK'),
	(10475, 182, 'UK035', 'K'),
	(10476, 182, 'UK036', 'BK'),
	(10477, 182, 'UK037', 'BK'),
	(10478, 182, 'UK038', 'BK'),
	(10479, 182, 'UK039', 'BK'),
	(10480, 182, 'UK040', 'BK'),
	(10481, 182, 'UK041', 'BK'),
	(10482, 182, 'UK042', 'BK'),
	(10483, 182, 'UK043', 'K'),
	(10484, 182, 'UK044', 'BK'),
	(10485, 182, 'UK045', 'BK'),
	(10486, 182, 'UK046', 'BK'),
	(10487, 182, 'UK047', 'BK'),
	(10488, 182, 'UK048', 'BK'),
	(10489, 182, 'UK049', 'K'),
	(10490, 182, 'UK050', 'K'),
	(10491, 182, 'UK051', 'BK'),
	(10492, 182, 'UK052', 'BK'),
	(10493, 182, 'UK053', 'BK'),
	(10494, 182, 'UK054', 'BK'),
	(10495, 182, 'UK055', 'BK'),
	(10496, 182, 'UK056', 'BK'),
	(10497, 182, 'UK057', 'BK'),
	(10498, 182, 'UK058', 'BK'),
	(10499, 183, 'UK001', 'BK'),
	(10500, 183, 'UK002', 'K'),
	(10501, 183, 'UK003', 'BK'),
	(10502, 183, 'UK004', 'K'),
	(10503, 183, 'UK005', 'BK'),
	(10504, 183, 'UK006', 'BK'),
	(10505, 183, 'UK007', 'BK'),
	(10506, 183, 'UK008', 'K'),
	(10507, 183, 'UK009', 'K'),
	(10508, 183, 'UK010', 'BK'),
	(10509, 183, 'UK011', 'BK'),
	(10510, 183, 'UK012', 'BK'),
	(10511, 183, 'UK013', 'BK'),
	(10512, 183, 'UK014', 'BK'),
	(10513, 183, 'UK015', 'BK'),
	(10514, 183, 'UK016', 'BK'),
	(10515, 183, 'UK017', 'BK'),
	(10516, 183, 'UK018', 'BK'),
	(10517, 183, 'UK019', 'K'),
	(10518, 183, 'UK020', 'BK'),
	(10519, 183, 'UK021', 'K'),
	(10520, 183, 'UK022', 'BK'),
	(10521, 183, 'UK023', 'K'),
	(10522, 183, 'UK024', 'K'),
	(10523, 183, 'UK025', 'K'),
	(10524, 183, 'UK026', 'BK'),
	(10525, 183, 'UK027', 'K'),
	(10526, 183, 'UK028', 'K'),
	(10527, 183, 'UK029', 'K'),
	(10528, 183, 'UK030', 'K'),
	(10529, 183, 'UK031', 'BK'),
	(10530, 183, 'UK032', 'BK'),
	(10531, 183, 'UK033', 'BK'),
	(10532, 183, 'UK034', 'K'),
	(10533, 183, 'UK035', 'K'),
	(10534, 183, 'UK036', 'BK'),
	(10535, 183, 'UK037', 'BK'),
	(10536, 183, 'UK038', 'BK'),
	(10537, 183, 'UK039', 'K'),
	(10538, 183, 'UK040', 'K'),
	(10539, 183, 'UK041', 'BK'),
	(10540, 183, 'UK042', 'BK'),
	(10541, 183, 'UK043', 'BK'),
	(10542, 183, 'UK044', 'K'),
	(10543, 183, 'UK045', 'BK'),
	(10544, 183, 'UK046', 'BK'),
	(10545, 183, 'UK047', 'BK'),
	(10546, 183, 'UK048', 'BK'),
	(10547, 183, 'UK049', 'BK'),
	(10548, 183, 'UK050', 'BK'),
	(10549, 183, 'UK051', 'BK'),
	(10550, 183, 'UK052', 'BK'),
	(10551, 183, 'UK053', 'BK'),
	(10552, 183, 'UK054', 'K'),
	(10553, 183, 'UK055', 'BK'),
	(10554, 183, 'UK056', 'BK'),
	(10555, 183, 'UK057', 'BK'),
	(10556, 183, 'UK058', 'BK'),
	(10557, 184, 'UK001', 'K'),
	(10558, 184, 'UK002', 'BK'),
	(10559, 184, 'UK003', 'BK'),
	(10560, 184, 'UK004', 'BK'),
	(10561, 184, 'UK005', 'K'),
	(10562, 184, 'UK006', 'BK'),
	(10563, 184, 'UK007', 'K'),
	(10564, 184, 'UK008', 'K'),
	(10565, 184, 'UK009', 'K'),
	(10566, 184, 'UK010', 'BK'),
	(10567, 184, 'UK011', 'BK'),
	(10568, 184, 'UK012', 'BK'),
	(10569, 184, 'UK013', 'BK'),
	(10570, 184, 'UK014', 'BK'),
	(10571, 184, 'UK015', 'BK'),
	(10572, 184, 'UK016', 'K'),
	(10573, 184, 'UK017', 'K'),
	(10574, 184, 'UK018', 'BK'),
	(10575, 184, 'UK019', 'K'),
	(10576, 184, 'UK020', 'BK'),
	(10577, 184, 'UK021', 'K'),
	(10578, 184, 'UK022', 'K'),
	(10579, 184, 'UK023', 'K'),
	(10580, 184, 'UK024', 'K'),
	(10581, 184, 'UK025', 'K'),
	(10582, 184, 'UK026', 'BK'),
	(10583, 184, 'UK027', 'BK'),
	(10584, 184, 'UK028', 'BK'),
	(10585, 184, 'UK029', 'K'),
	(10586, 184, 'UK030', 'BK'),
	(10587, 184, 'UK031', 'BK'),
	(10588, 184, 'UK032', 'BK'),
	(10589, 184, 'UK033', 'BK'),
	(10590, 184, 'UK034', 'BK'),
	(10591, 184, 'UK035', 'K'),
	(10592, 184, 'UK036', 'K'),
	(10593, 184, 'UK037', 'BK'),
	(10594, 184, 'UK038', 'K'),
	(10595, 184, 'UK039', 'BK'),
	(10596, 184, 'UK040', 'BK'),
	(10597, 184, 'UK041', 'BK'),
	(10598, 184, 'UK042', 'K'),
	(10599, 184, 'UK043', 'BK'),
	(10600, 184, 'UK044', 'BK'),
	(10601, 184, 'UK045', 'K'),
	(10602, 184, 'UK046', 'BK'),
	(10603, 184, 'UK047', 'BK'),
	(10604, 184, 'UK048', 'BK'),
	(10605, 184, 'UK049', 'BK'),
	(10606, 184, 'UK050', 'BK'),
	(10607, 184, 'UK051', 'BK'),
	(10608, 184, 'UK052', 'BK'),
	(10609, 184, 'UK053', 'BK'),
	(10610, 184, 'UK054', 'BK'),
	(10611, 184, 'UK055', 'BK'),
	(10612, 184, 'UK056', 'BK'),
	(10613, 184, 'UK057', 'BK'),
	(10614, 184, 'UK058', 'K'),
	(10615, 185, 'UK001', 'BK'),
	(10616, 185, 'UK002', 'BK'),
	(10617, 185, 'UK003', 'BK'),
	(10618, 185, 'UK004', 'BK'),
	(10619, 185, 'UK005', 'BK'),
	(10620, 185, 'UK006', 'BK'),
	(10621, 185, 'UK007', 'BK'),
	(10622, 185, 'UK008', 'K'),
	(10623, 185, 'UK009', 'BK'),
	(10624, 185, 'UK010', 'BK'),
	(10625, 185, 'UK011', 'BK'),
	(10626, 185, 'UK012', 'BK'),
	(10627, 185, 'UK013', 'BK'),
	(10628, 185, 'UK014', 'BK'),
	(10629, 185, 'UK015', 'BK'),
	(10630, 185, 'UK016', 'BK'),
	(10631, 185, 'UK017', 'BK'),
	(10632, 185, 'UK018', 'BK'),
	(10633, 185, 'UK019', 'K'),
	(10634, 185, 'UK020', 'BK'),
	(10635, 185, 'UK021', 'K'),
	(10636, 185, 'UK022', 'K'),
	(10637, 185, 'UK023', 'K'),
	(10638, 185, 'UK024', 'K'),
	(10639, 185, 'UK025', 'K'),
	(10640, 185, 'UK026', 'BK'),
	(10641, 185, 'UK027', 'BK'),
	(10642, 185, 'UK028', 'BK'),
	(10643, 185, 'UK029', 'K'),
	(10644, 185, 'UK030', 'BK'),
	(10645, 185, 'UK031', 'BK'),
	(10646, 185, 'UK032', 'BK'),
	(10647, 185, 'UK033', 'K'),
	(10648, 185, 'UK034', 'K'),
	(10649, 185, 'UK035', 'K'),
	(10650, 185, 'UK036', 'BK'),
	(10651, 185, 'UK037', 'BK'),
	(10652, 185, 'UK038', 'BK'),
	(10653, 185, 'UK039', 'BK'),
	(10654, 185, 'UK040', 'BK'),
	(10655, 185, 'UK041', 'BK'),
	(10656, 185, 'UK042', 'BK'),
	(10657, 185, 'UK043', 'K'),
	(10658, 185, 'UK044', 'BK'),
	(10659, 185, 'UK045', 'BK'),
	(10660, 185, 'UK046', 'BK'),
	(10661, 185, 'UK047', 'BK'),
	(10662, 185, 'UK048', 'BK'),
	(10663, 185, 'UK049', 'BK'),
	(10664, 185, 'UK050', 'BK'),
	(10665, 185, 'UK051', 'BK'),
	(10666, 185, 'UK052', 'BK'),
	(10667, 185, 'UK053', 'BK'),
	(10668, 185, 'UK054', 'BK'),
	(10669, 185, 'UK055', 'K'),
	(10670, 185, 'UK056', 'K'),
	(10671, 185, 'UK057', 'BK'),
	(10672, 185, 'UK058', 'BK'),
	(10673, 186, 'UK001', 'BK'),
	(10674, 186, 'UK002', 'BK'),
	(10675, 186, 'UK003', 'BK'),
	(10676, 186, 'UK004', 'BK'),
	(10677, 186, 'UK005', 'BK'),
	(10678, 186, 'UK006', 'BK'),
	(10679, 186, 'UK007', 'BK'),
	(10680, 186, 'UK008', 'K'),
	(10681, 186, 'UK009', 'K'),
	(10682, 186, 'UK010', 'BK'),
	(10683, 186, 'UK011', 'BK'),
	(10684, 186, 'UK012', 'BK'),
	(10685, 186, 'UK013', 'BK'),
	(10686, 186, 'UK014', 'BK'),
	(10687, 186, 'UK015', 'BK'),
	(10688, 186, 'UK016', 'BK'),
	(10689, 186, 'UK017', 'BK'),
	(10690, 186, 'UK018', 'BK'),
	(10691, 186, 'UK019', 'K'),
	(10692, 186, 'UK020', 'K'),
	(10693, 186, 'UK021', 'BK'),
	(10694, 186, 'UK022', 'K'),
	(10695, 186, 'UK023', 'K'),
	(10696, 186, 'UK024', 'BK'),
	(10697, 186, 'UK025', 'K'),
	(10698, 186, 'UK026', 'BK'),
	(10699, 186, 'UK027', 'BK'),
	(10700, 186, 'UK028', 'BK'),
	(10701, 186, 'UK029', 'K'),
	(10702, 186, 'UK030', 'K'),
	(10703, 186, 'UK031', 'BK'),
	(10704, 186, 'UK032', 'BK'),
	(10705, 186, 'UK033', 'BK'),
	(10706, 186, 'UK034', 'BK'),
	(10707, 186, 'UK035', 'K'),
	(10708, 186, 'UK036', 'K'),
	(10709, 186, 'UK037', 'BK'),
	(10710, 186, 'UK038', 'BK'),
	(10711, 186, 'UK039', 'BK'),
	(10712, 186, 'UK040', 'BK'),
	(10713, 186, 'UK041', 'BK'),
	(10714, 186, 'UK042', 'BK'),
	(10715, 186, 'UK043', 'K'),
	(10716, 186, 'UK044', 'BK'),
	(10717, 186, 'UK045', 'K'),
	(10718, 186, 'UK046', 'BK'),
	(10719, 186, 'UK047', 'BK'),
	(10720, 186, 'UK048', 'BK'),
	(10721, 186, 'UK049', 'BK'),
	(10722, 186, 'UK050', 'BK'),
	(10723, 186, 'UK051', 'BK'),
	(10724, 186, 'UK052', 'K'),
	(10725, 186, 'UK053', 'BK'),
	(10726, 186, 'UK054', 'BK'),
	(10727, 186, 'UK055', 'BK'),
	(10728, 186, 'UK056', 'BK'),
	(10729, 186, 'UK057', 'BK'),
	(10730, 186, 'UK058', 'BK'),
	(10731, 187, 'UK001', 'K'),
	(10732, 187, 'UK002', 'BK'),
	(10733, 187, 'UK003', 'BK'),
	(10734, 187, 'UK004', 'BK'),
	(10735, 187, 'UK005', 'BK'),
	(10736, 187, 'UK006', 'K'),
	(10737, 187, 'UK007', 'K'),
	(10738, 187, 'UK008', 'K'),
	(10739, 187, 'UK009', 'BK'),
	(10740, 187, 'UK010', 'BK'),
	(10741, 187, 'UK011', 'BK'),
	(10742, 187, 'UK012', 'K'),
	(10743, 187, 'UK013', 'K'),
	(10744, 187, 'UK014', 'BK'),
	(10745, 187, 'UK015', 'BK'),
	(10746, 187, 'UK016', 'BK'),
	(10747, 187, 'UK017', 'BK'),
	(10748, 187, 'UK018', 'BK'),
	(10749, 187, 'UK019', 'BK'),
	(10750, 187, 'UK020', 'K'),
	(10751, 187, 'UK021', 'K'),
	(10752, 187, 'UK022', 'K'),
	(10753, 187, 'UK023', 'BK'),
	(10754, 187, 'UK024', 'K'),
	(10755, 187, 'UK025', 'K'),
	(10756, 187, 'UK026', 'BK'),
	(10757, 187, 'UK027', 'BK'),
	(10758, 187, 'UK028', 'BK'),
	(10759, 187, 'UK029', 'BK'),
	(10760, 187, 'UK030', 'BK'),
	(10761, 187, 'UK031', 'BK'),
	(10762, 187, 'UK032', 'BK'),
	(10763, 187, 'UK033', 'K'),
	(10764, 187, 'UK034', 'K'),
	(10765, 187, 'UK035', 'BK'),
	(10766, 187, 'UK036', 'K'),
	(10767, 187, 'UK037', 'K'),
	(10768, 187, 'UK038', 'BK'),
	(10769, 187, 'UK039', 'BK'),
	(10770, 187, 'UK040', 'BK'),
	(10771, 187, 'UK041', 'BK'),
	(10772, 187, 'UK042', 'K'),
	(10773, 187, 'UK043', 'BK'),
	(10774, 187, 'UK044', 'BK'),
	(10775, 187, 'UK045', 'BK'),
	(10776, 187, 'UK046', 'BK'),
	(10777, 187, 'UK047', 'BK'),
	(10778, 187, 'UK048', 'BK'),
	(10779, 187, 'UK049', 'BK'),
	(10780, 187, 'UK050', 'BK'),
	(10781, 187, 'UK051', 'K'),
	(10782, 187, 'UK052', 'BK'),
	(10783, 187, 'UK053', 'K'),
	(10784, 187, 'UK054', 'BK'),
	(10785, 187, 'UK055', 'BK'),
	(10786, 187, 'UK056', 'BK'),
	(10787, 187, 'UK057', 'BK'),
	(10788, 187, 'UK058', 'BK'),
	(10789, 188, 'UK001', 'BK'),
	(10790, 188, 'UK002', 'BK'),
	(10791, 188, 'UK003', 'K'),
	(10792, 188, 'UK004', 'K'),
	(10793, 188, 'UK005', 'BK'),
	(10794, 188, 'UK006', 'BK'),
	(10795, 188, 'UK007', 'BK'),
	(10796, 188, 'UK008', 'BK'),
	(10797, 188, 'UK009', 'K'),
	(10798, 188, 'UK010', 'BK'),
	(10799, 188, 'UK011', 'BK'),
	(10800, 188, 'UK012', 'BK'),
	(10801, 188, 'UK013', 'BK'),
	(10802, 188, 'UK014', 'BK'),
	(10803, 188, 'UK015', 'BK'),
	(10804, 188, 'UK016', 'BK'),
	(10805, 188, 'UK017', 'BK'),
	(10806, 188, 'UK018', 'BK'),
	(10807, 188, 'UK019', 'K'),
	(10808, 188, 'UK020', 'BK'),
	(10809, 188, 'UK021', 'K'),
	(10810, 188, 'UK022', 'BK'),
	(10811, 188, 'UK023', 'BK'),
	(10812, 188, 'UK024', 'K'),
	(10813, 188, 'UK025', 'K'),
	(10814, 188, 'UK026', 'BK'),
	(10815, 188, 'UK027', 'BK'),
	(10816, 188, 'UK028', 'K'),
	(10817, 188, 'UK029', 'BK'),
	(10818, 188, 'UK030', 'BK'),
	(10819, 188, 'UK031', 'BK'),
	(10820, 188, 'UK032', 'BK'),
	(10821, 188, 'UK033', 'BK'),
	(10822, 188, 'UK034', 'K'),
	(10823, 188, 'UK035', 'K'),
	(10824, 188, 'UK036', 'K'),
	(10825, 188, 'UK037', 'K'),
	(10826, 188, 'UK038', 'BK'),
	(10827, 188, 'UK039', 'BK'),
	(10828, 188, 'UK040', 'BK'),
	(10829, 188, 'UK041', 'BK'),
	(10830, 188, 'UK042', 'BK'),
	(10831, 188, 'UK043', 'BK'),
	(10832, 188, 'UK044', 'BK'),
	(10833, 188, 'UK045', 'BK'),
	(10834, 188, 'UK046', 'BK'),
	(10835, 188, 'UK047', 'BK'),
	(10836, 188, 'UK048', 'K'),
	(10837, 188, 'UK049', 'BK'),
	(10838, 188, 'UK050', 'BK'),
	(10839, 188, 'UK051', 'K'),
	(10840, 188, 'UK052', 'BK'),
	(10841, 188, 'UK053', 'BK'),
	(10842, 188, 'UK054', 'BK'),
	(10843, 188, 'UK055', 'BK'),
	(10844, 188, 'UK056', 'BK'),
	(10845, 188, 'UK057', 'BK'),
	(10846, 188, 'UK058', 'BK'),
	(10847, 189, 'UK001', 'BK'),
	(10848, 189, 'UK002', 'BK'),
	(10849, 189, 'UK003', 'K'),
	(10850, 189, 'UK004', 'BK'),
	(10851, 189, 'UK005', 'BK'),
	(10852, 189, 'UK006', 'BK'),
	(10853, 189, 'UK007', 'BK'),
	(10854, 189, 'UK008', 'BK'),
	(10855, 189, 'UK009', 'BK'),
	(10856, 189, 'UK010', 'BK'),
	(10857, 189, 'UK011', 'K'),
	(10858, 189, 'UK012', 'BK'),
	(10859, 189, 'UK013', 'K'),
	(10860, 189, 'UK014', 'BK'),
	(10861, 189, 'UK015', 'BK'),
	(10862, 189, 'UK016', 'BK'),
	(10863, 189, 'UK017', 'BK'),
	(10864, 189, 'UK018', 'BK'),
	(10865, 189, 'UK019', 'K'),
	(10866, 189, 'UK020', 'BK'),
	(10867, 189, 'UK021', 'K'),
	(10868, 189, 'UK022', 'BK'),
	(10869, 189, 'UK023', 'K'),
	(10870, 189, 'UK024', 'BK'),
	(10871, 189, 'UK025', 'BK'),
	(10872, 189, 'UK026', 'BK'),
	(10873, 189, 'UK027', 'BK'),
	(10874, 189, 'UK028', 'BK'),
	(10875, 189, 'UK029', 'BK'),
	(10876, 189, 'UK030', 'BK'),
	(10877, 189, 'UK031', 'BK'),
	(10878, 189, 'UK032', 'BK'),
	(10879, 189, 'UK033', 'BK'),
	(10880, 189, 'UK034', 'BK'),
	(10881, 189, 'UK035', 'K'),
	(10882, 189, 'UK036', 'K'),
	(10883, 189, 'UK037', 'BK'),
	(10884, 189, 'UK038', 'BK'),
	(10885, 189, 'UK039', 'BK'),
	(10886, 189, 'UK040', 'BK'),
	(10887, 189, 'UK041', 'BK'),
	(10888, 189, 'UK042', 'K'),
	(10889, 189, 'UK043', 'BK'),
	(10890, 189, 'UK044', 'BK'),
	(10891, 189, 'UK045', 'K'),
	(10892, 189, 'UK046', 'K'),
	(10893, 189, 'UK047', 'K'),
	(10894, 189, 'UK048', 'BK'),
	(10895, 189, 'UK049', 'BK'),
	(10896, 189, 'UK050', 'BK'),
	(10897, 189, 'UK051', 'K'),
	(10898, 189, 'UK052', 'BK'),
	(10899, 189, 'UK053', 'K'),
	(10900, 189, 'UK054', 'BK'),
	(10901, 189, 'UK055', 'K'),
	(10902, 189, 'UK056', 'BK'),
	(10903, 189, 'UK057', 'BK'),
	(10904, 189, 'UK058', 'K'),
	(10905, 190, 'UK001', 'BK'),
	(10906, 190, 'UK002', 'BK'),
	(10907, 190, 'UK003', 'BK'),
	(10908, 190, 'UK004', 'BK'),
	(10909, 190, 'UK005', 'BK'),
	(10910, 190, 'UK006', 'K'),
	(10911, 190, 'UK007', 'BK'),
	(10912, 190, 'UK008', 'BK'),
	(10913, 190, 'UK009', 'BK'),
	(10914, 190, 'UK010', 'BK'),
	(10915, 190, 'UK011', 'BK'),
	(10916, 190, 'UK012', 'BK'),
	(10917, 190, 'UK013', 'BK'),
	(10918, 190, 'UK014', 'BK'),
	(10919, 190, 'UK015', 'BK'),
	(10920, 190, 'UK016', 'BK'),
	(10921, 190, 'UK017', 'BK'),
	(10922, 190, 'UK018', 'BK'),
	(10923, 190, 'UK019', 'BK'),
	(10924, 190, 'UK020', 'BK'),
	(10925, 190, 'UK021', 'BK'),
	(10926, 190, 'UK022', 'BK'),
	(10927, 190, 'UK023', 'BK'),
	(10928, 190, 'UK024', 'BK'),
	(10929, 190, 'UK025', 'BK'),
	(10930, 190, 'UK026', 'BK'),
	(10931, 190, 'UK027', 'BK'),
	(10932, 190, 'UK028', 'BK'),
	(10933, 190, 'UK029', 'BK'),
	(10934, 190, 'UK030', 'BK'),
	(10935, 190, 'UK031', 'BK'),
	(10936, 190, 'UK032', 'BK'),
	(10937, 190, 'UK033', 'BK'),
	(10938, 190, 'UK034', 'BK'),
	(10939, 190, 'UK035', 'BK'),
	(10940, 190, 'UK036', 'K'),
	(10941, 190, 'UK037', 'K'),
	(10942, 190, 'UK038', 'BK'),
	(10943, 190, 'UK039', 'BK'),
	(10944, 190, 'UK040', 'K'),
	(10945, 190, 'UK041', 'K'),
	(10946, 190, 'UK042', 'K'),
	(10947, 190, 'UK043', 'BK'),
	(10948, 190, 'UK044', 'BK'),
	(10949, 190, 'UK045', 'BK'),
	(10950, 190, 'UK046', 'K'),
	(10951, 190, 'UK047', 'K'),
	(10952, 190, 'UK048', 'BK'),
	(10953, 190, 'UK049', 'BK'),
	(10954, 190, 'UK050', 'BK'),
	(10955, 190, 'UK051', 'BK'),
	(10956, 190, 'UK052', 'BK'),
	(10957, 190, 'UK053', 'K'),
	(10958, 190, 'UK054', 'BK'),
	(10959, 190, 'UK055', 'BK'),
	(10960, 190, 'UK056', 'BK'),
	(10961, 190, 'UK057', 'K'),
	(10962, 190, 'UK058', 'BK'),
	(10963, 191, 'UK001', 'BK'),
	(10964, 191, 'UK002', 'BK'),
	(10965, 191, 'UK003', 'BK'),
	(10966, 191, 'UK004', 'BK'),
	(10967, 191, 'UK005', 'K'),
	(10968, 191, 'UK006', 'BK'),
	(10969, 191, 'UK007', 'BK'),
	(10970, 191, 'UK008', 'BK'),
	(10971, 191, 'UK009', 'BK'),
	(10972, 191, 'UK010', 'BK'),
	(10973, 191, 'UK011', 'BK'),
	(10974, 191, 'UK012', 'BK'),
	(10975, 191, 'UK013', 'BK'),
	(10976, 191, 'UK014', 'BK'),
	(10977, 191, 'UK015', 'BK'),
	(10978, 191, 'UK016', 'BK'),
	(10979, 191, 'UK017', 'BK'),
	(10980, 191, 'UK018', 'BK'),
	(10981, 191, 'UK019', 'BK'),
	(10982, 191, 'UK020', 'BK'),
	(10983, 191, 'UK021', 'K'),
	(10984, 191, 'UK022', 'BK'),
	(10985, 191, 'UK023', 'BK'),
	(10986, 191, 'UK024', 'BK'),
	(10987, 191, 'UK025', 'K'),
	(10988, 191, 'UK026', 'BK'),
	(10989, 191, 'UK027', 'BK'),
	(10990, 191, 'UK028', 'BK'),
	(10991, 191, 'UK029', 'BK'),
	(10992, 191, 'UK030', 'BK'),
	(10993, 191, 'UK031', 'K'),
	(10994, 191, 'UK032', 'BK'),
	(10995, 191, 'UK033', 'BK'),
	(10996, 191, 'UK034', 'BK'),
	(10997, 191, 'UK035', 'BK'),
	(10998, 191, 'UK036', 'BK'),
	(10999, 191, 'UK037', 'K'),
	(11000, 191, 'UK038', 'BK'),
	(11001, 191, 'UK039', 'BK'),
	(11002, 191, 'UK040', 'K'),
	(11003, 191, 'UK041', 'BK'),
	(11004, 191, 'UK042', 'K'),
	(11005, 191, 'UK043', 'BK'),
	(11006, 191, 'UK044', 'BK'),
	(11007, 191, 'UK045', 'K'),
	(11008, 191, 'UK046', 'K'),
	(11009, 191, 'UK047', 'K'),
	(11010, 191, 'UK048', 'BK'),
	(11011, 191, 'UK049', 'BK'),
	(11012, 191, 'UK050', 'BK'),
	(11013, 191, 'UK051', 'BK'),
	(11014, 191, 'UK052', 'BK'),
	(11015, 191, 'UK053', 'BK'),
	(11016, 191, 'UK054', 'BK'),
	(11017, 191, 'UK055', 'BK'),
	(11018, 191, 'UK056', 'BK'),
	(11019, 191, 'UK057', 'K'),
	(11020, 191, 'UK058', 'K'),
	(11021, 192, 'UK001', 'BK'),
	(11022, 192, 'UK002', 'BK'),
	(11023, 192, 'UK003', 'BK'),
	(11024, 192, 'UK004', 'K'),
	(11025, 192, 'UK005', 'K'),
	(11026, 192, 'UK006', 'K'),
	(11027, 192, 'UK007', 'K'),
	(11028, 192, 'UK008', 'BK'),
	(11029, 192, 'UK009', 'BK'),
	(11030, 192, 'UK010', 'BK'),
	(11031, 192, 'UK011', 'BK'),
	(11032, 192, 'UK012', 'BK'),
	(11033, 192, 'UK013', 'BK'),
	(11034, 192, 'UK014', 'BK'),
	(11035, 192, 'UK015', 'K'),
	(11036, 192, 'UK016', 'K'),
	(11037, 192, 'UK017', 'BK'),
	(11038, 192, 'UK018', 'BK'),
	(11039, 192, 'UK019', 'BK'),
	(11040, 192, 'UK020', 'BK'),
	(11041, 192, 'UK021', 'BK'),
	(11042, 192, 'UK022', 'BK'),
	(11043, 192, 'UK023', 'K'),
	(11044, 192, 'UK024', 'K'),
	(11045, 192, 'UK025', 'BK'),
	(11046, 192, 'UK026', 'BK'),
	(11047, 192, 'UK027', 'K'),
	(11048, 192, 'UK028', 'K'),
	(11049, 192, 'UK029', 'K'),
	(11050, 192, 'UK030', 'K'),
	(11051, 192, 'UK031', 'BK'),
	(11052, 192, 'UK032', 'K'),
	(11053, 192, 'UK033', 'BK'),
	(11054, 192, 'UK034', 'BK'),
	(11055, 192, 'UK035', 'BK'),
	(11056, 192, 'UK036', 'BK'),
	(11057, 192, 'UK037', 'K'),
	(11058, 192, 'UK038', 'K'),
	(11059, 192, 'UK039', 'BK'),
	(11060, 192, 'UK040', 'K'),
	(11061, 192, 'UK041', 'BK'),
	(11062, 192, 'UK042', 'BK'),
	(11063, 192, 'UK043', 'BK'),
	(11064, 192, 'UK044', 'BK'),
	(11065, 192, 'UK045', 'BK'),
	(11066, 192, 'UK046', 'BK'),
	(11067, 192, 'UK047', 'BK'),
	(11068, 192, 'UK048', 'BK'),
	(11069, 192, 'UK049', 'K'),
	(11070, 192, 'UK050', 'K'),
	(11071, 192, 'UK051', 'BK'),
	(11072, 192, 'UK052', 'K'),
	(11073, 192, 'UK053', 'BK'),
	(11074, 192, 'UK054', 'BK'),
	(11075, 192, 'UK055', 'BK'),
	(11076, 192, 'UK056', 'BK'),
	(11077, 192, 'UK057', 'BK'),
	(11078, 192, 'UK058', 'BK'),
	(11079, 193, 'UK001', 'K'),
	(11080, 193, 'UK002', 'BK'),
	(11081, 193, 'UK003', 'K'),
	(11082, 193, 'UK004', 'BK'),
	(11083, 193, 'UK005', 'BK'),
	(11084, 193, 'UK006', 'BK'),
	(11085, 193, 'UK007', 'BK'),
	(11086, 193, 'UK008', 'K'),
	(11087, 193, 'UK009', 'BK'),
	(11088, 193, 'UK010', 'K'),
	(11089, 193, 'UK011', 'K'),
	(11090, 193, 'UK012', 'BK'),
	(11091, 193, 'UK013', 'BK'),
	(11092, 193, 'UK014', 'BK'),
	(11093, 193, 'UK015', 'BK'),
	(11094, 193, 'UK016', 'BK'),
	(11095, 193, 'UK017', 'K'),
	(11096, 193, 'UK018', 'BK'),
	(11097, 193, 'UK019', 'K'),
	(11098, 193, 'UK020', 'K'),
	(11099, 193, 'UK021', 'K'),
	(11100, 193, 'UK022', 'BK'),
	(11101, 193, 'UK023', 'BK'),
	(11102, 193, 'UK024', 'K'),
	(11103, 193, 'UK025', 'BK'),
	(11104, 193, 'UK026', 'BK'),
	(11105, 193, 'UK027', 'BK'),
	(11106, 193, 'UK028', 'BK'),
	(11107, 193, 'UK029', 'K'),
	(11108, 193, 'UK030', 'K'),
	(11109, 193, 'UK031', 'K'),
	(11110, 193, 'UK032', 'K'),
	(11111, 193, 'UK033', 'BK'),
	(11112, 193, 'UK034', 'BK'),
	(11113, 193, 'UK035', 'K'),
	(11114, 193, 'UK036', 'BK'),
	(11115, 193, 'UK037', 'BK'),
	(11116, 193, 'UK038', 'BK'),
	(11117, 193, 'UK039', 'BK'),
	(11118, 193, 'UK040', 'BK'),
	(11119, 193, 'UK041', 'BK'),
	(11120, 193, 'UK042', 'BK'),
	(11121, 193, 'UK043', 'BK'),
	(11122, 193, 'UK044', 'BK'),
	(11123, 193, 'UK045', 'BK'),
	(11124, 193, 'UK046', 'BK'),
	(11125, 193, 'UK047', 'BK'),
	(11126, 193, 'UK048', 'BK'),
	(11127, 193, 'UK049', 'BK'),
	(11128, 193, 'UK050', 'BK'),
	(11129, 193, 'UK051', 'BK'),
	(11130, 193, 'UK052', 'K'),
	(11131, 193, 'UK053', 'K'),
	(11132, 193, 'UK054', 'K'),
	(11133, 193, 'UK055', 'K'),
	(11134, 193, 'UK056', 'K'),
	(11135, 193, 'UK057', 'BK'),
	(11136, 193, 'UK058', 'BK'),
	(11137, 194, 'UK001', 'BK'),
	(11138, 194, 'UK002', 'BK'),
	(11139, 194, 'UK003', 'BK'),
	(11140, 194, 'UK004', 'BK'),
	(11141, 194, 'UK005', 'BK'),
	(11142, 194, 'UK006', 'BK'),
	(11143, 194, 'UK007', 'BK'),
	(11144, 194, 'UK008', 'K'),
	(11145, 194, 'UK009', 'BK'),
	(11146, 194, 'UK010', 'K'),
	(11147, 194, 'UK011', 'BK'),
	(11148, 194, 'UK012', 'BK'),
	(11149, 194, 'UK013', 'BK'),
	(11150, 194, 'UK014', 'BK'),
	(11151, 194, 'UK015', 'BK'),
	(11152, 194, 'UK016', 'BK'),
	(11153, 194, 'UK017', 'BK'),
	(11154, 194, 'UK018', 'BK'),
	(11155, 194, 'UK019', 'K'),
	(11156, 194, 'UK020', 'BK'),
	(11157, 194, 'UK021', 'K'),
	(11158, 194, 'UK022', 'BK'),
	(11159, 194, 'UK023', 'BK'),
	(11160, 194, 'UK024', 'BK'),
	(11161, 194, 'UK025', 'K'),
	(11162, 194, 'UK026', 'K'),
	(11163, 194, 'UK027', 'BK'),
	(11164, 194, 'UK028', 'BK'),
	(11165, 194, 'UK029', 'BK'),
	(11166, 194, 'UK030', 'BK'),
	(11167, 194, 'UK031', 'BK'),
	(11168, 194, 'UK032', 'BK'),
	(11169, 194, 'UK033', 'BK'),
	(11170, 194, 'UK034', 'K'),
	(11171, 194, 'UK035', 'K'),
	(11172, 194, 'UK036', 'K'),
	(11173, 194, 'UK037', 'K'),
	(11174, 194, 'UK038', 'BK'),
	(11175, 194, 'UK039', 'BK'),
	(11176, 194, 'UK040', 'BK'),
	(11177, 194, 'UK041', 'BK'),
	(11178, 194, 'UK042', 'BK'),
	(11179, 194, 'UK043', 'BK'),
	(11180, 194, 'UK044', 'BK'),
	(11181, 194, 'UK045', 'BK'),
	(11182, 194, 'UK046', 'BK'),
	(11183, 194, 'UK047', 'BK'),
	(11184, 194, 'UK048', 'BK'),
	(11185, 194, 'UK049', 'BK'),
	(11186, 194, 'UK050', 'K'),
	(11187, 194, 'UK051', 'BK'),
	(11188, 194, 'UK052', 'BK'),
	(11189, 194, 'UK053', 'BK'),
	(11190, 194, 'UK054', 'BK'),
	(11191, 194, 'UK055', 'BK'),
	(11192, 194, 'UK056', 'K'),
	(11193, 194, 'UK057', 'BK'),
	(11194, 194, 'UK058', 'BK'),
	(11195, 195, 'UK001', 'K'),
	(11196, 195, 'UK002', 'BK'),
	(11197, 195, 'UK003', 'BK'),
	(11198, 195, 'UK004', 'BK'),
	(11199, 195, 'UK005', 'BK'),
	(11200, 195, 'UK006', 'BK'),
	(11201, 195, 'UK007', 'BK'),
	(11202, 195, 'UK008', 'K'),
	(11203, 195, 'UK009', 'BK'),
	(11204, 195, 'UK010', 'BK'),
	(11205, 195, 'UK011', 'K'),
	(11206, 195, 'UK012', 'K'),
	(11207, 195, 'UK013', 'BK'),
	(11208, 195, 'UK014', 'BK'),
	(11209, 195, 'UK015', 'BK'),
	(11210, 195, 'UK016', 'BK'),
	(11211, 195, 'UK017', 'K'),
	(11212, 195, 'UK018', 'BK'),
	(11213, 195, 'UK019', 'K'),
	(11214, 195, 'UK020', 'BK'),
	(11215, 195, 'UK021', 'BK'),
	(11216, 195, 'UK022', 'BK'),
	(11217, 195, 'UK023', 'BK'),
	(11218, 195, 'UK024', 'BK'),
	(11219, 195, 'UK025', 'K'),
	(11220, 195, 'UK026', 'BK'),
	(11221, 195, 'UK027', 'BK'),
	(11222, 195, 'UK028', 'BK'),
	(11223, 195, 'UK029', 'BK'),
	(11224, 195, 'UK030', 'BK'),
	(11225, 195, 'UK031', 'BK'),
	(11226, 195, 'UK032', 'BK'),
	(11227, 195, 'UK033', 'K'),
	(11228, 195, 'UK034', 'K'),
	(11229, 195, 'UK035', 'K'),
	(11230, 195, 'UK036', 'K'),
	(11231, 195, 'UK037', 'K'),
	(11232, 195, 'UK038', 'BK'),
	(11233, 195, 'UK039', 'BK'),
	(11234, 195, 'UK040', 'BK'),
	(11235, 195, 'UK041', 'BK'),
	(11236, 195, 'UK042', 'BK'),
	(11237, 195, 'UK043', 'K'),
	(11238, 195, 'UK044', 'BK'),
	(11239, 195, 'UK045', 'BK'),
	(11240, 195, 'UK046', 'BK'),
	(11241, 195, 'UK047', 'BK'),
	(11242, 195, 'UK048', 'BK'),
	(11243, 195, 'UK049', 'BK'),
	(11244, 195, 'UK050', 'BK'),
	(11245, 195, 'UK051', 'BK'),
	(11246, 195, 'UK052', 'K'),
	(11247, 195, 'UK053', 'BK'),
	(11248, 195, 'UK054', 'BK'),
	(11249, 195, 'UK055', 'BK'),
	(11250, 195, 'UK056', 'BK'),
	(11251, 195, 'UK057', 'BK'),
	(11252, 195, 'UK058', 'BK'),
	(11253, 196, 'UK001', 'BK'),
	(11254, 196, 'UK002', 'K'),
	(11255, 196, 'UK003', 'K'),
	(11256, 196, 'UK004', 'BK'),
	(11257, 196, 'UK005', 'BK'),
	(11258, 196, 'UK006', 'BK'),
	(11259, 196, 'UK007', 'BK'),
	(11260, 196, 'UK008', 'BK'),
	(11261, 196, 'UK009', 'BK'),
	(11262, 196, 'UK010', 'BK'),
	(11263, 196, 'UK011', 'BK'),
	(11264, 196, 'UK012', 'BK'),
	(11265, 196, 'UK013', 'K'),
	(11266, 196, 'UK014', 'BK'),
	(11267, 196, 'UK015', 'K'),
	(11268, 196, 'UK016', 'BK'),
	(11269, 196, 'UK017', 'BK'),
	(11270, 196, 'UK018', 'BK'),
	(11271, 196, 'UK019', 'BK'),
	(11272, 196, 'UK020', 'K'),
	(11273, 196, 'UK021', 'BK'),
	(11274, 196, 'UK022', 'K'),
	(11275, 196, 'UK023', 'BK'),
	(11276, 196, 'UK024', 'BK'),
	(11277, 196, 'UK025', 'BK'),
	(11278, 196, 'UK026', 'BK'),
	(11279, 196, 'UK027', 'BK'),
	(11280, 196, 'UK028', 'BK'),
	(11281, 196, 'UK029', 'BK'),
	(11282, 196, 'UK030', 'BK'),
	(11283, 196, 'UK031', 'BK'),
	(11284, 196, 'UK032', 'BK'),
	(11285, 196, 'UK033', 'BK'),
	(11286, 196, 'UK034', 'BK'),
	(11287, 196, 'UK035', 'BK'),
	(11288, 196, 'UK036', 'K'),
	(11289, 196, 'UK037', 'BK'),
	(11290, 196, 'UK038', 'BK'),
	(11291, 196, 'UK039', 'BK'),
	(11292, 196, 'UK040', 'K'),
	(11293, 196, 'UK041', 'BK'),
	(11294, 196, 'UK042', 'K'),
	(11295, 196, 'UK043', 'BK'),
	(11296, 196, 'UK044', 'BK'),
	(11297, 196, 'UK045', 'K'),
	(11298, 196, 'UK046', 'K'),
	(11299, 196, 'UK047', 'K'),
	(11300, 196, 'UK048', 'BK'),
	(11301, 196, 'UK049', 'BK'),
	(11302, 196, 'UK050', 'BK'),
	(11303, 196, 'UK051', 'BK'),
	(11304, 196, 'UK052', 'BK'),
	(11305, 196, 'UK053', 'BK'),
	(11306, 196, 'UK054', 'BK'),
	(11307, 196, 'UK055', 'BK'),
	(11308, 196, 'UK056', 'BK'),
	(11309, 196, 'UK057', 'K'),
	(11310, 196, 'UK058', 'K'),
	(11311, 197, 'UK001', 'BK'),
	(11312, 197, 'UK002', 'BK'),
	(11313, 197, 'UK003', 'BK'),
	(11314, 197, 'UK004', 'BK'),
	(11315, 197, 'UK005', 'BK'),
	(11316, 197, 'UK006', 'BK'),
	(11317, 197, 'UK007', 'BK'),
	(11318, 197, 'UK008', 'BK'),
	(11319, 197, 'UK009', 'BK'),
	(11320, 197, 'UK010', 'BK'),
	(11321, 197, 'UK011', 'BK'),
	(11322, 197, 'UK012', 'BK'),
	(11323, 197, 'UK013', 'BK'),
	(11324, 197, 'UK014', 'K'),
	(11325, 197, 'UK015', 'K'),
	(11326, 197, 'UK016', 'BK'),
	(11327, 197, 'UK017', 'BK'),
	(11328, 197, 'UK018', 'BK'),
	(11329, 197, 'UK019', 'K'),
	(11330, 197, 'UK020', 'BK'),
	(11331, 197, 'UK021', 'K'),
	(11332, 197, 'UK022', 'BK'),
	(11333, 197, 'UK023', 'BK'),
	(11334, 197, 'UK024', 'BK'),
	(11335, 197, 'UK025', 'BK'),
	(11336, 197, 'UK026', 'BK'),
	(11337, 197, 'UK027', 'BK'),
	(11338, 197, 'UK028', 'BK'),
	(11339, 197, 'UK029', 'BK'),
	(11340, 197, 'UK030', 'BK'),
	(11341, 197, 'UK031', 'BK'),
	(11342, 197, 'UK032', 'K'),
	(11343, 197, 'UK033', 'K'),
	(11344, 197, 'UK034', 'BK'),
	(11345, 197, 'UK035', 'K'),
	(11346, 197, 'UK036', 'K'),
	(11347, 197, 'UK037', 'K'),
	(11348, 197, 'UK038', 'BK'),
	(11349, 197, 'UK039', 'BK'),
	(11350, 197, 'UK040', 'K'),
	(11351, 197, 'UK041', 'BK'),
	(11352, 197, 'UK042', 'K'),
	(11353, 197, 'UK043', 'BK'),
	(11354, 197, 'UK044', 'K'),
	(11355, 197, 'UK045', 'BK'),
	(11356, 197, 'UK046', 'K'),
	(11357, 197, 'UK047', 'K'),
	(11358, 197, 'UK048', 'BK'),
	(11359, 197, 'UK049', 'BK'),
	(11360, 197, 'UK050', 'BK'),
	(11361, 197, 'UK051', 'BK'),
	(11362, 197, 'UK052', 'BK'),
	(11363, 197, 'UK053', 'BK'),
	(11364, 197, 'UK054', 'BK'),
	(11365, 197, 'UK055', 'BK'),
	(11366, 197, 'UK056', 'BK'),
	(11367, 197, 'UK057', 'BK'),
	(11368, 197, 'UK058', 'K'),
	(11369, 198, 'UK001', 'BK'),
	(11370, 198, 'UK002', 'K'),
	(11371, 198, 'UK003', 'K'),
	(11372, 198, 'UK004', 'BK'),
	(11373, 198, 'UK005', 'K'),
	(11374, 198, 'UK006', 'K'),
	(11375, 198, 'UK007', 'K'),
	(11376, 198, 'UK008', 'K'),
	(11377, 198, 'UK009', 'BK'),
	(11378, 198, 'UK010', 'K'),
	(11379, 198, 'UK011', 'BK'),
	(11380, 198, 'UK012', 'BK'),
	(11381, 198, 'UK013', 'BK'),
	(11382, 198, 'UK014', 'K'),
	(11383, 198, 'UK015', 'BK'),
	(11384, 198, 'UK016', 'K'),
	(11385, 198, 'UK017', 'K'),
	(11386, 198, 'UK018', 'BK'),
	(11387, 198, 'UK019', 'BK'),
	(11388, 198, 'UK020', 'BK'),
	(11389, 198, 'UK021', 'BK'),
	(11390, 198, 'UK022', 'K'),
	(11391, 198, 'UK023', 'BK'),
	(11392, 198, 'UK024', 'BK'),
	(11393, 198, 'UK025', 'BK'),
	(11394, 198, 'UK026', 'BK'),
	(11395, 198, 'UK027', 'K'),
	(11396, 198, 'UK028', 'K'),
	(11397, 198, 'UK029', 'BK'),
	(11398, 198, 'UK030', 'K'),
	(11399, 198, 'UK031', 'BK'),
	(11400, 198, 'UK032', 'BK'),
	(11401, 198, 'UK033', 'BK'),
	(11402, 198, 'UK034', 'BK'),
	(11403, 198, 'UK035', 'BK'),
	(11404, 198, 'UK036', 'K'),
	(11405, 198, 'UK037', 'K'),
	(11406, 198, 'UK038', 'BK'),
	(11407, 198, 'UK039', 'BK'),
	(11408, 198, 'UK040', 'BK'),
	(11409, 198, 'UK041', 'BK'),
	(11410, 198, 'UK042', 'BK'),
	(11411, 198, 'UK043', 'BK'),
	(11412, 198, 'UK044', 'BK'),
	(11413, 198, 'UK045', 'BK'),
	(11414, 198, 'UK046', 'BK'),
	(11415, 198, 'UK047', 'BK'),
	(11416, 198, 'UK048', 'K'),
	(11417, 198, 'UK049', 'K'),
	(11418, 198, 'UK050', 'K'),
	(11419, 198, 'UK051', 'K'),
	(11420, 198, 'UK052', 'BK'),
	(11421, 198, 'UK053', 'BK'),
	(11422, 198, 'UK054', 'BK'),
	(11423, 198, 'UK055', 'K'),
	(11424, 198, 'UK056', 'BK'),
	(11425, 198, 'UK057', 'K'),
	(11426, 198, 'UK058', 'BK'),
	(11427, 199, 'UK001', 'K'),
	(11428, 199, 'UK002', 'BK'),
	(11429, 199, 'UK003', 'K'),
	(11430, 199, 'UK004', 'K'),
	(11431, 199, 'UK005', 'BK'),
	(11432, 199, 'UK006', 'BK'),
	(11433, 199, 'UK007', 'BK'),
	(11434, 199, 'UK008', 'K'),
	(11435, 199, 'UK009', 'BK'),
	(11436, 199, 'UK010', 'BK'),
	(11437, 199, 'UK011', 'BK'),
	(11438, 199, 'UK012', 'BK'),
	(11439, 199, 'UK013', 'BK'),
	(11440, 199, 'UK014', 'BK'),
	(11441, 199, 'UK015', 'BK'),
	(11442, 199, 'UK016', 'BK'),
	(11443, 199, 'UK017', 'K'),
	(11444, 199, 'UK018', 'BK'),
	(11445, 199, 'UK019', 'BK'),
	(11446, 199, 'UK020', 'K'),
	(11447, 199, 'UK021', 'K'),
	(11448, 199, 'UK022', 'K'),
	(11449, 199, 'UK023', 'BK'),
	(11450, 199, 'UK024', 'K'),
	(11451, 199, 'UK025', 'K'),
	(11452, 199, 'UK026', 'K'),
	(11453, 199, 'UK027', 'K'),
	(11454, 199, 'UK028', 'K'),
	(11455, 199, 'UK029', 'K'),
	(11456, 199, 'UK030', 'BK'),
	(11457, 199, 'UK031', 'K'),
	(11458, 199, 'UK032', 'BK'),
	(11459, 199, 'UK033', 'BK'),
	(11460, 199, 'UK034', 'BK'),
	(11461, 199, 'UK035', 'K'),
	(11462, 199, 'UK036', 'BK'),
	(11463, 199, 'UK037', 'K'),
	(11464, 199, 'UK038', 'BK'),
	(11465, 199, 'UK039', 'K'),
	(11466, 199, 'UK040', 'BK'),
	(11467, 199, 'UK041', 'BK'),
	(11468, 199, 'UK042', 'BK'),
	(11469, 199, 'UK043', 'BK'),
	(11470, 199, 'UK044', 'BK'),
	(11471, 199, 'UK045', 'BK'),
	(11472, 199, 'UK046', 'BK'),
	(11473, 199, 'UK047', 'BK'),
	(11474, 199, 'UK048', 'BK'),
	(11475, 199, 'UK049', 'BK'),
	(11476, 199, 'UK050', 'BK'),
	(11477, 199, 'UK051', 'BK'),
	(11478, 199, 'UK052', 'K'),
	(11479, 199, 'UK053', 'BK'),
	(11480, 199, 'UK054', 'K'),
	(11481, 199, 'UK055', 'K'),
	(11482, 199, 'UK056', 'K'),
	(11483, 199, 'UK057', 'BK'),
	(11484, 199, 'UK058', 'BK'),
	(11485, 200, 'UK001', 'BK'),
	(11486, 200, 'UK002', 'K'),
	(11487, 200, 'UK003', 'BK'),
	(11488, 200, 'UK004', 'K'),
	(11489, 200, 'UK005', 'K'),
	(11490, 200, 'UK006', 'K'),
	(11491, 200, 'UK007', 'BK'),
	(11492, 200, 'UK008', 'K'),
	(11493, 200, 'UK009', 'BK'),
	(11494, 200, 'UK010', 'BK'),
	(11495, 200, 'UK011', 'BK'),
	(11496, 200, 'UK012', 'BK'),
	(11497, 200, 'UK013', 'BK'),
	(11498, 200, 'UK014', 'BK'),
	(11499, 200, 'UK015', 'K'),
	(11500, 200, 'UK016', 'BK'),
	(11501, 200, 'UK017', 'K'),
	(11502, 200, 'UK018', 'BK'),
	(11503, 200, 'UK019', 'K'),
	(11504, 200, 'UK020', 'BK'),
	(11505, 200, 'UK021', 'K'),
	(11506, 200, 'UK022', 'K'),
	(11507, 200, 'UK023', 'BK'),
	(11508, 200, 'UK024', 'BK'),
	(11509, 200, 'UK025', 'K'),
	(11510, 200, 'UK026', 'BK'),
	(11511, 200, 'UK027', 'BK'),
	(11512, 200, 'UK028', 'BK'),
	(11513, 200, 'UK029', 'BK'),
	(11514, 200, 'UK030', 'BK'),
	(11515, 200, 'UK031', 'BK'),
	(11516, 200, 'UK032', 'BK'),
	(11517, 200, 'UK033', 'K'),
	(11518, 200, 'UK034', 'K'),
	(11519, 200, 'UK035', 'K'),
	(11520, 200, 'UK036', 'K'),
	(11521, 200, 'UK037', 'K'),
	(11522, 200, 'UK038', 'BK'),
	(11523, 200, 'UK039', 'BK'),
	(11524, 200, 'UK040', 'K'),
	(11525, 200, 'UK041', 'BK'),
	(11526, 200, 'UK042', 'BK'),
	(11527, 200, 'UK043', 'BK'),
	(11528, 200, 'UK044', 'BK'),
	(11529, 200, 'UK045', 'BK'),
	(11530, 200, 'UK046', 'BK'),
	(11531, 200, 'UK047', 'BK'),
	(11532, 200, 'UK048', 'K'),
	(11533, 200, 'UK049', 'BK'),
	(11534, 200, 'UK050', 'BK'),
	(11535, 200, 'UK051', 'BK'),
	(11536, 200, 'UK052', 'K'),
	(11537, 200, 'UK053', 'BK'),
	(11538, 200, 'UK054', 'BK'),
	(11539, 200, 'UK055', 'BK'),
	(11540, 200, 'UK056', 'K'),
	(11541, 200, 'UK057', 'BK'),
	(11542, 200, 'UK058', 'BK'),
	(11543, 201, 'UK001', 'BK'),
	(11544, 201, 'UK002', 'BK'),
	(11545, 201, 'UK003', 'BK'),
	(11546, 201, 'UK004', 'BK'),
	(11547, 201, 'UK005', 'BK'),
	(11548, 201, 'UK006', 'K'),
	(11549, 201, 'UK007', 'BK'),
	(11550, 201, 'UK008', 'K'),
	(11551, 201, 'UK009', 'BK'),
	(11552, 201, 'UK010', 'BK'),
	(11553, 201, 'UK011', 'BK'),
	(11554, 201, 'UK012', 'BK'),
	(11555, 201, 'UK013', 'BK'),
	(11556, 201, 'UK014', 'BK'),
	(11557, 201, 'UK015', 'BK'),
	(11558, 201, 'UK016', 'BK'),
	(11559, 201, 'UK017', 'BK'),
	(11560, 201, 'UK018', 'BK'),
	(11561, 201, 'UK019', 'K'),
	(11562, 201, 'UK020', 'BK'),
	(11563, 201, 'UK021', 'K'),
	(11564, 201, 'UK022', 'K'),
	(11565, 201, 'UK023', 'BK'),
	(11566, 201, 'UK024', 'BK'),
	(11567, 201, 'UK025', 'K'),
	(11568, 201, 'UK026', 'BK'),
	(11569, 201, 'UK027', 'BK'),
	(11570, 201, 'UK028', 'BK'),
	(11571, 201, 'UK029', 'BK'),
	(11572, 201, 'UK030', 'BK'),
	(11573, 201, 'UK031', 'BK'),
	(11574, 201, 'UK032', 'BK'),
	(11575, 201, 'UK033', 'BK'),
	(11576, 201, 'UK034', 'K'),
	(11577, 201, 'UK035', 'K'),
	(11578, 201, 'UK036', 'K'),
	(11579, 201, 'UK037', 'K'),
	(11580, 201, 'UK038', 'K'),
	(11581, 201, 'UK039', 'BK'),
	(11582, 201, 'UK040', 'BK'),
	(11583, 201, 'UK041', 'K'),
	(11584, 201, 'UK042', 'BK'),
	(11585, 201, 'UK043', 'BK'),
	(11586, 201, 'UK044', 'BK'),
	(11587, 201, 'UK045', 'BK'),
	(11588, 201, 'UK046', 'BK'),
	(11589, 201, 'UK047', 'BK'),
	(11590, 201, 'UK048', 'BK'),
	(11591, 201, 'UK049', 'BK'),
	(11592, 201, 'UK050', 'BK'),
	(11593, 201, 'UK051', 'BK'),
	(11594, 201, 'UK052', 'BK'),
	(11595, 201, 'UK053', 'BK'),
	(11596, 201, 'UK054', 'BK'),
	(11597, 201, 'UK055', 'BK'),
	(11598, 201, 'UK056', 'BK'),
	(11599, 201, 'UK057', 'BK'),
	(11600, 201, 'UK058', 'BK'),
	(11601, 202, 'UK001', 'BK'),
	(11602, 202, 'UK002', 'K'),
	(11603, 202, 'UK003', 'BK'),
	(11604, 202, 'UK004', 'K'),
	(11605, 202, 'UK005', 'BK'),
	(11606, 202, 'UK006', 'BK'),
	(11607, 202, 'UK007', 'BK'),
	(11608, 202, 'UK008', 'K'),
	(11609, 202, 'UK009', 'BK'),
	(11610, 202, 'UK010', 'BK'),
	(11611, 202, 'UK011', 'BK'),
	(11612, 202, 'UK012', 'BK'),
	(11613, 202, 'UK013', 'BK'),
	(11614, 202, 'UK014', 'BK'),
	(11615, 202, 'UK015', 'K'),
	(11616, 202, 'UK016', 'K'),
	(11617, 202, 'UK017', 'K'),
	(11618, 202, 'UK018', 'BK'),
	(11619, 202, 'UK019', 'K'),
	(11620, 202, 'UK020', 'BK'),
	(11621, 202, 'UK021', 'BK'),
	(11622, 202, 'UK022', 'BK'),
	(11623, 202, 'UK023', 'BK'),
	(11624, 202, 'UK024', 'K'),
	(11625, 202, 'UK025', 'BK'),
	(11626, 202, 'UK026', 'BK'),
	(11627, 202, 'UK027', 'BK'),
	(11628, 202, 'UK028', 'K'),
	(11629, 202, 'UK029', 'BK'),
	(11630, 202, 'UK030', 'BK'),
	(11631, 202, 'UK031', 'K'),
	(11632, 202, 'UK032', 'K'),
	(11633, 202, 'UK033', 'BK'),
	(11634, 202, 'UK034', 'K'),
	(11635, 202, 'UK035', 'BK'),
	(11636, 202, 'UK036', 'BK'),
	(11637, 202, 'UK037', 'BK'),
	(11638, 202, 'UK038', 'BK'),
	(11639, 202, 'UK039', 'BK'),
	(11640, 202, 'UK040', 'K'),
	(11641, 202, 'UK041', 'BK'),
	(11642, 202, 'UK042', 'BK'),
	(11643, 202, 'UK043', 'K'),
	(11644, 202, 'UK044', 'BK'),
	(11645, 202, 'UK045', 'K'),
	(11646, 202, 'UK046', 'K'),
	(11647, 202, 'UK047', 'BK'),
	(11648, 202, 'UK048', 'BK'),
	(11649, 202, 'UK049', 'BK'),
	(11650, 202, 'UK050', 'BK'),
	(11651, 202, 'UK051', 'BK'),
	(11652, 202, 'UK052', 'K'),
	(11653, 202, 'UK053', 'BK'),
	(11654, 202, 'UK054', 'BK'),
	(11655, 202, 'UK055', 'K'),
	(11656, 202, 'UK056', 'K'),
	(11657, 202, 'UK057', 'K'),
	(11658, 202, 'UK058', 'K'),
	(11659, 203, 'UK001', 'BK'),
	(11660, 203, 'UK002', 'BK'),
	(11661, 203, 'UK003', 'BK'),
	(11662, 203, 'UK004', 'BK'),
	(11663, 203, 'UK005', 'K'),
	(11664, 203, 'UK006', 'BK'),
	(11665, 203, 'UK007', 'BK'),
	(11666, 203, 'UK008', 'BK'),
	(11667, 203, 'UK009', 'BK'),
	(11668, 203, 'UK010', 'BK'),
	(11669, 203, 'UK011', 'BK'),
	(11670, 203, 'UK012', 'BK'),
	(11671, 203, 'UK013', 'BK'),
	(11672, 203, 'UK014', 'BK'),
	(11673, 203, 'UK015', 'BK'),
	(11674, 203, 'UK016', 'BK'),
	(11675, 203, 'UK017', 'BK'),
	(11676, 203, 'UK018', 'BK'),
	(11677, 203, 'UK019', 'BK'),
	(11678, 203, 'UK020', 'BK'),
	(11679, 203, 'UK021', 'K'),
	(11680, 203, 'UK022', 'BK'),
	(11681, 203, 'UK023', 'BK'),
	(11682, 203, 'UK024', 'K'),
	(11683, 203, 'UK025', 'BK'),
	(11684, 203, 'UK026', 'BK'),
	(11685, 203, 'UK027', 'BK'),
	(11686, 203, 'UK028', 'BK'),
	(11687, 203, 'UK029', 'BK'),
	(11688, 203, 'UK030', 'K'),
	(11689, 203, 'UK031', 'BK'),
	(11690, 203, 'UK032', 'BK'),
	(11691, 203, 'UK033', 'BK'),
	(11692, 203, 'UK034', 'BK'),
	(11693, 203, 'UK035', 'BK'),
	(11694, 203, 'UK036', 'BK'),
	(11695, 203, 'UK037', 'BK'),
	(11696, 203, 'UK038', 'BK'),
	(11697, 203, 'UK039', 'BK'),
	(11698, 203, 'UK040', 'BK'),
	(11699, 203, 'UK041', 'BK'),
	(11700, 203, 'UK042', 'K'),
	(11701, 203, 'UK043', 'BK'),
	(11702, 203, 'UK044', 'BK'),
	(11703, 203, 'UK045', 'K'),
	(11704, 203, 'UK046', 'K'),
	(11705, 203, 'UK047', 'BK'),
	(11706, 203, 'UK048', 'BK'),
	(11707, 203, 'UK049', 'K'),
	(11708, 203, 'UK050', 'K'),
	(11709, 203, 'UK051', 'BK'),
	(11710, 203, 'UK052', 'BK'),
	(11711, 203, 'UK053', 'K'),
	(11712, 203, 'UK054', 'BK'),
	(11713, 203, 'UK055', 'BK'),
	(11714, 203, 'UK056', 'K'),
	(11715, 203, 'UK057', 'BK'),
	(11716, 203, 'UK058', 'BK'),
	(11717, 204, 'UK001', 'BK'),
	(11718, 204, 'UK002', 'K'),
	(11719, 204, 'UK003', 'K'),
	(11720, 204, 'UK004', 'BK'),
	(11721, 204, 'UK005', 'K'),
	(11722, 204, 'UK006', 'K'),
	(11723, 204, 'UK007', 'BK'),
	(11724, 204, 'UK008', 'K'),
	(11725, 204, 'UK009', 'BK'),
	(11726, 204, 'UK010', 'K'),
	(11727, 204, 'UK011', 'BK'),
	(11728, 204, 'UK012', 'BK'),
	(11729, 204, 'UK013', 'K'),
	(11730, 204, 'UK014', 'BK'),
	(11731, 204, 'UK015', 'BK'),
	(11732, 204, 'UK016', 'BK'),
	(11733, 204, 'UK017', 'K'),
	(11734, 204, 'UK018', 'BK'),
	(11735, 204, 'UK019', 'BK'),
	(11736, 204, 'UK020', 'K'),
	(11737, 204, 'UK021', 'K'),
	(11738, 204, 'UK022', 'K'),
	(11739, 204, 'UK023', 'K'),
	(11740, 204, 'UK024', 'BK'),
	(11741, 204, 'UK025', 'BK'),
	(11742, 204, 'UK026', 'BK'),
	(11743, 204, 'UK027', 'BK'),
	(11744, 204, 'UK028', 'K'),
	(11745, 204, 'UK029', 'BK'),
	(11746, 204, 'UK030', 'K'),
	(11747, 204, 'UK031', 'BK'),
	(11748, 204, 'UK032', 'K'),
	(11749, 204, 'UK033', 'BK'),
	(11750, 204, 'UK034', 'BK'),
	(11751, 204, 'UK035', 'BK'),
	(11752, 204, 'UK036', 'BK'),
	(11753, 204, 'UK037', 'K'),
	(11754, 204, 'UK038', 'BK'),
	(11755, 204, 'UK039', 'K'),
	(11756, 204, 'UK040', 'BK'),
	(11757, 204, 'UK041', 'BK'),
	(11758, 204, 'UK042', 'BK'),
	(11759, 204, 'UK043', 'BK'),
	(11760, 204, 'UK044', 'BK'),
	(11761, 204, 'UK045', 'BK'),
	(11762, 204, 'UK046', 'BK'),
	(11763, 204, 'UK047', 'BK'),
	(11764, 204, 'UK048', 'BK'),
	(11765, 204, 'UK049', 'BK'),
	(11766, 204, 'UK050', 'K'),
	(11767, 204, 'UK051', 'BK'),
	(11768, 204, 'UK052', 'K'),
	(11769, 204, 'UK053', 'BK'),
	(11770, 204, 'UK054', 'BK'),
	(11771, 204, 'UK055', 'BK'),
	(11772, 204, 'UK056', 'K'),
	(11773, 204, 'UK057', 'K'),
	(11774, 204, 'UK058', 'BK'),
	(11775, 205, 'UK001', 'BK'),
	(11776, 205, 'UK002', 'BK'),
	(11777, 205, 'UK003', 'K'),
	(11778, 205, 'UK004', 'BK'),
	(11779, 205, 'UK005', 'BK'),
	(11780, 205, 'UK006', 'K'),
	(11781, 205, 'UK007', 'BK'),
	(11782, 205, 'UK008', 'K'),
	(11783, 205, 'UK009', 'BK'),
	(11784, 205, 'UK010', 'BK'),
	(11785, 205, 'UK011', 'BK'),
	(11786, 205, 'UK012', 'BK'),
	(11787, 205, 'UK013', 'BK'),
	(11788, 205, 'UK014', 'BK'),
	(11789, 205, 'UK015', 'BK'),
	(11790, 205, 'UK016', 'BK'),
	(11791, 205, 'UK017', 'BK'),
	(11792, 205, 'UK018', 'BK'),
	(11793, 205, 'UK019', 'K'),
	(11794, 205, 'UK020', 'BK'),
	(11795, 205, 'UK021', 'K'),
	(11796, 205, 'UK022', 'BK'),
	(11797, 205, 'UK023', 'K'),
	(11798, 205, 'UK024', 'K'),
	(11799, 205, 'UK025', 'K'),
	(11800, 205, 'UK026', 'K'),
	(11801, 205, 'UK027', 'BK'),
	(11802, 205, 'UK028', 'K'),
	(11803, 205, 'UK029', 'K'),
	(11804, 205, 'UK030', 'K'),
	(11805, 205, 'UK031', 'K'),
	(11806, 205, 'UK032', 'BK'),
	(11807, 205, 'UK033', 'BK'),
	(11808, 205, 'UK034', 'BK'),
	(11809, 205, 'UK035', 'K'),
	(11810, 205, 'UK036', 'K'),
	(11811, 205, 'UK037', 'BK'),
	(11812, 205, 'UK038', 'BK'),
	(11813, 205, 'UK039', 'BK'),
	(11814, 205, 'UK040', 'BK'),
	(11815, 205, 'UK041', 'BK'),
	(11816, 205, 'UK042', 'K'),
	(11817, 205, 'UK043', 'BK'),
	(11818, 205, 'UK044', 'BK'),
	(11819, 205, 'UK045', 'BK'),
	(11820, 205, 'UK046', 'BK'),
	(11821, 205, 'UK047', 'K'),
	(11822, 205, 'UK048', 'BK'),
	(11823, 205, 'UK049', 'BK'),
	(11824, 205, 'UK050', 'BK'),
	(11825, 205, 'UK051', 'BK'),
	(11826, 205, 'UK052', 'BK'),
	(11827, 205, 'UK053', 'K'),
	(11828, 205, 'UK054', 'K'),
	(11829, 205, 'UK055', 'K'),
	(11830, 205, 'UK056', 'K'),
	(11831, 205, 'UK057', 'BK'),
	(11832, 205, 'UK058', 'BK'),
	(11833, 206, 'UK001', 'BK'),
	(11834, 206, 'UK002', 'BK'),
	(11835, 206, 'UK003', 'BK'),
	(11836, 206, 'UK004', 'BK'),
	(11837, 206, 'UK005', 'BK'),
	(11838, 206, 'UK006', 'BK'),
	(11839, 206, 'UK007', 'BK'),
	(11840, 206, 'UK008', 'K'),
	(11841, 206, 'UK009', 'BK'),
	(11842, 206, 'UK010', 'BK'),
	(11843, 206, 'UK011', 'BK'),
	(11844, 206, 'UK012', 'K'),
	(11845, 206, 'UK013', 'BK'),
	(11846, 206, 'UK014', 'BK'),
	(11847, 206, 'UK015', 'K'),
	(11848, 206, 'UK016', 'BK'),
	(11849, 206, 'UK017', 'K'),
	(11850, 206, 'UK018', 'BK'),
	(11851, 206, 'UK019', 'K'),
	(11852, 206, 'UK020', 'BK'),
	(11853, 206, 'UK021', 'K'),
	(11854, 206, 'UK022', 'BK'),
	(11855, 206, 'UK023', 'BK'),
	(11856, 206, 'UK024', 'K'),
	(11857, 206, 'UK025', 'K'),
	(11858, 206, 'UK026', 'BK'),
	(11859, 206, 'UK027', 'BK'),
	(11860, 206, 'UK028', 'BK'),
	(11861, 206, 'UK029', 'K'),
	(11862, 206, 'UK030', 'BK'),
	(11863, 206, 'UK031', 'BK'),
	(11864, 206, 'UK032', 'BK'),
	(11865, 206, 'UK033', 'BK'),
	(11866, 206, 'UK034', 'K'),
	(11867, 206, 'UK035', 'BK'),
	(11868, 206, 'UK036', 'K'),
	(11869, 206, 'UK037', 'K'),
	(11870, 206, 'UK038', 'K'),
	(11871, 206, 'UK039', 'BK'),
	(11872, 206, 'UK040', 'K'),
	(11873, 206, 'UK041', 'BK'),
	(11874, 206, 'UK042', 'K'),
	(11875, 206, 'UK043', 'BK'),
	(11876, 206, 'UK044', 'BK'),
	(11877, 206, 'UK045', 'BK'),
	(11878, 206, 'UK046', 'BK'),
	(11879, 206, 'UK047', 'BK'),
	(11880, 206, 'UK048', 'BK'),
	(11881, 206, 'UK049', 'BK'),
	(11882, 206, 'UK050', 'BK'),
	(11883, 206, 'UK051', 'BK'),
	(11884, 206, 'UK052', 'BK'),
	(11885, 206, 'UK053', 'BK'),
	(11886, 206, 'UK054', 'BK'),
	(11887, 206, 'UK055', 'BK'),
	(11888, 206, 'UK056', 'BK'),
	(11889, 206, 'UK057', 'BK'),
	(11890, 206, 'UK058', 'K'),
	(11891, 207, 'UK001', 'BK'),
	(11892, 207, 'UK002', 'BK'),
	(11893, 207, 'UK003', 'BK'),
	(11894, 207, 'UK004', 'K'),
	(11895, 207, 'UK005', 'K'),
	(11896, 207, 'UK006', 'BK'),
	(11897, 207, 'UK007', 'K'),
	(11898, 207, 'UK008', 'K'),
	(11899, 207, 'UK009', 'BK'),
	(11900, 207, 'UK010', 'K'),
	(11901, 207, 'UK011', 'BK'),
	(11902, 207, 'UK012', 'BK'),
	(11903, 207, 'UK013', 'BK'),
	(11904, 207, 'UK014', 'BK'),
	(11905, 207, 'UK015', 'BK'),
	(11906, 207, 'UK016', 'BK'),
	(11907, 207, 'UK017', 'BK'),
	(11908, 207, 'UK018', 'BK'),
	(11909, 207, 'UK019', 'K'),
	(11910, 207, 'UK020', 'BK'),
	(11911, 207, 'UK021', 'K'),
	(11912, 207, 'UK022', 'BK'),
	(11913, 207, 'UK023', 'BK'),
	(11914, 207, 'UK024', 'BK'),
	(11915, 207, 'UK025', 'K'),
	(11916, 207, 'UK026', 'BK'),
	(11917, 207, 'UK027', 'BK'),
	(11918, 207, 'UK028', 'BK'),
	(11919, 207, 'UK029', 'BK'),
	(11920, 207, 'UK030', 'BK'),
	(11921, 207, 'UK031', 'BK'),
	(11922, 207, 'UK032', 'BK'),
	(11923, 207, 'UK033', 'K'),
	(11924, 207, 'UK034', 'K'),
	(11925, 207, 'UK035', 'K'),
	(11926, 207, 'UK036', 'K'),
	(11927, 207, 'UK037', 'K'),
	(11928, 207, 'UK038', 'BK'),
	(11929, 207, 'UK039', 'BK'),
	(11930, 207, 'UK040', 'BK'),
	(11931, 207, 'UK041', 'BK'),
	(11932, 207, 'UK042', 'BK'),
	(11933, 207, 'UK043', 'BK'),
	(11934, 207, 'UK044', 'BK'),
	(11935, 207, 'UK045', 'K'),
	(11936, 207, 'UK046', 'BK'),
	(11937, 207, 'UK047', 'BK'),
	(11938, 207, 'UK048', 'BK'),
	(11939, 207, 'UK049', 'BK'),
	(11940, 207, 'UK050', 'K'),
	(11941, 207, 'UK051', 'BK'),
	(11942, 207, 'UK052', 'K'),
	(11943, 207, 'UK053', 'BK'),
	(11944, 207, 'UK054', 'BK'),
	(11945, 207, 'UK055', 'K'),
	(11946, 207, 'UK056', 'BK'),
	(11947, 207, 'UK057', 'BK'),
	(11948, 207, 'UK058', 'BK'),
	(11949, 208, 'UK001', 'BK'),
	(11950, 208, 'UK002', 'BK'),
	(11951, 208, 'UK003', 'BK'),
	(11952, 208, 'UK004', 'BK'),
	(11953, 208, 'UK005', 'BK'),
	(11954, 208, 'UK006', 'BK'),
	(11955, 208, 'UK007', 'BK'),
	(11956, 208, 'UK008', 'BK'),
	(11957, 208, 'UK009', 'BK'),
	(11958, 208, 'UK010', 'BK'),
	(11959, 208, 'UK011', 'BK'),
	(11960, 208, 'UK012', 'BK'),
	(11961, 208, 'UK013', 'BK'),
	(11962, 208, 'UK014', 'BK'),
	(11963, 208, 'UK015', 'BK'),
	(11964, 208, 'UK016', 'K'),
	(11965, 208, 'UK017', 'BK'),
	(11966, 208, 'UK018', 'BK'),
	(11967, 208, 'UK019', 'BK'),
	(11968, 208, 'UK020', 'BK'),
	(11969, 208, 'UK021', 'BK'),
	(11970, 208, 'UK022', 'BK'),
	(11971, 208, 'UK023', 'BK'),
	(11972, 208, 'UK024', 'BK'),
	(11973, 208, 'UK025', 'K'),
	(11974, 208, 'UK026', 'BK'),
	(11975, 208, 'UK027', 'K'),
	(11976, 208, 'UK028', 'BK'),
	(11977, 208, 'UK029', 'BK'),
	(11978, 208, 'UK030', 'BK'),
	(11979, 208, 'UK031', 'BK'),
	(11980, 208, 'UK032', 'BK'),
	(11981, 208, 'UK033', 'K'),
	(11982, 208, 'UK034', 'K'),
	(11983, 208, 'UK035', 'BK'),
	(11984, 208, 'UK036', 'BK'),
	(11985, 208, 'UK037', 'BK'),
	(11986, 208, 'UK038', 'BK'),
	(11987, 208, 'UK039', 'BK'),
	(11988, 208, 'UK040', 'K'),
	(11989, 208, 'UK041', 'BK'),
	(11990, 208, 'UK042', 'K'),
	(11991, 208, 'UK043', 'BK'),
	(11992, 208, 'UK044', 'BK'),
	(11993, 208, 'UK045', 'BK'),
	(11994, 208, 'UK046', 'K'),
	(11995, 208, 'UK047', 'K'),
	(11996, 208, 'UK048', 'BK'),
	(11997, 208, 'UK049', 'BK'),
	(11998, 208, 'UK050', 'BK'),
	(11999, 208, 'UK051', 'BK'),
	(12000, 208, 'UK052', 'BK'),
	(12001, 208, 'UK053', 'BK'),
	(12002, 208, 'UK054', 'BK'),
	(12003, 208, 'UK055', 'BK'),
	(12004, 208, 'UK056', 'K'),
	(12005, 208, 'UK057', 'K'),
	(12006, 208, 'UK058', 'K'),
	(12007, 209, 'UK001', 'BK'),
	(12008, 209, 'UK002', 'BK'),
	(12009, 209, 'UK003', 'K'),
	(12010, 209, 'UK004', 'BK'),
	(12011, 209, 'UK005', 'K'),
	(12012, 209, 'UK006', 'BK'),
	(12013, 209, 'UK007', 'BK'),
	(12014, 209, 'UK008', 'BK'),
	(12015, 209, 'UK009', 'BK'),
	(12016, 209, 'UK010', 'BK'),
	(12017, 209, 'UK011', 'BK'),
	(12018, 209, 'UK012', 'BK'),
	(12019, 209, 'UK013', 'BK'),
	(12020, 209, 'UK014', 'K'),
	(12021, 209, 'UK015', 'BK'),
	(12022, 209, 'UK016', 'BK'),
	(12023, 209, 'UK017', 'BK'),
	(12024, 209, 'UK018', 'BK'),
	(12025, 209, 'UK019', 'BK'),
	(12026, 209, 'UK020', 'K'),
	(12027, 209, 'UK021', 'BK'),
	(12028, 209, 'UK022', 'K'),
	(12029, 209, 'UK023', 'BK'),
	(12030, 209, 'UK024', 'BK'),
	(12031, 209, 'UK025', 'K'),
	(12032, 209, 'UK026', 'BK'),
	(12033, 209, 'UK027', 'K'),
	(12034, 209, 'UK028', 'BK'),
	(12035, 209, 'UK029', 'K'),
	(12036, 209, 'UK030', 'BK'),
	(12037, 209, 'UK031', 'BK'),
	(12038, 209, 'UK032', 'BK'),
	(12039, 209, 'UK033', 'K'),
	(12040, 209, 'UK034', 'BK'),
	(12041, 209, 'UK035', 'K'),
	(12042, 209, 'UK036', 'BK'),
	(12043, 209, 'UK037', 'BK'),
	(12044, 209, 'UK038', 'K'),
	(12045, 209, 'UK039', 'BK'),
	(12046, 209, 'UK040', 'K'),
	(12047, 209, 'UK041', 'BK'),
	(12048, 209, 'UK042', 'K'),
	(12049, 209, 'UK043', 'K'),
	(12050, 209, 'UK044', 'BK'),
	(12051, 209, 'UK045', 'K'),
	(12052, 209, 'UK046', 'K'),
	(12053, 209, 'UK047', 'K'),
	(12054, 209, 'UK048', 'BK'),
	(12055, 209, 'UK049', 'BK'),
	(12056, 209, 'UK050', 'BK'),
	(12057, 209, 'UK051', 'BK'),
	(12058, 209, 'UK052', 'BK'),
	(12059, 209, 'UK053', 'BK'),
	(12060, 209, 'UK054', 'BK'),
	(12061, 209, 'UK055', 'BK'),
	(12062, 209, 'UK056', 'BK'),
	(12063, 209, 'UK057', 'BK'),
	(12064, 209, 'UK058', 'BK'),
	(12065, 210, 'UK001', 'BK'),
	(12066, 210, 'UK002', 'K'),
	(12067, 210, 'UK003', 'K'),
	(12068, 210, 'UK004', 'BK'),
	(12069, 210, 'UK005', 'K'),
	(12070, 210, 'UK006', 'K'),
	(12071, 210, 'UK007', 'K'),
	(12072, 210, 'UK008', 'K'),
	(12073, 210, 'UK009', 'BK'),
	(12074, 210, 'UK010', 'BK'),
	(12075, 210, 'UK011', 'BK'),
	(12076, 210, 'UK012', 'BK'),
	(12077, 210, 'UK013', 'BK'),
	(12078, 210, 'UK014', 'BK'),
	(12079, 210, 'UK015', 'K'),
	(12080, 210, 'UK016', 'BK'),
	(12081, 210, 'UK017', 'BK'),
	(12082, 210, 'UK018', 'BK'),
	(12083, 210, 'UK019', 'K'),
	(12084, 210, 'UK020', 'BK'),
	(12085, 210, 'UK021', 'K'),
	(12086, 210, 'UK022', 'BK'),
	(12087, 210, 'UK023', 'K'),
	(12088, 210, 'UK024', 'K'),
	(12089, 210, 'UK025', 'BK'),
	(12090, 210, 'UK026', 'BK'),
	(12091, 210, 'UK027', 'K'),
	(12092, 210, 'UK028', 'K'),
	(12093, 210, 'UK029', 'BK'),
	(12094, 210, 'UK030', 'K'),
	(12095, 210, 'UK031', 'K'),
	(12096, 210, 'UK032', 'K'),
	(12097, 210, 'UK033', 'BK'),
	(12098, 210, 'UK034', 'BK'),
	(12099, 210, 'UK035', 'BK'),
	(12100, 210, 'UK036', 'BK'),
	(12101, 210, 'UK037', 'BK'),
	(12102, 210, 'UK038', 'K'),
	(12103, 210, 'UK039', 'BK'),
	(12104, 210, 'UK040', 'BK'),
	(12105, 210, 'UK041', 'BK'),
	(12106, 210, 'UK042', 'BK'),
	(12107, 210, 'UK043', 'BK'),
	(12108, 210, 'UK044', 'K'),
	(12109, 210, 'UK045', 'BK'),
	(12110, 210, 'UK046', 'BK'),
	(12111, 210, 'UK047', 'BK'),
	(12112, 210, 'UK048', 'BK'),
	(12113, 210, 'UK049', 'K'),
	(12114, 210, 'UK050', 'K'),
	(12115, 210, 'UK051', 'BK'),
	(12116, 210, 'UK052', 'K'),
	(12117, 210, 'UK053', 'BK'),
	(12118, 210, 'UK054', 'BK'),
	(12119, 210, 'UK055', 'BK'),
	(12120, 210, 'UK056', 'BK'),
	(12121, 210, 'UK057', 'BK'),
	(12122, 210, 'UK058', 'BK'),
	(12123, 211, 'UK001', 'K'),
	(12124, 211, 'UK002', 'BK'),
	(12125, 211, 'UK003', 'BK'),
	(12126, 211, 'UK004', 'K'),
	(12127, 211, 'UK005', 'BK'),
	(12128, 211, 'UK006', 'K'),
	(12129, 211, 'UK007', 'BK'),
	(12130, 211, 'UK008', 'K'),
	(12131, 211, 'UK009', 'BK'),
	(12132, 211, 'UK010', 'BK'),
	(12133, 211, 'UK011', 'BK'),
	(12134, 211, 'UK012', 'BK'),
	(12135, 211, 'UK013', 'BK'),
	(12136, 211, 'UK014', 'BK'),
	(12137, 211, 'UK015', 'BK'),
	(12138, 211, 'UK016', 'BK'),
	(12139, 211, 'UK017', 'BK'),
	(12140, 211, 'UK018', 'BK'),
	(12141, 211, 'UK019', 'BK'),
	(12142, 211, 'UK020', 'K'),
	(12143, 211, 'UK021', 'K'),
	(12144, 211, 'UK022', 'BK'),
	(12145, 211, 'UK023', 'BK'),
	(12146, 211, 'UK024', 'K'),
	(12147, 211, 'UK025', 'K'),
	(12148, 211, 'UK026', 'K'),
	(12149, 211, 'UK027', 'BK'),
	(12150, 211, 'UK028', 'BK'),
	(12151, 211, 'UK029', 'K'),
	(12152, 211, 'UK030', 'K'),
	(12153, 211, 'UK031', 'K'),
	(12154, 211, 'UK032', 'K'),
	(12155, 211, 'UK033', 'K'),
	(12156, 211, 'UK034', 'K'),
	(12157, 211, 'UK035', 'K'),
	(12158, 211, 'UK036', 'BK'),
	(12159, 211, 'UK037', 'BK'),
	(12160, 211, 'UK038', 'BK'),
	(12161, 211, 'UK039', 'BK'),
	(12162, 211, 'UK040', 'BK'),
	(12163, 211, 'UK041', 'K'),
	(12164, 211, 'UK042', 'BK'),
	(12165, 211, 'UK043', 'BK'),
	(12166, 211, 'UK044', 'BK'),
	(12167, 211, 'UK045', 'BK'),
	(12168, 211, 'UK046', 'BK'),
	(12169, 211, 'UK047', 'K'),
	(12170, 211, 'UK048', 'BK'),
	(12171, 211, 'UK049', 'BK'),
	(12172, 211, 'UK050', 'BK'),
	(12173, 211, 'UK051', 'BK'),
	(12174, 211, 'UK052', 'K'),
	(12175, 211, 'UK053', 'K'),
	(12176, 211, 'UK054', 'K'),
	(12177, 211, 'UK055', 'K'),
	(12178, 211, 'UK056', 'K'),
	(12179, 211, 'UK057', 'K'),
	(12180, 211, 'UK058', 'BK'),
	(12181, 212, 'UK001', 'BK'),
	(12182, 212, 'UK002', 'BK'),
	(12183, 212, 'UK003', 'K'),
	(12184, 212, 'UK004', 'BK'),
	(12185, 212, 'UK005', 'BK'),
	(12186, 212, 'UK006', 'BK'),
	(12187, 212, 'UK007', 'BK'),
	(12188, 212, 'UK008', 'K'),
	(12189, 212, 'UK009', 'BK'),
	(12190, 212, 'UK010', 'BK'),
	(12191, 212, 'UK011', 'BK'),
	(12192, 212, 'UK012', 'BK'),
	(12193, 212, 'UK013', 'BK'),
	(12194, 212, 'UK014', 'BK'),
	(12195, 212, 'UK015', 'BK'),
	(12196, 212, 'UK016', 'BK'),
	(12197, 212, 'UK017', 'K'),
	(12198, 212, 'UK018', 'BK'),
	(12199, 212, 'UK019', 'K'),
	(12200, 212, 'UK020', 'BK'),
	(12201, 212, 'UK021', 'K'),
	(12202, 212, 'UK022', 'BK'),
	(12203, 212, 'UK023', 'BK'),
	(12204, 212, 'UK024', 'BK'),
	(12205, 212, 'UK025', 'K'),
	(12206, 212, 'UK026', 'BK'),
	(12207, 212, 'UK027', 'K'),
	(12208, 212, 'UK028', 'K'),
	(12209, 212, 'UK029', 'K'),
	(12210, 212, 'UK030', 'BK'),
	(12211, 212, 'UK031', 'BK'),
	(12212, 212, 'UK032', 'BK'),
	(12213, 212, 'UK033', 'BK'),
	(12214, 212, 'UK034', 'BK'),
	(12215, 212, 'UK035', 'K'),
	(12216, 212, 'UK036', 'K'),
	(12217, 212, 'UK037', 'K'),
	(12218, 212, 'UK038', 'BK'),
	(12219, 212, 'UK039', 'BK'),
	(12220, 212, 'UK040', 'BK'),
	(12221, 212, 'UK041', 'BK'),
	(12222, 212, 'UK042', 'BK'),
	(12223, 212, 'UK043', 'BK'),
	(12224, 212, 'UK044', 'K'),
	(12225, 212, 'UK045', 'BK'),
	(12226, 212, 'UK046', 'BK'),
	(12227, 212, 'UK047', 'BK'),
	(12228, 212, 'UK048', 'BK'),
	(12229, 212, 'UK049', 'BK'),
	(12230, 212, 'UK050', 'BK'),
	(12231, 212, 'UK051', 'BK'),
	(12232, 212, 'UK052', 'BK'),
	(12233, 212, 'UK053', 'BK'),
	(12234, 212, 'UK054', 'BK'),
	(12235, 212, 'UK055', 'BK'),
	(12236, 212, 'UK056', 'K'),
	(12237, 212, 'UK057', 'BK'),
	(12238, 212, 'UK058', 'BK'),
	(12239, 213, 'UK001', 'K'),
	(12240, 213, 'UK002', 'BK'),
	(12241, 213, 'UK003', 'BK'),
	(12242, 213, 'UK004', 'K'),
	(12243, 213, 'UK005', 'BK'),
	(12244, 213, 'UK006', 'BK'),
	(12245, 213, 'UK007', 'BK'),
	(12246, 213, 'UK008', 'K'),
	(12247, 213, 'UK009', 'BK'),
	(12248, 213, 'UK010', 'BK'),
	(12249, 213, 'UK011', 'K'),
	(12250, 213, 'UK012', 'BK'),
	(12251, 213, 'UK013', 'BK'),
	(12252, 213, 'UK014', 'BK'),
	(12253, 213, 'UK015', 'BK'),
	(12254, 213, 'UK016', 'BK'),
	(12255, 213, 'UK017', 'BK'),
	(12256, 213, 'UK018', 'K'),
	(12257, 213, 'UK019', 'K'),
	(12258, 213, 'UK020', 'K'),
	(12259, 213, 'UK021', 'K'),
	(12260, 213, 'UK022', 'BK'),
	(12261, 213, 'UK023', 'BK'),
	(12262, 213, 'UK024', 'BK'),
	(12263, 213, 'UK025', 'K'),
	(12264, 213, 'UK026', 'K'),
	(12265, 213, 'UK027', 'K'),
	(12266, 213, 'UK028', 'BK'),
	(12267, 213, 'UK029', 'BK'),
	(12268, 213, 'UK030', 'BK'),
	(12269, 213, 'UK031', 'BK'),
	(12270, 213, 'UK032', 'K'),
	(12271, 213, 'UK033', 'K'),
	(12272, 213, 'UK034', 'K'),
	(12273, 213, 'UK035', 'K'),
	(12274, 213, 'UK036', 'BK'),
	(12275, 213, 'UK037', 'BK'),
	(12276, 213, 'UK038', 'BK'),
	(12277, 213, 'UK039', 'BK'),
	(12278, 213, 'UK040', 'BK'),
	(12279, 213, 'UK041', 'BK'),
	(12280, 213, 'UK042', 'BK'),
	(12281, 213, 'UK043', 'K'),
	(12282, 213, 'UK044', 'K'),
	(12283, 213, 'UK045', 'BK'),
	(12284, 213, 'UK046', 'K'),
	(12285, 213, 'UK047', 'BK'),
	(12286, 213, 'UK048', 'BK'),
	(12287, 213, 'UK049', 'K'),
	(12288, 213, 'UK050', 'BK'),
	(12289, 213, 'UK051', 'BK'),
	(12290, 213, 'UK052', 'BK'),
	(12291, 213, 'UK053', 'BK'),
	(12292, 213, 'UK054', 'BK'),
	(12293, 213, 'UK055', 'BK'),
	(12294, 213, 'UK056', 'BK'),
	(12295, 213, 'UK057', 'BK'),
	(12296, 213, 'UK058', 'BK'),
	(12297, 214, 'UK001', 'BK'),
	(12298, 214, 'UK002', 'BK'),
	(12299, 214, 'UK003', 'BK'),
	(12300, 214, 'UK004', 'BK'),
	(12301, 214, 'UK005', 'K'),
	(12302, 214, 'UK006', 'BK'),
	(12303, 214, 'UK007', 'BK'),
	(12304, 214, 'UK008', 'K'),
	(12305, 214, 'UK009', 'BK'),
	(12306, 214, 'UK010', 'BK'),
	(12307, 214, 'UK011', 'BK'),
	(12308, 214, 'UK012', 'K'),
	(12309, 214, 'UK013', 'BK'),
	(12310, 214, 'UK014', 'BK'),
	(12311, 214, 'UK015', 'BK'),
	(12312, 214, 'UK016', 'BK'),
	(12313, 214, 'UK017', 'BK'),
	(12314, 214, 'UK018', 'K'),
	(12315, 214, 'UK019', 'BK'),
	(12316, 214, 'UK020', 'K'),
	(12317, 214, 'UK021', 'BK'),
	(12318, 214, 'UK022', 'BK'),
	(12319, 214, 'UK023', 'BK'),
	(12320, 214, 'UK024', 'K'),
	(12321, 214, 'UK025', 'BK'),
	(12322, 214, 'UK026', 'BK'),
	(12323, 214, 'UK027', 'BK'),
	(12324, 214, 'UK028', 'BK'),
	(12325, 214, 'UK029', 'BK'),
	(12326, 214, 'UK030', 'BK'),
	(12327, 214, 'UK031', 'BK'),
	(12328, 214, 'UK032', 'BK'),
	(12329, 214, 'UK033', 'BK'),
	(12330, 214, 'UK034', 'BK'),
	(12331, 214, 'UK035', 'BK'),
	(12332, 214, 'UK036', 'BK'),
	(12333, 214, 'UK037', 'BK'),
	(12334, 214, 'UK038', 'BK'),
	(12335, 214, 'UK039', 'BK'),
	(12336, 214, 'UK040', 'K'),
	(12337, 214, 'UK041', 'BK'),
	(12338, 214, 'UK042', 'K'),
	(12339, 214, 'UK043', 'BK'),
	(12340, 214, 'UK044', 'BK'),
	(12341, 214, 'UK045', 'BK'),
	(12342, 214, 'UK046', 'BK'),
	(12343, 214, 'UK047', 'K'),
	(12344, 214, 'UK048', 'BK'),
	(12345, 214, 'UK049', 'K'),
	(12346, 214, 'UK050', 'BK'),
	(12347, 214, 'UK051', 'K'),
	(12348, 214, 'UK052', 'BK'),
	(12349, 214, 'UK053', 'BK'),
	(12350, 214, 'UK054', 'BK'),
	(12351, 214, 'UK055', 'BK'),
	(12352, 214, 'UK056', 'BK'),
	(12353, 214, 'UK057', 'BK'),
	(12354, 214, 'UK058', 'K'),
	(12355, 215, 'UK001', 'BK'),
	(12356, 215, 'UK002', 'BK'),
	(12357, 215, 'UK003', 'BK'),
	(12358, 215, 'UK004', 'BK'),
	(12359, 215, 'UK005', 'K'),
	(12360, 215, 'UK006', 'BK'),
	(12361, 215, 'UK007', 'BK'),
	(12362, 215, 'UK008', 'K'),
	(12363, 215, 'UK009', 'BK'),
	(12364, 215, 'UK010', 'BK'),
	(12365, 215, 'UK011', 'BK'),
	(12366, 215, 'UK012', 'K'),
	(12367, 215, 'UK013', 'BK'),
	(12368, 215, 'UK014', 'K'),
	(12369, 215, 'UK015', 'BK'),
	(12370, 215, 'UK016', 'BK'),
	(12371, 215, 'UK017', 'BK'),
	(12372, 215, 'UK018', 'K'),
	(12373, 215, 'UK019', 'BK'),
	(12374, 215, 'UK020', 'BK'),
	(12375, 215, 'UK021', 'K'),
	(12376, 215, 'UK022', 'BK'),
	(12377, 215, 'UK023', 'K'),
	(12378, 215, 'UK024', 'BK'),
	(12379, 215, 'UK025', 'BK'),
	(12380, 215, 'UK026', 'BK'),
	(12381, 215, 'UK027', 'BK'),
	(12382, 215, 'UK028', 'BK'),
	(12383, 215, 'UK029', 'BK'),
	(12384, 215, 'UK030', 'BK'),
	(12385, 215, 'UK031', 'BK'),
	(12386, 215, 'UK032', 'BK'),
	(12387, 215, 'UK033', 'K'),
	(12388, 215, 'UK034', 'K'),
	(12389, 215, 'UK035', 'BK'),
	(12390, 215, 'UK036', 'BK'),
	(12391, 215, 'UK037', 'BK'),
	(12392, 215, 'UK038', 'BK'),
	(12393, 215, 'UK039', 'BK'),
	(12394, 215, 'UK040', 'K'),
	(12395, 215, 'UK041', 'BK'),
	(12396, 215, 'UK042', 'K'),
	(12397, 215, 'UK043', 'BK'),
	(12398, 215, 'UK044', 'K'),
	(12399, 215, 'UK045', 'K'),
	(12400, 215, 'UK046', 'K'),
	(12401, 215, 'UK047', 'K'),
	(12402, 215, 'UK048', 'BK'),
	(12403, 215, 'UK049', 'BK'),
	(12404, 215, 'UK050', 'BK'),
	(12405, 215, 'UK051', 'BK'),
	(12406, 215, 'UK052', 'BK'),
	(12407, 215, 'UK053', 'BK'),
	(12408, 215, 'UK054', 'BK'),
	(12409, 215, 'UK055', 'BK'),
	(12410, 215, 'UK056', 'BK'),
	(12411, 215, 'UK057', 'BK'),
	(12412, 215, 'UK058', 'K'),
	(12413, 216, 'UK001', 'K'),
	(12414, 216, 'UK002', 'K'),
	(12415, 216, 'UK003', 'K'),
	(12416, 216, 'UK004', 'K'),
	(12417, 216, 'UK005', 'K'),
	(12418, 216, 'UK006', 'K'),
	(12419, 216, 'UK007', 'K'),
	(12420, 216, 'UK008', 'BK'),
	(12421, 216, 'UK009', 'BK'),
	(12422, 216, 'UK010', 'BK'),
	(12423, 216, 'UK011', 'BK'),
	(12424, 216, 'UK012', 'BK'),
	(12425, 216, 'UK013', 'BK'),
	(12426, 216, 'UK014', 'BK'),
	(12427, 216, 'UK015', 'BK'),
	(12428, 216, 'UK016', 'BK'),
	(12429, 216, 'UK017', 'BK'),
	(12430, 216, 'UK018', 'BK'),
	(12431, 216, 'UK019', 'BK'),
	(12432, 216, 'UK020', 'BK'),
	(12433, 216, 'UK021', 'K'),
	(12434, 216, 'UK022', 'K'),
	(12435, 216, 'UK023', 'K'),
	(12436, 216, 'UK024', 'BK'),
	(12437, 216, 'UK025', 'BK'),
	(12438, 216, 'UK026', 'BK'),
	(12439, 216, 'UK027', 'K'),
	(12440, 216, 'UK028', 'K'),
	(12441, 216, 'UK029', 'BK'),
	(12442, 216, 'UK030', 'K'),
	(12443, 216, 'UK031', 'K'),
	(12444, 216, 'UK032', 'K'),
	(12445, 216, 'UK033', 'K'),
	(12446, 216, 'UK034', 'BK'),
	(12447, 216, 'UK035', 'BK'),
	(12448, 216, 'UK036', 'BK'),
	(12449, 216, 'UK037', 'K'),
	(12450, 216, 'UK038', 'BK'),
	(12451, 216, 'UK039', 'BK'),
	(12452, 216, 'UK040', 'BK'),
	(12453, 216, 'UK041', 'BK'),
	(12454, 216, 'UK042', 'K'),
	(12455, 216, 'UK043', 'BK'),
	(12456, 216, 'UK044', 'K'),
	(12457, 216, 'UK045', 'K'),
	(12458, 216, 'UK046', 'K'),
	(12459, 216, 'UK047', 'BK'),
	(12460, 216, 'UK048', 'K'),
	(12461, 216, 'UK049', 'K'),
	(12462, 216, 'UK050', 'K'),
	(12463, 216, 'UK051', 'K'),
	(12464, 216, 'UK052', 'BK'),
	(12465, 216, 'UK053', 'BK'),
	(12466, 216, 'UK054', 'BK'),
	(12467, 216, 'UK055', 'BK'),
	(12468, 216, 'UK056', 'BK'),
	(12469, 216, 'UK057', 'BK'),
	(12470, 216, 'UK058', 'BK'),
	(12471, 217, 'UK001', 'BK'),
	(12472, 217, 'UK002', 'BK'),
	(12473, 217, 'UK003', 'K'),
	(12474, 217, 'UK004', 'BK'),
	(12475, 217, 'UK005', 'BK'),
	(12476, 217, 'UK006', 'BK'),
	(12477, 217, 'UK007', 'BK'),
	(12478, 217, 'UK008', 'K'),
	(12479, 217, 'UK009', 'BK'),
	(12480, 217, 'UK010', 'BK'),
	(12481, 217, 'UK011', 'BK'),
	(12482, 217, 'UK012', 'BK'),
	(12483, 217, 'UK013', 'K'),
	(12484, 217, 'UK014', 'BK'),
	(12485, 217, 'UK015', 'BK'),
	(12486, 217, 'UK016', 'BK'),
	(12487, 217, 'UK017', 'BK'),
	(12488, 217, 'UK018', 'K'),
	(12489, 217, 'UK019', 'BK'),
	(12490, 217, 'UK020', 'K'),
	(12491, 217, 'UK021', 'BK'),
	(12492, 217, 'UK022', 'BK'),
	(12493, 217, 'UK023', 'BK'),
	(12494, 217, 'UK024', 'K'),
	(12495, 217, 'UK025', 'K'),
	(12496, 217, 'UK026', 'BK'),
	(12497, 217, 'UK027', 'BK'),
	(12498, 217, 'UK028', 'K'),
	(12499, 217, 'UK029', 'K'),
	(12500, 217, 'UK030', 'K'),
	(12501, 217, 'UK031', 'K'),
	(12502, 217, 'UK032', 'BK'),
	(12503, 217, 'UK033', 'K'),
	(12504, 217, 'UK034', 'BK'),
	(12505, 217, 'UK035', 'K'),
	(12506, 217, 'UK036', 'BK'),
	(12507, 217, 'UK037', 'BK'),
	(12508, 217, 'UK038', 'BK'),
	(12509, 217, 'UK039', 'BK'),
	(12510, 217, 'UK040', 'K'),
	(12511, 217, 'UK041', 'BK'),
	(12512, 217, 'UK042', 'BK'),
	(12513, 217, 'UK043', 'BK'),
	(12514, 217, 'UK044', 'BK'),
	(12515, 217, 'UK045', 'BK'),
	(12516, 217, 'UK046', 'BK'),
	(12517, 217, 'UK047', 'BK'),
	(12518, 217, 'UK048', 'BK'),
	(12519, 217, 'UK049', 'BK'),
	(12520, 217, 'UK050', 'BK'),
	(12521, 217, 'UK051', 'BK'),
	(12522, 217, 'UK052', 'BK'),
	(12523, 217, 'UK053', 'K'),
	(12524, 217, 'UK054', 'K'),
	(12525, 217, 'UK055', 'K'),
	(12526, 217, 'UK056', 'K'),
	(12527, 217, 'UK057', 'BK'),
	(12528, 217, 'UK058', 'BK'),
	(12529, 218, 'UK001', 'K'),
	(12530, 218, 'UK002', 'BK'),
	(12531, 218, 'UK003', 'BK'),
	(12532, 218, 'UK004', 'BK'),
	(12533, 218, 'UK005', 'BK'),
	(12534, 218, 'UK006', 'K'),
	(12535, 218, 'UK007', 'BK'),
	(12536, 218, 'UK008', 'BK'),
	(12537, 218, 'UK009', 'BK'),
	(12538, 218, 'UK010', 'K'),
	(12539, 218, 'UK011', 'BK'),
	(12540, 218, 'UK012', 'K'),
	(12541, 218, 'UK013', 'BK'),
	(12542, 218, 'UK014', 'BK'),
	(12543, 218, 'UK015', 'K'),
	(12544, 218, 'UK016', 'BK'),
	(12545, 218, 'UK017', 'BK'),
	(12546, 218, 'UK018', 'BK'),
	(12547, 218, 'UK019', 'BK'),
	(12548, 218, 'UK020', 'BK'),
	(12549, 218, 'UK021', 'K'),
	(12550, 218, 'UK022', 'BK'),
	(12551, 218, 'UK023', 'BK'),
	(12552, 218, 'UK024', 'BK'),
	(12553, 218, 'UK025', 'K'),
	(12554, 218, 'UK026', 'BK'),
	(12555, 218, 'UK027', 'BK'),
	(12556, 218, 'UK028', 'K'),
	(12557, 218, 'UK029', 'BK'),
	(12558, 218, 'UK030', 'BK'),
	(12559, 218, 'UK031', 'K'),
	(12560, 218, 'UK032', 'BK'),
	(12561, 218, 'UK033', 'BK'),
	(12562, 218, 'UK034', 'K'),
	(12563, 218, 'UK035', 'K'),
	(12564, 218, 'UK036', 'BK'),
	(12565, 218, 'UK037', 'BK'),
	(12566, 218, 'UK038', 'BK'),
	(12567, 218, 'UK039', 'BK'),
	(12568, 218, 'UK040', 'BK'),
	(12569, 218, 'UK041', 'BK'),
	(12570, 218, 'UK042', 'BK'),
	(12571, 218, 'UK043', 'K'),
	(12572, 218, 'UK044', 'BK'),
	(12573, 218, 'UK045', 'BK'),
	(12574, 218, 'UK046', 'BK'),
	(12575, 218, 'UK047', 'BK'),
	(12576, 218, 'UK048', 'K'),
	(12577, 218, 'UK049', 'BK'),
	(12578, 218, 'UK050', 'BK'),
	(12579, 218, 'UK051', 'BK'),
	(12580, 218, 'UK052', 'K'),
	(12581, 218, 'UK053', 'BK'),
	(12582, 218, 'UK054', 'BK'),
	(12583, 218, 'UK055', 'BK'),
	(12584, 218, 'UK056', 'BK'),
	(12585, 218, 'UK057', 'BK'),
	(12586, 218, 'UK058', 'BK'),
	(12587, 219, 'UK001', 'BK'),
	(12588, 219, 'UK002', 'BK'),
	(12589, 219, 'UK003', 'BK'),
	(12590, 219, 'UK004', 'K'),
	(12591, 219, 'UK005', 'BK'),
	(12592, 219, 'UK006', 'K'),
	(12593, 219, 'UK007', 'BK'),
	(12594, 219, 'UK008', 'K'),
	(12595, 219, 'UK009', 'BK'),
	(12596, 219, 'UK010', 'BK'),
	(12597, 219, 'UK011', 'BK'),
	(12598, 219, 'UK012', 'BK'),
	(12599, 219, 'UK013', 'K'),
	(12600, 219, 'UK014', 'BK'),
	(12601, 219, 'UK015', 'BK'),
	(12602, 219, 'UK016', 'BK'),
	(12603, 219, 'UK017', 'BK'),
	(12604, 219, 'UK018', 'BK'),
	(12605, 219, 'UK019', 'K'),
	(12606, 219, 'UK020', 'BK'),
	(12607, 219, 'UK021', 'K'),
	(12608, 219, 'UK022', 'BK'),
	(12609, 219, 'UK023', 'BK'),
	(12610, 219, 'UK024', 'BK'),
	(12611, 219, 'UK025', 'BK'),
	(12612, 219, 'UK026', 'BK'),
	(12613, 219, 'UK027', 'BK'),
	(12614, 219, 'UK028', 'BK'),
	(12615, 219, 'UK029', 'BK'),
	(12616, 219, 'UK030', 'BK'),
	(12617, 219, 'UK031', 'BK'),
	(12618, 219, 'UK032', 'BK'),
	(12619, 219, 'UK033', 'BK'),
	(12620, 219, 'UK034', 'K'),
	(12621, 219, 'UK035', 'K'),
	(12622, 219, 'UK036', 'BK'),
	(12623, 219, 'UK037', 'K'),
	(12624, 219, 'UK038', 'BK'),
	(12625, 219, 'UK039', 'K'),
	(12626, 219, 'UK040', 'BK'),
	(12627, 219, 'UK041', 'BK'),
	(12628, 219, 'UK042', 'BK'),
	(12629, 219, 'UK043', 'BK'),
	(12630, 219, 'UK044', 'BK'),
	(12631, 219, 'UK045', 'BK'),
	(12632, 219, 'UK046', 'BK'),
	(12633, 219, 'UK047', 'BK'),
	(12634, 219, 'UK048', 'BK'),
	(12635, 219, 'UK049', 'K'),
	(12636, 219, 'UK050', 'BK'),
	(12637, 219, 'UK051', 'K'),
	(12638, 219, 'UK052', 'BK'),
	(12639, 219, 'UK053', 'BK'),
	(12640, 219, 'UK054', 'BK'),
	(12641, 219, 'UK055', 'BK'),
	(12642, 219, 'UK056', 'K'),
	(12643, 219, 'UK057', 'BK'),
	(12644, 219, 'UK058', 'BK'),
	(12645, 220, 'UK001', 'BK'),
	(12646, 220, 'UK002', 'BK'),
	(12647, 220, 'UK003', 'BK'),
	(12648, 220, 'UK004', 'BK'),
	(12649, 220, 'UK005', 'BK'),
	(12650, 220, 'UK006', 'BK'),
	(12651, 220, 'UK007', 'BK'),
	(12652, 220, 'UK008', 'K'),
	(12653, 220, 'UK009', 'BK'),
	(12654, 220, 'UK010', 'BK'),
	(12655, 220, 'UK011', 'BK'),
	(12656, 220, 'UK012', 'BK'),
	(12657, 220, 'UK013', 'BK'),
	(12658, 220, 'UK014', 'BK'),
	(12659, 220, 'UK015', 'BK'),
	(12660, 220, 'UK016', 'BK'),
	(12661, 220, 'UK017', 'BK'),
	(12662, 220, 'UK018', 'K'),
	(12663, 220, 'UK019', 'BK'),
	(12664, 220, 'UK020', 'BK'),
	(12665, 220, 'UK021', 'BK'),
	(12666, 220, 'UK022', 'BK'),
	(12667, 220, 'UK023', 'BK'),
	(12668, 220, 'UK024', 'K'),
	(12669, 220, 'UK025', 'BK'),
	(12670, 220, 'UK026', 'K'),
	(12671, 220, 'UK027', 'K'),
	(12672, 220, 'UK028', 'K'),
	(12673, 220, 'UK029', 'BK'),
	(12674, 220, 'UK030', 'BK'),
	(12675, 220, 'UK031', 'BK'),
	(12676, 220, 'UK032', 'BK'),
	(12677, 220, 'UK033', 'BK'),
	(12678, 220, 'UK034', 'BK'),
	(12679, 220, 'UK035', 'BK'),
	(12680, 220, 'UK036', 'BK'),
	(12681, 220, 'UK037', 'K'),
	(12682, 220, 'UK038', 'BK'),
	(12683, 220, 'UK039', 'BK'),
	(12684, 220, 'UK040', 'K'),
	(12685, 220, 'UK041', 'BK'),
	(12686, 220, 'UK042', 'K'),
	(12687, 220, 'UK043', 'BK'),
	(12688, 220, 'UK044', 'BK'),
	(12689, 220, 'UK045', 'K'),
	(12690, 220, 'UK046', 'K'),
	(12691, 220, 'UK047', 'K'),
	(12692, 220, 'UK048', 'BK'),
	(12693, 220, 'UK049', 'BK'),
	(12694, 220, 'UK050', 'BK'),
	(12695, 220, 'UK051', 'BK'),
	(12696, 220, 'UK052', 'BK'),
	(12697, 220, 'UK053', 'BK'),
	(12698, 220, 'UK054', 'BK'),
	(12699, 220, 'UK055', 'BK'),
	(12700, 220, 'UK056', 'BK'),
	(12701, 220, 'UK057', 'K'),
	(12702, 220, 'UK058', 'K'),
	(12703, 221, 'UK001', 'BK'),
	(12704, 221, 'UK002', 'BK'),
	(12705, 221, 'UK003', 'BK'),
	(12706, 221, 'UK004', 'BK'),
	(12707, 221, 'UK005', 'BK'),
	(12708, 221, 'UK006', 'BK'),
	(12709, 221, 'UK007', 'BK'),
	(12710, 221, 'UK008', 'BK'),
	(12711, 221, 'UK009', 'BK'),
	(12712, 221, 'UK010', 'BK'),
	(12713, 221, 'UK011', 'BK'),
	(12714, 221, 'UK012', 'BK'),
	(12715, 221, 'UK013', 'BK'),
	(12716, 221, 'UK014', 'BK'),
	(12717, 221, 'UK015', 'BK'),
	(12718, 221, 'UK016', 'BK'),
	(12719, 221, 'UK017', 'BK'),
	(12720, 221, 'UK018', 'BK'),
	(12721, 221, 'UK019', 'BK'),
	(12722, 221, 'UK020', 'BK'),
	(12723, 221, 'UK021', 'K'),
	(12724, 221, 'UK022', 'BK'),
	(12725, 221, 'UK023', 'K'),
	(12726, 221, 'UK024', 'BK'),
	(12727, 221, 'UK025', 'BK'),
	(12728, 221, 'UK026', 'K'),
	(12729, 221, 'UK027', 'BK'),
	(12730, 221, 'UK028', 'BK'),
	(12731, 221, 'UK029', 'K'),
	(12732, 221, 'UK030', 'BK'),
	(12733, 221, 'UK031', 'BK'),
	(12734, 221, 'UK032', 'BK'),
	(12735, 221, 'UK033', 'BK'),
	(12736, 221, 'UK034', 'K'),
	(12737, 221, 'UK035', 'BK'),
	(12738, 221, 'UK036', 'BK'),
	(12739, 221, 'UK037', 'BK'),
	(12740, 221, 'UK038', 'BK'),
	(12741, 221, 'UK039', 'K'),
	(12742, 221, 'UK040', 'K'),
	(12743, 221, 'UK041', 'BK'),
	(12744, 221, 'UK042', 'K'),
	(12745, 221, 'UK043', 'BK'),
	(12746, 221, 'UK044', 'K'),
	(12747, 221, 'UK045', 'K'),
	(12748, 221, 'UK046', 'K'),
	(12749, 221, 'UK047', 'BK'),
	(12750, 221, 'UK048', 'BK'),
	(12751, 221, 'UK049', 'BK'),
	(12752, 221, 'UK050', 'BK'),
	(12753, 221, 'UK051', 'BK'),
	(12754, 221, 'UK052', 'BK'),
	(12755, 221, 'UK053', 'BK'),
	(12756, 221, 'UK054', 'K'),
	(12757, 221, 'UK055', 'K'),
	(12758, 221, 'UK056', 'BK'),
	(12759, 221, 'UK057', 'K'),
	(12760, 221, 'UK058', 'K'),
	(12761, 222, 'UK001', 'BK'),
	(12762, 222, 'UK002', 'K'),
	(12763, 222, 'UK003', 'K'),
	(12764, 222, 'UK004', 'BK'),
	(12765, 222, 'UK005', 'K'),
	(12766, 222, 'UK006', 'K'),
	(12767, 222, 'UK007', 'K'),
	(12768, 222, 'UK008', 'K'),
	(12769, 222, 'UK009', 'BK'),
	(12770, 222, 'UK010', 'BK'),
	(12771, 222, 'UK011', 'BK'),
	(12772, 222, 'UK012', 'BK'),
	(12773, 222, 'UK013', 'BK'),
	(12774, 222, 'UK014', 'BK'),
	(12775, 222, 'UK015', 'BK'),
	(12776, 222, 'UK016', 'BK'),
	(12777, 222, 'UK017', 'K'),
	(12778, 222, 'UK018', 'BK'),
	(12779, 222, 'UK019', 'BK'),
	(12780, 222, 'UK020', 'BK'),
	(12781, 222, 'UK021', 'BK'),
	(12782, 222, 'UK022', 'K'),
	(12783, 222, 'UK023', 'K'),
	(12784, 222, 'UK024', 'BK'),
	(12785, 222, 'UK025', 'BK'),
	(12786, 222, 'UK026', 'BK'),
	(12787, 222, 'UK027', 'K'),
	(12788, 222, 'UK028', 'K'),
	(12789, 222, 'UK029', 'BK'),
	(12790, 222, 'UK030', 'K'),
	(12791, 222, 'UK031', 'BK'),
	(12792, 222, 'UK032', 'K'),
	(12793, 222, 'UK033', 'K'),
	(12794, 222, 'UK034', 'BK'),
	(12795, 222, 'UK035', 'BK'),
	(12796, 222, 'UK036', 'BK'),
	(12797, 222, 'UK037', 'K'),
	(12798, 222, 'UK038', 'BK'),
	(12799, 222, 'UK039', 'K'),
	(12800, 222, 'UK040', 'BK'),
	(12801, 222, 'UK041', 'K'),
	(12802, 222, 'UK042', 'BK'),
	(12803, 222, 'UK043', 'BK'),
	(12804, 222, 'UK044', 'BK'),
	(12805, 222, 'UK045', 'BK'),
	(12806, 222, 'UK046', 'BK'),
	(12807, 222, 'UK047', 'BK'),
	(12808, 222, 'UK048', 'BK'),
	(12809, 222, 'UK049', 'K'),
	(12810, 222, 'UK050', 'K'),
	(12811, 222, 'UK051', 'BK'),
	(12812, 222, 'UK052', 'K'),
	(12813, 222, 'UK053', 'K'),
	(12814, 222, 'UK054', 'K'),
	(12815, 222, 'UK055', 'BK'),
	(12816, 222, 'UK056', 'K'),
	(12817, 222, 'UK057', 'BK'),
	(12818, 222, 'UK058', 'BK'),
	(12819, 223, 'UK001', 'K'),
	(12820, 223, 'UK002', 'BK'),
	(12821, 223, 'UK003', 'K'),
	(12822, 223, 'UK004', 'BK'),
	(12823, 223, 'UK005', 'BK'),
	(12824, 223, 'UK006', 'BK'),
	(12825, 223, 'UK007', 'BK'),
	(12826, 223, 'UK008', 'K'),
	(12827, 223, 'UK009', 'BK'),
	(12828, 223, 'UK010', 'BK'),
	(12829, 223, 'UK011', 'BK'),
	(12830, 223, 'UK012', 'BK'),
	(12831, 223, 'UK013', 'K'),
	(12832, 223, 'UK014', 'K'),
	(12833, 223, 'UK015', 'BK'),
	(12834, 223, 'UK016', 'BK'),
	(12835, 223, 'UK017', 'K'),
	(12836, 223, 'UK018', 'BK'),
	(12837, 223, 'UK019', 'BK'),
	(12838, 223, 'UK020', 'K'),
	(12839, 223, 'UK021', 'K'),
	(12840, 223, 'UK022', 'BK'),
	(12841, 223, 'UK023', 'BK'),
	(12842, 223, 'UK024', 'BK'),
	(12843, 223, 'UK025', 'K'),
	(12844, 223, 'UK026', 'K'),
	(12845, 223, 'UK027', 'BK'),
	(12846, 223, 'UK028', 'BK'),
	(12847, 223, 'UK029', 'K'),
	(12848, 223, 'UK030', 'K'),
	(12849, 223, 'UK031', 'BK'),
	(12850, 223, 'UK032', 'BK'),
	(12851, 223, 'UK033', 'BK'),
	(12852, 223, 'UK034', 'BK'),
	(12853, 223, 'UK035', 'K'),
	(12854, 223, 'UK036', 'BK'),
	(12855, 223, 'UK037', 'K'),
	(12856, 223, 'UK038', 'BK'),
	(12857, 223, 'UK039', 'K'),
	(12858, 223, 'UK040', 'BK'),
	(12859, 223, 'UK041', 'K'),
	(12860, 223, 'UK042', 'BK'),
	(12861, 223, 'UK043', 'BK'),
	(12862, 223, 'UK044', 'BK'),
	(12863, 223, 'UK045', 'BK'),
	(12864, 223, 'UK046', 'BK'),
	(12865, 223, 'UK047', 'BK'),
	(12866, 223, 'UK048', 'BK'),
	(12867, 223, 'UK049', 'BK'),
	(12868, 223, 'UK050', 'BK'),
	(12869, 223, 'UK051', 'BK'),
	(12870, 223, 'UK052', 'K'),
	(12871, 223, 'UK053', 'BK'),
	(12872, 223, 'UK054', 'K'),
	(12873, 223, 'UK055', 'K'),
	(12874, 223, 'UK056', 'K'),
	(12875, 223, 'UK057', 'BK'),
	(12876, 223, 'UK058', 'BK'),
	(12877, 224, 'UK001', 'K'),
	(12878, 224, 'UK002', 'BK'),
	(12879, 224, 'UK003', 'BK'),
	(12880, 224, 'UK004', 'BK'),
	(12881, 224, 'UK005', 'K'),
	(12882, 224, 'UK006', 'BK'),
	(12883, 224, 'UK007', 'BK'),
	(12884, 224, 'UK008', 'K'),
	(12885, 224, 'UK009', 'BK'),
	(12886, 224, 'UK010', 'BK'),
	(12887, 224, 'UK011', 'BK'),
	(12888, 224, 'UK012', 'BK'),
	(12889, 224, 'UK013', 'BK'),
	(12890, 224, 'UK014', 'BK'),
	(12891, 224, 'UK015', 'BK'),
	(12892, 224, 'UK016', 'BK'),
	(12893, 224, 'UK017', 'BK'),
	(12894, 224, 'UK018', 'BK'),
	(12895, 224, 'UK019', 'K'),
	(12896, 224, 'UK020', 'BK'),
	(12897, 224, 'UK021', 'K'),
	(12898, 224, 'UK022', 'BK'),
	(12899, 224, 'UK023', 'BK'),
	(12900, 224, 'UK024', 'BK'),
	(12901, 224, 'UK025', 'K'),
	(12902, 224, 'UK026', 'BK'),
	(12903, 224, 'UK027', 'BK'),
	(12904, 224, 'UK028', 'BK'),
	(12905, 224, 'UK029', 'BK'),
	(12906, 224, 'UK030', 'BK'),
	(12907, 224, 'UK031', 'BK'),
	(12908, 224, 'UK032', 'BK'),
	(12909, 224, 'UK033', 'BK'),
	(12910, 224, 'UK034', 'K'),
	(12911, 224, 'UK035', 'K'),
	(12912, 224, 'UK036', 'K'),
	(12913, 224, 'UK037', 'K'),
	(12914, 224, 'UK038', 'BK'),
	(12915, 224, 'UK039', 'BK'),
	(12916, 224, 'UK040', 'BK'),
	(12917, 224, 'UK041', 'BK'),
	(12918, 224, 'UK042', 'K'),
	(12919, 224, 'UK043', 'BK'),
	(12920, 224, 'UK044', 'K'),
	(12921, 224, 'UK045', 'BK'),
	(12922, 224, 'UK046', 'BK'),
	(12923, 224, 'UK047', 'BK'),
	(12924, 224, 'UK048', 'BK'),
	(12925, 224, 'UK049', 'K'),
	(12926, 224, 'UK050', 'BK'),
	(12927, 224, 'UK051', 'BK'),
	(12928, 224, 'UK052', 'BK'),
	(12929, 224, 'UK053', 'BK'),
	(12930, 224, 'UK054', 'BK'),
	(12931, 224, 'UK055', 'BK'),
	(12932, 224, 'UK056', 'BK'),
	(12933, 224, 'UK057', 'BK'),
	(12934, 224, 'UK058', 'BK'),
	(12935, 225, 'UK001', 'BK'),
	(12936, 225, 'UK002', 'BK'),
	(12937, 225, 'UK003', 'BK'),
	(12938, 225, 'UK004', 'BK'),
	(12939, 225, 'UK005', 'BK'),
	(12940, 225, 'UK006', 'BK'),
	(12941, 225, 'UK007', 'BK'),
	(12942, 225, 'UK008', 'K'),
	(12943, 225, 'UK009', 'K'),
	(12944, 225, 'UK010', 'BK'),
	(12945, 225, 'UK011', 'BK'),
	(12946, 225, 'UK012', 'BK'),
	(12947, 225, 'UK013', 'BK'),
	(12948, 225, 'UK014', 'K'),
	(12949, 225, 'UK015', 'BK'),
	(12950, 225, 'UK016', 'BK'),
	(12951, 225, 'UK017', 'BK'),
	(12952, 225, 'UK018', 'BK'),
	(12953, 225, 'UK019', 'BK'),
	(12954, 225, 'UK020', 'BK'),
	(12955, 225, 'UK021', 'K'),
	(12956, 225, 'UK022', 'BK'),
	(12957, 225, 'UK023', 'BK'),
	(12958, 225, 'UK024', 'K'),
	(12959, 225, 'UK025', 'K'),
	(12960, 225, 'UK026', 'BK'),
	(12961, 225, 'UK027', 'K'),
	(12962, 225, 'UK028', 'BK'),
	(12963, 225, 'UK029', 'BK'),
	(12964, 225, 'UK030', 'BK'),
	(12965, 225, 'UK031', 'BK'),
	(12966, 225, 'UK032', 'BK'),
	(12967, 225, 'UK033', 'K'),
	(12968, 225, 'UK034', 'BK'),
	(12969, 225, 'UK035', 'BK'),
	(12970, 225, 'UK036', 'K'),
	(12971, 225, 'UK037', 'K'),
	(12972, 225, 'UK038', 'K'),
	(12973, 225, 'UK039', 'K'),
	(12974, 225, 'UK040', 'BK'),
	(12975, 225, 'UK041', 'BK'),
	(12976, 225, 'UK042', 'BK'),
	(12977, 225, 'UK043', 'BK'),
	(12978, 225, 'UK044', 'BK'),
	(12979, 225, 'UK045', 'BK'),
	(12980, 225, 'UK046', 'BK'),
	(12981, 225, 'UK047', 'BK'),
	(12982, 225, 'UK048', 'BK'),
	(12983, 225, 'UK049', 'BK'),
	(12984, 225, 'UK050', 'BK'),
	(12985, 225, 'UK051', 'BK'),
	(12986, 225, 'UK052', 'BK'),
	(12987, 225, 'UK053', 'BK'),
	(12988, 225, 'UK054', 'BK'),
	(12989, 225, 'UK055', 'BK'),
	(12990, 225, 'UK056', 'BK'),
	(12991, 225, 'UK057', 'BK'),
	(12992, 225, 'UK058', 'K'),
	(12993, 226, 'UK001', 'BK'),
	(12994, 226, 'UK002', 'BK'),
	(12995, 226, 'UK003', 'BK'),
	(12996, 226, 'UK004', 'BK'),
	(12997, 226, 'UK005', 'K'),
	(12998, 226, 'UK006', 'BK'),
	(12999, 226, 'UK007', 'BK'),
	(13000, 226, 'UK008', 'BK'),
	(13001, 226, 'UK009', 'BK'),
	(13002, 226, 'UK010', 'BK'),
	(13003, 226, 'UK011', 'BK'),
	(13004, 226, 'UK012', 'BK'),
	(13005, 226, 'UK013', 'BK'),
	(13006, 226, 'UK014', 'BK'),
	(13007, 226, 'UK015', 'K'),
	(13008, 226, 'UK016', 'BK'),
	(13009, 226, 'UK017', 'BK'),
	(13010, 226, 'UK018', 'BK'),
	(13011, 226, 'UK019', 'BK'),
	(13012, 226, 'UK020', 'BK'),
	(13013, 226, 'UK021', 'K'),
	(13014, 226, 'UK022', 'BK'),
	(13015, 226, 'UK023', 'BK'),
	(13016, 226, 'UK024', 'K'),
	(13017, 226, 'UK025', 'BK'),
	(13018, 226, 'UK026', 'BK'),
	(13019, 226, 'UK027', 'BK'),
	(13020, 226, 'UK028', 'BK'),
	(13021, 226, 'UK029', 'BK'),
	(13022, 226, 'UK030', 'BK'),
	(13023, 226, 'UK031', 'BK'),
	(13024, 226, 'UK032', 'BK'),
	(13025, 226, 'UK033', 'K'),
	(13026, 226, 'UK034', 'BK'),
	(13027, 226, 'UK035', 'BK'),
	(13028, 226, 'UK036', 'BK'),
	(13029, 226, 'UK037', 'K'),
	(13030, 226, 'UK038', 'BK'),
	(13031, 226, 'UK039', 'K'),
	(13032, 226, 'UK040', 'K'),
	(13033, 226, 'UK041', 'BK'),
	(13034, 226, 'UK042', 'K'),
	(13035, 226, 'UK043', 'K'),
	(13036, 226, 'UK044', 'K'),
	(13037, 226, 'UK045', 'K'),
	(13038, 226, 'UK046', 'K'),
	(13039, 226, 'UK047', 'K'),
	(13040, 226, 'UK048', 'BK'),
	(13041, 226, 'UK049', 'BK'),
	(13042, 226, 'UK050', 'BK'),
	(13043, 226, 'UK051', 'BK'),
	(13044, 226, 'UK052', 'BK'),
	(13045, 226, 'UK053', 'BK'),
	(13046, 226, 'UK054', 'BK'),
	(13047, 226, 'UK055', 'BK'),
	(13048, 226, 'UK056', 'BK'),
	(13049, 226, 'UK057', 'K'),
	(13050, 226, 'UK058', 'K'),
	(13051, 227, 'UK001', 'BK'),
	(13052, 227, 'UK002', 'K'),
	(13053, 227, 'UK003', 'BK'),
	(13054, 227, 'UK004', 'BK'),
	(13055, 227, 'UK005', 'BK'),
	(13056, 227, 'UK006', 'BK'),
	(13057, 227, 'UK007', 'BK'),
	(13058, 227, 'UK008', 'BK'),
	(13059, 227, 'UK009', 'K'),
	(13060, 227, 'UK010', 'BK'),
	(13061, 227, 'UK011', 'BK'),
	(13062, 227, 'UK012', 'K'),
	(13063, 227, 'UK013', 'BK'),
	(13064, 227, 'UK014', 'BK'),
	(13065, 227, 'UK015', 'BK'),
	(13066, 227, 'UK016', 'BK'),
	(13067, 227, 'UK017', 'BK'),
	(13068, 227, 'UK018', 'BK'),
	(13069, 227, 'UK019', 'BK'),
	(13070, 227, 'UK020', 'K'),
	(13071, 227, 'UK021', 'BK'),
	(13072, 227, 'UK022', 'BK'),
	(13073, 227, 'UK023', 'BK'),
	(13074, 227, 'UK024', 'BK'),
	(13075, 227, 'UK025', 'K'),
	(13076, 227, 'UK026', 'BK'),
	(13077, 227, 'UK027', 'K'),
	(13078, 227, 'UK028', 'BK'),
	(13079, 227, 'UK029', 'BK'),
	(13080, 227, 'UK030', 'BK'),
	(13081, 227, 'UK031', 'BK'),
	(13082, 227, 'UK032', 'BK'),
	(13083, 227, 'UK033', 'BK'),
	(13084, 227, 'UK034', 'BK'),
	(13085, 227, 'UK035', 'BK'),
	(13086, 227, 'UK036', 'BK'),
	(13087, 227, 'UK037', 'K'),
	(13088, 227, 'UK038', 'BK'),
	(13089, 227, 'UK039', 'BK'),
	(13090, 227, 'UK040', 'BK'),
	(13091, 227, 'UK041', 'BK'),
	(13092, 227, 'UK042', 'K'),
	(13093, 227, 'UK043', 'BK'),
	(13094, 227, 'UK044', 'K'),
	(13095, 227, 'UK045', 'K'),
	(13096, 227, 'UK046', 'BK'),
	(13097, 227, 'UK047', 'K'),
	(13098, 227, 'UK048', 'BK'),
	(13099, 227, 'UK049', 'K'),
	(13100, 227, 'UK050', 'BK'),
	(13101, 227, 'UK051', 'BK'),
	(13102, 227, 'UK052', 'BK'),
	(13103, 227, 'UK053', 'BK'),
	(13104, 227, 'UK054', 'K'),
	(13105, 227, 'UK055', 'BK'),
	(13106, 227, 'UK056', 'K'),
	(13107, 227, 'UK057', 'K'),
	(13108, 227, 'UK058', 'BK'),
	(13109, 228, 'UK001', 'K'),
	(13110, 228, 'UK002', 'K'),
	(13111, 228, 'UK003', 'BK'),
	(13112, 228, 'UK004', 'BK'),
	(13113, 228, 'UK005', 'K'),
	(13114, 228, 'UK006', 'BK'),
	(13115, 228, 'UK007', 'K'),
	(13116, 228, 'UK008', 'K'),
	(13117, 228, 'UK009', 'BK'),
	(13118, 228, 'UK010', 'BK'),
	(13119, 228, 'UK011', 'BK'),
	(13120, 228, 'UK012', 'BK'),
	(13121, 228, 'UK013', 'BK'),
	(13122, 228, 'UK014', 'BK'),
	(13123, 228, 'UK015', 'BK'),
	(13124, 228, 'UK016', 'BK'),
	(13125, 228, 'UK017', 'BK'),
	(13126, 228, 'UK018', 'BK'),
	(13127, 228, 'UK019', 'BK'),
	(13128, 228, 'UK020', 'BK'),
	(13129, 228, 'UK021', 'BK'),
	(13130, 228, 'UK022', 'K'),
	(13131, 228, 'UK023', 'K'),
	(13132, 228, 'UK024', 'BK'),
	(13133, 228, 'UK025', 'BK'),
	(13134, 228, 'UK026', 'BK'),
	(13135, 228, 'UK027', 'K'),
	(13136, 228, 'UK028', 'BK'),
	(13137, 228, 'UK029', 'BK'),
	(13138, 228, 'UK030', 'K'),
	(13139, 228, 'UK031', 'BK'),
	(13140, 228, 'UK032', 'K'),
	(13141, 228, 'UK033', 'BK'),
	(13142, 228, 'UK034', 'BK'),
	(13143, 228, 'UK035', 'BK'),
	(13144, 228, 'UK036', 'K'),
	(13145, 228, 'UK037', 'K'),
	(13146, 228, 'UK038', 'BK'),
	(13147, 228, 'UK039', 'BK'),
	(13148, 228, 'UK040', 'BK'),
	(13149, 228, 'UK041', 'K'),
	(13150, 228, 'UK042', 'BK'),
	(13151, 228, 'UK043', 'BK'),
	(13152, 228, 'UK044', 'BK'),
	(13153, 228, 'UK045', 'BK'),
	(13154, 228, 'UK046', 'K'),
	(13155, 228, 'UK047', 'BK'),
	(13156, 228, 'UK048', 'BK'),
	(13157, 228, 'UK049', 'K'),
	(13158, 228, 'UK050', 'K'),
	(13159, 228, 'UK051', 'K'),
	(13160, 228, 'UK052', 'K'),
	(13161, 228, 'UK053', 'BK'),
	(13162, 228, 'UK054', 'K'),
	(13163, 228, 'UK055', 'K'),
	(13164, 228, 'UK056', 'BK'),
	(13165, 228, 'UK057', 'BK'),
	(13166, 228, 'UK058', 'BK'),
	(13167, 229, 'UK001', 'K'),
	(13168, 229, 'UK002', 'BK'),
	(13169, 229, 'UK003', 'K'),
	(13170, 229, 'UK004', 'BK'),
	(13171, 229, 'UK005', 'BK'),
	(13172, 229, 'UK006', 'BK'),
	(13173, 229, 'UK007', 'BK'),
	(13174, 229, 'UK008', 'K'),
	(13175, 229, 'UK009', 'BK'),
	(13176, 229, 'UK010', 'BK'),
	(13177, 229, 'UK011', 'K'),
	(13178, 229, 'UK012', 'BK'),
	(13179, 229, 'UK013', 'K'),
	(13180, 229, 'UK014', 'K'),
	(13181, 229, 'UK015', 'BK'),
	(13182, 229, 'UK016', 'BK'),
	(13183, 229, 'UK017', 'BK'),
	(13184, 229, 'UK018', 'BK'),
	(13185, 229, 'UK019', 'K'),
	(13186, 229, 'UK020', 'K'),
	(13187, 229, 'UK021', 'K'),
	(13188, 229, 'UK022', 'BK'),
	(13189, 229, 'UK023', 'BK'),
	(13190, 229, 'UK024', 'K'),
	(13191, 229, 'UK025', 'K'),
	(13192, 229, 'UK026', 'K'),
	(13193, 229, 'UK027', 'BK'),
	(13194, 229, 'UK028', 'K'),
	(13195, 229, 'UK029', 'K'),
	(13196, 229, 'UK030', 'K'),
	(13197, 229, 'UK031', 'K'),
	(13198, 229, 'UK032', 'BK'),
	(13199, 229, 'UK033', 'BK'),
	(13200, 229, 'UK034', 'BK'),
	(13201, 229, 'UK035', 'K'),
	(13202, 229, 'UK036', 'BK'),
	(13203, 229, 'UK037', 'K'),
	(13204, 229, 'UK038', 'BK'),
	(13205, 229, 'UK039', 'K'),
	(13206, 229, 'UK040', 'BK'),
	(13207, 229, 'UK041', 'BK'),
	(13208, 229, 'UK042', 'BK'),
	(13209, 229, 'UK043', 'BK'),
	(13210, 229, 'UK044', 'K'),
	(13211, 229, 'UK045', 'BK'),
	(13212, 229, 'UK046', 'K'),
	(13213, 229, 'UK047', 'K'),
	(13214, 229, 'UK048', 'BK'),
	(13215, 229, 'UK049', 'BK'),
	(13216, 229, 'UK050', 'BK'),
	(13217, 229, 'UK051', 'BK'),
	(13218, 229, 'UK052', 'K'),
	(13219, 229, 'UK053', 'K'),
	(13220, 229, 'UK054', 'K'),
	(13221, 229, 'UK055', 'K'),
	(13222, 229, 'UK056', 'BK'),
	(13223, 229, 'UK057', 'BK'),
	(13224, 229, 'UK058', 'K'),
	(13225, 230, 'UK001', 'BK'),
	(13226, 230, 'UK002', 'K'),
	(13227, 230, 'UK003', 'BK'),
	(13228, 230, 'UK004', 'BK'),
	(13229, 230, 'UK005', 'BK'),
	(13230, 230, 'UK006', 'BK'),
	(13231, 230, 'UK007', 'BK'),
	(13232, 230, 'UK008', 'K'),
	(13233, 230, 'UK009', 'BK'),
	(13234, 230, 'UK010', 'BK'),
	(13235, 230, 'UK011', 'BK'),
	(13236, 230, 'UK012', 'BK'),
	(13237, 230, 'UK013', 'BK'),
	(13238, 230, 'UK014', 'BK'),
	(13239, 230, 'UK015', 'BK'),
	(13240, 230, 'UK016', 'BK'),
	(13241, 230, 'UK017', 'K'),
	(13242, 230, 'UK018', 'BK'),
	(13243, 230, 'UK019', 'BK'),
	(13244, 230, 'UK020', 'BK'),
	(13245, 230, 'UK021', 'K'),
	(13246, 230, 'UK022', 'K'),
	(13247, 230, 'UK023', 'BK'),
	(13248, 230, 'UK024', 'K'),
	(13249, 230, 'UK025', 'K'),
	(13250, 230, 'UK026', 'BK'),
	(13251, 230, 'UK027', 'K'),
	(13252, 230, 'UK028', 'BK'),
	(13253, 230, 'UK029', 'BK'),
	(13254, 230, 'UK030', 'BK'),
	(13255, 230, 'UK031', 'BK'),
	(13256, 230, 'UK032', 'K'),
	(13257, 230, 'UK033', 'BK'),
	(13258, 230, 'UK034', 'K'),
	(13259, 230, 'UK035', 'BK'),
	(13260, 230, 'UK036', 'K'),
	(13261, 230, 'UK037', 'BK'),
	(13262, 230, 'UK038', 'BK'),
	(13263, 230, 'UK039', 'BK'),
	(13264, 230, 'UK040', 'BK'),
	(13265, 230, 'UK041', 'BK'),
	(13266, 230, 'UK042', 'BK'),
	(13267, 230, 'UK043', 'BK'),
	(13268, 230, 'UK044', 'BK'),
	(13269, 230, 'UK045', 'BK'),
	(13270, 230, 'UK046', 'BK'),
	(13271, 230, 'UK047', 'BK'),
	(13272, 230, 'UK048', 'BK'),
	(13273, 230, 'UK049', 'BK'),
	(13274, 230, 'UK050', 'BK'),
	(13275, 230, 'UK051', 'BK'),
	(13276, 230, 'UK052', 'K'),
	(13277, 230, 'UK053', 'BK'),
	(13278, 230, 'UK054', 'BK'),
	(13279, 230, 'UK055', 'K'),
	(13280, 230, 'UK056', 'BK'),
	(13281, 230, 'UK057', 'BK'),
	(13282, 230, 'UK058', 'BK'),
	(13283, 231, 'UK001', 'BK'),
	(13284, 231, 'UK002', 'BK'),
	(13285, 231, 'UK003', 'BK'),
	(13286, 231, 'UK004', 'BK'),
	(13287, 231, 'UK005', 'BK'),
	(13288, 231, 'UK006', 'BK'),
	(13289, 231, 'UK007', 'BK'),
	(13290, 231, 'UK008', 'K'),
	(13291, 231, 'UK009', 'BK'),
	(13292, 231, 'UK010', 'BK'),
	(13293, 231, 'UK011', 'BK'),
	(13294, 231, 'UK012', 'K'),
	(13295, 231, 'UK013', 'BK'),
	(13296, 231, 'UK014', 'BK'),
	(13297, 231, 'UK015', 'BK'),
	(13298, 231, 'UK016', 'BK'),
	(13299, 231, 'UK017', 'BK'),
	(13300, 231, 'UK018', 'BK'),
	(13301, 231, 'UK019', 'K'),
	(13302, 231, 'UK020', 'K'),
	(13303, 231, 'UK021', 'K'),
	(13304, 231, 'UK022', 'BK'),
	(13305, 231, 'UK023', 'BK'),
	(13306, 231, 'UK024', 'BK'),
	(13307, 231, 'UK025', 'K'),
	(13308, 231, 'UK026', 'BK'),
	(13309, 231, 'UK027', 'BK'),
	(13310, 231, 'UK028', 'BK'),
	(13311, 231, 'UK029', 'BK'),
	(13312, 231, 'UK030', 'BK'),
	(13313, 231, 'UK031', 'BK'),
	(13314, 231, 'UK032', 'BK'),
	(13315, 231, 'UK033', 'BK'),
	(13316, 231, 'UK034', 'K'),
	(13317, 231, 'UK035', 'K'),
	(13318, 231, 'UK036', 'BK'),
	(13319, 231, 'UK037', 'K'),
	(13320, 231, 'UK038', 'BK'),
	(13321, 231, 'UK039', 'BK'),
	(13322, 231, 'UK040', 'BK'),
	(13323, 231, 'UK041', 'BK'),
	(13324, 231, 'UK042', 'BK'),
	(13325, 231, 'UK043', 'K'),
	(13326, 231, 'UK044', 'BK'),
	(13327, 231, 'UK045', 'BK'),
	(13328, 231, 'UK046', 'K'),
	(13329, 231, 'UK047', 'BK'),
	(13330, 231, 'UK048', 'K'),
	(13331, 231, 'UK049', 'K'),
	(13332, 231, 'UK050', 'BK'),
	(13333, 231, 'UK051', 'BK'),
	(13334, 231, 'UK052', 'BK'),
	(13335, 231, 'UK053', 'BK'),
	(13336, 231, 'UK054', 'BK'),
	(13337, 231, 'UK055', 'BK'),
	(13338, 231, 'UK056', 'BK'),
	(13339, 231, 'UK057', 'BK'),
	(13340, 231, 'UK058', 'BK'),
	(13341, 232, 'UK001', 'BK'),
	(13342, 232, 'UK002', 'BK'),
	(13343, 232, 'UK003', 'BK'),
	(13344, 232, 'UK004', 'BK'),
	(13345, 232, 'UK005', 'BK'),
	(13346, 232, 'UK006', 'BK'),
	(13347, 232, 'UK007', 'BK'),
	(13348, 232, 'UK008', 'BK'),
	(13349, 232, 'UK009', 'BK'),
	(13350, 232, 'UK010', 'BK'),
	(13351, 232, 'UK011', 'BK'),
	(13352, 232, 'UK012', 'BK'),
	(13353, 232, 'UK013', 'BK'),
	(13354, 232, 'UK014', 'K'),
	(13355, 232, 'UK015', 'BK'),
	(13356, 232, 'UK016', 'K'),
	(13357, 232, 'UK017', 'BK'),
	(13358, 232, 'UK018', 'BK'),
	(13359, 232, 'UK019', 'K'),
	(13360, 232, 'UK020', 'BK'),
	(13361, 232, 'UK021', 'K'),
	(13362, 232, 'UK022', 'BK'),
	(13363, 232, 'UK023', 'BK'),
	(13364, 232, 'UK024', 'BK'),
	(13365, 232, 'UK025', 'BK'),
	(13366, 232, 'UK026', 'BK'),
	(13367, 232, 'UK027', 'BK'),
	(13368, 232, 'UK028', 'K'),
	(13369, 232, 'UK029', 'BK'),
	(13370, 232, 'UK030', 'K'),
	(13371, 232, 'UK031', 'BK'),
	(13372, 232, 'UK032', 'BK'),
	(13373, 232, 'UK033', 'BK'),
	(13374, 232, 'UK034', 'K'),
	(13375, 232, 'UK035', 'BK'),
	(13376, 232, 'UK036', 'BK'),
	(13377, 232, 'UK037', 'BK'),
	(13378, 232, 'UK038', 'BK'),
	(13379, 232, 'UK039', 'BK'),
	(13380, 232, 'UK040', 'K'),
	(13381, 232, 'UK041', 'BK'),
	(13382, 232, 'UK042', 'K'),
	(13383, 232, 'UK043', 'BK'),
	(13384, 232, 'UK044', 'BK'),
	(13385, 232, 'UK045', 'K'),
	(13386, 232, 'UK046', 'K'),
	(13387, 232, 'UK047', 'K'),
	(13388, 232, 'UK048', 'K'),
	(13389, 232, 'UK049', 'K'),
	(13390, 232, 'UK050', 'K'),
	(13391, 232, 'UK051', 'BK'),
	(13392, 232, 'UK052', 'BK'),
	(13393, 232, 'UK053', 'BK'),
	(13394, 232, 'UK054', 'K'),
	(13395, 232, 'UK055', 'K'),
	(13396, 232, 'UK056', 'BK'),
	(13397, 232, 'UK057', 'K'),
	(13398, 232, 'UK058', 'K'),
	(13399, 233, 'UK001', 'BK'),
	(13400, 233, 'UK002', 'BK'),
	(13401, 233, 'UK003', 'BK'),
	(13402, 233, 'UK004', 'BK'),
	(13403, 233, 'UK005', 'BK'),
	(13404, 233, 'UK006', 'BK'),
	(13405, 233, 'UK007', 'K'),
	(13406, 233, 'UK008', 'BK'),
	(13407, 233, 'UK009', 'BK'),
	(13408, 233, 'UK010', 'BK'),
	(13409, 233, 'UK011', 'BK'),
	(13410, 233, 'UK012', 'BK'),
	(13411, 233, 'UK013', 'BK'),
	(13412, 233, 'UK014', 'BK'),
	(13413, 233, 'UK015', 'BK'),
	(13414, 233, 'UK016', 'BK'),
	(13415, 233, 'UK017', 'BK'),
	(13416, 233, 'UK018', 'BK'),
	(13417, 233, 'UK019', 'K'),
	(13418, 233, 'UK020', 'BK'),
	(13419, 233, 'UK021', 'K'),
	(13420, 233, 'UK022', 'BK'),
	(13421, 233, 'UK023', 'BK'),
	(13422, 233, 'UK024', 'K'),
	(13423, 233, 'UK025', 'BK'),
	(13424, 233, 'UK026', 'BK'),
	(13425, 233, 'UK027', 'BK'),
	(13426, 233, 'UK028', 'BK'),
	(13427, 233, 'UK029', 'BK'),
	(13428, 233, 'UK030', 'BK'),
	(13429, 233, 'UK031', 'BK'),
	(13430, 233, 'UK032', 'BK'),
	(13431, 233, 'UK033', 'K'),
	(13432, 233, 'UK034', 'BK'),
	(13433, 233, 'UK035', 'BK'),
	(13434, 233, 'UK036', 'BK'),
	(13435, 233, 'UK037', 'BK'),
	(13436, 233, 'UK038', 'BK'),
	(13437, 233, 'UK039', 'BK'),
	(13438, 233, 'UK040', 'K'),
	(13439, 233, 'UK041', 'BK'),
	(13440, 233, 'UK042', 'K'),
	(13441, 233, 'UK043', 'BK'),
	(13442, 233, 'UK044', 'K'),
	(13443, 233, 'UK045', 'BK'),
	(13444, 233, 'UK046', 'K'),
	(13445, 233, 'UK047', 'K'),
	(13446, 233, 'UK048', 'BK'),
	(13447, 233, 'UK049', 'BK'),
	(13448, 233, 'UK050', 'BK'),
	(13449, 233, 'UK051', 'BK'),
	(13450, 233, 'UK052', 'BK'),
	(13451, 233, 'UK053', 'BK'),
	(13452, 233, 'UK054', 'BK'),
	(13453, 233, 'UK055', 'BK'),
	(13454, 233, 'UK056', 'BK'),
	(13455, 233, 'UK057', 'K'),
	(13456, 233, 'UK058', 'K'),
	(13457, 234, 'UK001', 'BK'),
	(13458, 234, 'UK002', 'BK'),
	(13459, 234, 'UK003', 'K'),
	(13460, 234, 'UK004', 'BK'),
	(13461, 234, 'UK005', 'BK'),
	(13462, 234, 'UK006', 'K'),
	(13463, 234, 'UK007', 'K'),
	(13464, 234, 'UK008', 'K'),
	(13465, 234, 'UK009', 'BK'),
	(13466, 234, 'UK010', 'BK'),
	(13467, 234, 'UK011', 'K'),
	(13468, 234, 'UK012', 'K'),
	(13469, 234, 'UK013', 'K'),
	(13470, 234, 'UK014', 'BK'),
	(13471, 234, 'UK015', 'BK'),
	(13472, 234, 'UK016', 'BK'),
	(13473, 234, 'UK017', 'BK'),
	(13474, 234, 'UK018', 'BK'),
	(13475, 234, 'UK019', 'K'),
	(13476, 234, 'UK020', 'BK'),
	(13477, 234, 'UK021', 'BK'),
	(13478, 234, 'UK022', 'K'),
	(13479, 234, 'UK023', 'K'),
	(13480, 234, 'UK024', 'BK'),
	(13481, 234, 'UK025', 'BK'),
	(13482, 234, 'UK026', 'BK'),
	(13483, 234, 'UK027', 'K'),
	(13484, 234, 'UK028', 'K'),
	(13485, 234, 'UK029', 'K'),
	(13486, 234, 'UK030', 'K'),
	(13487, 234, 'UK031', 'BK'),
	(13488, 234, 'UK032', 'K'),
	(13489, 234, 'UK033', 'K'),
	(13490, 234, 'UK034', 'BK'),
	(13491, 234, 'UK035', 'BK'),
	(13492, 234, 'UK036', 'BK'),
	(13493, 234, 'UK037', 'K'),
	(13494, 234, 'UK038', 'BK'),
	(13495, 234, 'UK039', 'BK'),
	(13496, 234, 'UK040', 'BK'),
	(13497, 234, 'UK041', 'BK'),
	(13498, 234, 'UK042', 'K'),
	(13499, 234, 'UK043', 'BK'),
	(13500, 234, 'UK044', 'BK'),
	(13501, 234, 'UK045', 'BK'),
	(13502, 234, 'UK046', 'BK'),
	(13503, 234, 'UK047', 'BK'),
	(13504, 234, 'UK048', 'BK'),
	(13505, 234, 'UK049', 'K'),
	(13506, 234, 'UK050', 'K'),
	(13507, 234, 'UK051', 'K'),
	(13508, 234, 'UK052', 'K'),
	(13509, 234, 'UK053', 'BK'),
	(13510, 234, 'UK054', 'BK'),
	(13511, 234, 'UK055', 'K'),
	(13512, 234, 'UK056', 'BK'),
	(13513, 234, 'UK057', 'BK'),
	(13514, 234, 'UK058', 'K'),
	(13515, 235, 'UK001', 'K'),
	(13516, 235, 'UK002', 'BK'),
	(13517, 235, 'UK003', 'K'),
	(13518, 235, 'UK004', 'BK'),
	(13519, 235, 'UK005', 'BK'),
	(13520, 235, 'UK006', 'K'),
	(13521, 235, 'UK007', 'K'),
	(13522, 235, 'UK008', 'K'),
	(13523, 235, 'UK009', 'BK'),
	(13524, 235, 'UK010', 'BK'),
	(13525, 235, 'UK011', 'BK'),
	(13526, 235, 'UK012', 'BK'),
	(13527, 235, 'UK013', 'BK'),
	(13528, 235, 'UK014', 'BK'),
	(13529, 235, 'UK015', 'K'),
	(13530, 235, 'UK016', 'BK'),
	(13531, 235, 'UK017', 'BK'),
	(13532, 235, 'UK018', 'K'),
	(13533, 235, 'UK019', 'BK'),
	(13534, 235, 'UK020', 'K'),
	(13535, 235, 'UK021', 'K'),
	(13536, 235, 'UK022', 'BK'),
	(13537, 235, 'UK023', 'BK'),
	(13538, 235, 'UK024', 'K'),
	(13539, 235, 'UK025', 'K'),
	(13540, 235, 'UK026', 'K'),
	(13541, 235, 'UK027', 'BK'),
	(13542, 235, 'UK028', 'BK'),
	(13543, 235, 'UK029', 'BK'),
	(13544, 235, 'UK030', 'K'),
	(13545, 235, 'UK031', 'K'),
	(13546, 235, 'UK032', 'BK'),
	(13547, 235, 'UK033', 'K'),
	(13548, 235, 'UK034', 'K'),
	(13549, 235, 'UK035', 'K'),
	(13550, 235, 'UK036', 'K'),
	(13551, 235, 'UK037', 'BK'),
	(13552, 235, 'UK038', 'BK'),
	(13553, 235, 'UK039', 'BK'),
	(13554, 235, 'UK040', 'K'),
	(13555, 235, 'UK041', 'K'),
	(13556, 235, 'UK042', 'BK'),
	(13557, 235, 'UK043', 'BK'),
	(13558, 235, 'UK044', 'K'),
	(13559, 235, 'UK045', 'BK'),
	(13560, 235, 'UK046', 'BK'),
	(13561, 235, 'UK047', 'BK'),
	(13562, 235, 'UK048', 'BK'),
	(13563, 235, 'UK049', 'BK'),
	(13564, 235, 'UK050', 'BK'),
	(13565, 235, 'UK051', 'BK'),
	(13566, 235, 'UK052', 'K'),
	(13567, 235, 'UK053', 'K'),
	(13568, 235, 'UK054', 'BK'),
	(13569, 235, 'UK055', 'K'),
	(13570, 235, 'UK056', 'K'),
	(13571, 235, 'UK057', 'BK'),
	(13572, 235, 'UK058', 'BK'),
	(13573, 236, 'UK001', 'BK'),
	(13574, 236, 'UK002', 'K'),
	(13575, 236, 'UK003', 'K'),
	(13576, 236, 'UK004', 'BK'),
	(13577, 236, 'UK005', 'BK'),
	(13578, 236, 'UK006', 'K'),
	(13579, 236, 'UK007', 'BK'),
	(13580, 236, 'UK008', 'K'),
	(13581, 236, 'UK009', 'K'),
	(13582, 236, 'UK010', 'K'),
	(13583, 236, 'UK011', 'BK'),
	(13584, 236, 'UK012', 'BK'),
	(13585, 236, 'UK013', 'BK'),
	(13586, 236, 'UK014', 'BK'),
	(13587, 236, 'UK015', 'BK'),
	(13588, 236, 'UK016', 'BK'),
	(13589, 236, 'UK017', 'BK'),
	(13590, 236, 'UK018', 'BK'),
	(13591, 236, 'UK019', 'K'),
	(13592, 236, 'UK020', 'BK'),
	(13593, 236, 'UK021', 'K'),
	(13594, 236, 'UK022', 'BK'),
	(13595, 236, 'UK023', 'K'),
	(13596, 236, 'UK024', 'K'),
	(13597, 236, 'UK025', 'K'),
	(13598, 236, 'UK026', 'K'),
	(13599, 236, 'UK027', 'BK'),
	(13600, 236, 'UK028', 'BK'),
	(13601, 236, 'UK029', 'K'),
	(13602, 236, 'UK030', 'BK'),
	(13603, 236, 'UK031', 'BK'),
	(13604, 236, 'UK032', 'BK'),
	(13605, 236, 'UK033', 'BK'),
	(13606, 236, 'UK034', 'BK'),
	(13607, 236, 'UK035', 'BK'),
	(13608, 236, 'UK036', 'BK'),
	(13609, 236, 'UK037', 'BK'),
	(13610, 236, 'UK038', 'BK'),
	(13611, 236, 'UK039', 'BK'),
	(13612, 236, 'UK040', 'BK'),
	(13613, 236, 'UK041', 'BK'),
	(13614, 236, 'UK042', 'BK'),
	(13615, 236, 'UK043', 'BK'),
	(13616, 236, 'UK044', 'BK'),
	(13617, 236, 'UK045', 'BK'),
	(13618, 236, 'UK046', 'BK'),
	(13619, 236, 'UK047', 'BK'),
	(13620, 236, 'UK048', 'BK'),
	(13621, 236, 'UK049', 'BK'),
	(13622, 236, 'UK050', 'BK'),
	(13623, 236, 'UK051', 'BK'),
	(13624, 236, 'UK052', 'BK'),
	(13625, 236, 'UK053', 'BK'),
	(13626, 236, 'UK054', 'BK'),
	(13627, 236, 'UK055', 'BK'),
	(13628, 236, 'UK056', 'BK'),
	(13629, 236, 'UK057', 'BK'),
	(13630, 236, 'UK058', 'BK'),
	(13631, 237, 'UK001', 'BK'),
	(13632, 237, 'UK002', 'BK'),
	(13633, 237, 'UK003', 'BK'),
	(13634, 237, 'UK004', 'BK'),
	(13635, 237, 'UK005', 'BK'),
	(13636, 237, 'UK006', 'BK'),
	(13637, 237, 'UK007', 'K'),
	(13638, 237, 'UK008', 'K'),
	(13639, 237, 'UK009', 'BK'),
	(13640, 237, 'UK010', 'BK'),
	(13641, 237, 'UK011', 'BK'),
	(13642, 237, 'UK012', 'BK'),
	(13643, 237, 'UK013', 'BK'),
	(13644, 237, 'UK014', 'BK'),
	(13645, 237, 'UK015', 'BK'),
	(13646, 237, 'UK016', 'BK'),
	(13647, 237, 'UK017', 'BK'),
	(13648, 237, 'UK018', 'BK'),
	(13649, 237, 'UK019', 'K'),
	(13650, 237, 'UK020', 'BK'),
	(13651, 237, 'UK021', 'K'),
	(13652, 237, 'UK022', 'BK'),
	(13653, 237, 'UK023', 'K'),
	(13654, 237, 'UK024', 'K'),
	(13655, 237, 'UK025', 'K'),
	(13656, 237, 'UK026', 'K'),
	(13657, 237, 'UK027', 'BK'),
	(13658, 237, 'UK028', 'K'),
	(13659, 237, 'UK029', 'BK'),
	(13660, 237, 'UK030', 'BK'),
	(13661, 237, 'UK031', 'BK'),
	(13662, 237, 'UK032', 'BK'),
	(13663, 237, 'UK033', 'BK'),
	(13664, 237, 'UK034', 'BK'),
	(13665, 237, 'UK035', 'BK'),
	(13666, 237, 'UK036', 'BK'),
	(13667, 237, 'UK037', 'K'),
	(13668, 237, 'UK038', 'BK'),
	(13669, 237, 'UK039', 'BK'),
	(13670, 237, 'UK040', 'BK'),
	(13671, 237, 'UK041', 'BK'),
	(13672, 237, 'UK042', 'BK'),
	(13673, 237, 'UK043', 'BK'),
	(13674, 237, 'UK044', 'BK'),
	(13675, 237, 'UK045', 'BK'),
	(13676, 237, 'UK046', 'BK'),
	(13677, 237, 'UK047', 'BK'),
	(13678, 237, 'UK048', 'BK'),
	(13679, 237, 'UK049', 'K'),
	(13680, 237, 'UK050', 'BK'),
	(13681, 237, 'UK051', 'BK'),
	(13682, 237, 'UK052', 'BK'),
	(13683, 237, 'UK053', 'K'),
	(13684, 237, 'UK054', 'BK'),
	(13685, 237, 'UK055', 'BK'),
	(13686, 237, 'UK056', 'BK'),
	(13687, 237, 'UK057', 'K'),
	(13688, 237, 'UK058', 'BK'),
	(13689, 238, 'UK001', 'BK'),
	(13690, 238, 'UK002', 'BK'),
	(13691, 238, 'UK003', 'BK'),
	(13692, 238, 'UK004', 'BK'),
	(13693, 238, 'UK005', 'K'),
	(13694, 238, 'UK006', 'K'),
	(13695, 238, 'UK007', 'BK'),
	(13696, 238, 'UK008', 'K'),
	(13697, 238, 'UK009', 'BK'),
	(13698, 238, 'UK010', 'BK'),
	(13699, 238, 'UK011', 'BK'),
	(13700, 238, 'UK012', 'BK'),
	(13701, 238, 'UK013', 'BK'),
	(13702, 238, 'UK014', 'BK'),
	(13703, 238, 'UK015', 'BK'),
	(13704, 238, 'UK016', 'BK'),
	(13705, 238, 'UK017', 'K'),
	(13706, 238, 'UK018', 'BK'),
	(13707, 238, 'UK019', 'BK'),
	(13708, 238, 'UK020', 'K'),
	(13709, 238, 'UK021', 'K'),
	(13710, 238, 'UK022', 'K'),
	(13711, 238, 'UK023', 'K'),
	(13712, 238, 'UK024', 'BK'),
	(13713, 238, 'UK025', 'K'),
	(13714, 238, 'UK026', 'K'),
	(13715, 238, 'UK027', 'BK'),
	(13716, 238, 'UK028', 'BK'),
	(13717, 238, 'UK029', 'K'),
	(13718, 238, 'UK030', 'K'),
	(13719, 238, 'UK031', 'BK'),
	(13720, 238, 'UK032', 'BK'),
	(13721, 238, 'UK033', 'BK'),
	(13722, 238, 'UK034', 'BK'),
	(13723, 238, 'UK035', 'BK'),
	(13724, 238, 'UK036', 'BK'),
	(13725, 238, 'UK037', 'BK'),
	(13726, 238, 'UK038', 'K'),
	(13727, 238, 'UK039', 'BK'),
	(13728, 238, 'UK040', 'K'),
	(13729, 238, 'UK041', 'BK'),
	(13730, 238, 'UK042', 'BK'),
	(13731, 238, 'UK043', 'BK'),
	(13732, 238, 'UK044', 'K'),
	(13733, 238, 'UK045', 'BK'),
	(13734, 238, 'UK046', 'BK'),
	(13735, 238, 'UK047', 'BK'),
	(13736, 238, 'UK048', 'BK'),
	(13737, 238, 'UK049', 'BK'),
	(13738, 238, 'UK050', 'BK'),
	(13739, 238, 'UK051', 'BK'),
	(13740, 238, 'UK052', 'BK'),
	(13741, 238, 'UK053', 'BK'),
	(13742, 238, 'UK054', 'BK'),
	(13743, 238, 'UK055', 'BK'),
	(13744, 238, 'UK056', 'BK'),
	(13745, 238, 'UK057', 'BK'),
	(13746, 238, 'UK058', 'BK'),
	(13747, 239, 'UK001', 'K'),
	(13748, 239, 'UK002', 'K'),
	(13749, 239, 'UK003', 'BK'),
	(13750, 239, 'UK004', 'BK'),
	(13751, 239, 'UK005', 'BK'),
	(13752, 239, 'UK006', 'K'),
	(13753, 239, 'UK007', 'BK'),
	(13754, 239, 'UK008', 'K'),
	(13755, 239, 'UK009', 'BK'),
	(13756, 239, 'UK010', 'BK'),
	(13757, 239, 'UK011', 'BK'),
	(13758, 239, 'UK012', 'BK'),
	(13759, 239, 'UK013', 'BK'),
	(13760, 239, 'UK014', 'BK'),
	(13761, 239, 'UK015', 'BK'),
	(13762, 239, 'UK016', 'BK'),
	(13763, 239, 'UK017', 'K'),
	(13764, 239, 'UK018', 'K'),
	(13765, 239, 'UK019', 'K'),
	(13766, 239, 'UK020', 'K'),
	(13767, 239, 'UK021', 'K'),
	(13768, 239, 'UK022', 'K'),
	(13769, 239, 'UK023', 'K'),
	(13770, 239, 'UK024', 'K'),
	(13771, 239, 'UK025', 'K'),
	(13772, 239, 'UK026', 'K'),
	(13773, 239, 'UK027', 'BK'),
	(13774, 239, 'UK028', 'BK'),
	(13775, 239, 'UK029', 'BK'),
	(13776, 239, 'UK030', 'K'),
	(13777, 239, 'UK031', 'BK'),
	(13778, 239, 'UK032', 'BK'),
	(13779, 239, 'UK033', 'BK'),
	(13780, 239, 'UK034', 'BK'),
	(13781, 239, 'UK035', 'K'),
	(13782, 239, 'UK036', 'BK'),
	(13783, 239, 'UK037', 'BK'),
	(13784, 239, 'UK038', 'BK'),
	(13785, 239, 'UK039', 'BK'),
	(13786, 239, 'UK040', 'BK'),
	(13787, 239, 'UK041', 'K'),
	(13788, 239, 'UK042', 'BK'),
	(13789, 239, 'UK043', 'BK'),
	(13790, 239, 'UK044', 'BK'),
	(13791, 239, 'UK045', 'BK'),
	(13792, 239, 'UK046', 'BK'),
	(13793, 239, 'UK047', 'BK'),
	(13794, 239, 'UK048', 'BK'),
	(13795, 239, 'UK049', 'BK'),
	(13796, 239, 'UK050', 'BK'),
	(13797, 239, 'UK051', 'BK'),
	(13798, 239, 'UK052', 'BK'),
	(13799, 239, 'UK053', 'BK'),
	(13800, 239, 'UK054', 'BK'),
	(13801, 239, 'UK055', 'BK'),
	(13802, 239, 'UK056', 'BK'),
	(13803, 239, 'UK057', 'K'),
	(13804, 239, 'UK058', 'BK'),
	(13805, 240, 'UK001', 'BK'),
	(13806, 240, 'UK002', 'BK'),
	(13807, 240, 'UK003', 'BK'),
	(13808, 240, 'UK004', 'BK'),
	(13809, 240, 'UK005', 'BK'),
	(13810, 240, 'UK006', 'K'),
	(13811, 240, 'UK007', 'BK'),
	(13812, 240, 'UK008', 'K'),
	(13813, 240, 'UK009', 'K'),
	(13814, 240, 'UK010', 'K'),
	(13815, 240, 'UK011', 'BK'),
	(13816, 240, 'UK012', 'BK'),
	(13817, 240, 'UK013', 'K'),
	(13818, 240, 'UK014', 'BK'),
	(13819, 240, 'UK015', 'BK'),
	(13820, 240, 'UK016', 'BK'),
	(13821, 240, 'UK017', 'BK'),
	(13822, 240, 'UK018', 'BK'),
	(13823, 240, 'UK019', 'K'),
	(13824, 240, 'UK020', 'K'),
	(13825, 240, 'UK021', 'BK'),
	(13826, 240, 'UK022', 'K'),
	(13827, 240, 'UK023', 'K'),
	(13828, 240, 'UK024', 'K'),
	(13829, 240, 'UK025', 'K'),
	(13830, 240, 'UK026', 'K'),
	(13831, 240, 'UK027', 'BK'),
	(13832, 240, 'UK028', 'BK'),
	(13833, 240, 'UK029', 'BK'),
	(13834, 240, 'UK030', 'BK'),
	(13835, 240, 'UK031', 'K'),
	(13836, 240, 'UK032', 'BK'),
	(13837, 240, 'UK033', 'BK'),
	(13838, 240, 'UK034', 'BK'),
	(13839, 240, 'UK035', 'BK'),
	(13840, 240, 'UK036', 'BK'),
	(13841, 240, 'UK037', 'BK'),
	(13842, 240, 'UK038', 'BK'),
	(13843, 240, 'UK039', 'BK'),
	(13844, 240, 'UK040', 'BK'),
	(13845, 240, 'UK041', 'K'),
	(13846, 240, 'UK042', 'BK'),
	(13847, 240, 'UK043', 'BK'),
	(13848, 240, 'UK044', 'BK'),
	(13849, 240, 'UK045', 'BK'),
	(13850, 240, 'UK046', 'BK'),
	(13851, 240, 'UK047', 'BK'),
	(13852, 240, 'UK048', 'BK'),
	(13853, 240, 'UK049', 'K'),
	(13854, 240, 'UK050', 'BK'),
	(13855, 240, 'UK051', 'BK'),
	(13856, 240, 'UK052', 'BK'),
	(13857, 240, 'UK053', 'BK'),
	(13858, 240, 'UK054', 'BK'),
	(13859, 240, 'UK055', 'BK'),
	(13860, 240, 'UK056', 'BK'),
	(13861, 240, 'UK057', 'BK'),
	(13862, 240, 'UK058', 'BK'),
	(13863, 241, 'UK001', 'BK'),
	(13864, 241, 'UK002', 'BK'),
	(13865, 241, 'UK003', 'BK'),
	(13866, 241, 'UK004', 'BK'),
	(13867, 241, 'UK005', 'BK'),
	(13868, 241, 'UK006', 'K'),
	(13869, 241, 'UK007', 'K'),
	(13870, 241, 'UK008', 'K'),
	(13871, 241, 'UK009', 'K'),
	(13872, 241, 'UK010', 'BK'),
	(13873, 241, 'UK011', 'BK'),
	(13874, 241, 'UK012', 'BK'),
	(13875, 241, 'UK013', 'BK'),
	(13876, 241, 'UK014', 'BK'),
	(13877, 241, 'UK015', 'BK'),
	(13878, 241, 'UK016', 'BK'),
	(13879, 241, 'UK017', 'BK'),
	(13880, 241, 'UK018', 'BK'),
	(13881, 241, 'UK019', 'K'),
	(13882, 241, 'UK020', 'BK'),
	(13883, 241, 'UK021', 'BK'),
	(13884, 241, 'UK022', 'K'),
	(13885, 241, 'UK023', 'BK'),
	(13886, 241, 'UK024', 'K'),
	(13887, 241, 'UK025', 'K'),
	(13888, 241, 'UK026', 'K'),
	(13889, 241, 'UK027', 'BK'),
	(13890, 241, 'UK028', 'BK'),
	(13891, 241, 'UK029', 'BK'),
	(13892, 241, 'UK030', 'BK'),
	(13893, 241, 'UK031', 'BK'),
	(13894, 241, 'UK032', 'BK'),
	(13895, 241, 'UK033', 'K'),
	(13896, 241, 'UK034', 'BK'),
	(13897, 241, 'UK035', 'BK'),
	(13898, 241, 'UK036', 'K'),
	(13899, 241, 'UK037', 'BK'),
	(13900, 241, 'UK038', 'K'),
	(13901, 241, 'UK039', 'K'),
	(13902, 241, 'UK040', 'BK'),
	(13903, 241, 'UK041', 'BK'),
	(13904, 241, 'UK042', 'BK'),
	(13905, 241, 'UK043', 'BK'),
	(13906, 241, 'UK044', 'BK'),
	(13907, 241, 'UK045', 'BK'),
	(13908, 241, 'UK046', 'BK'),
	(13909, 241, 'UK047', 'BK'),
	(13910, 241, 'UK048', 'BK'),
	(13911, 241, 'UK049', 'BK'),
	(13912, 241, 'UK050', 'BK'),
	(13913, 241, 'UK051', 'BK'),
	(13914, 241, 'UK052', 'BK'),
	(13915, 241, 'UK053', 'BK'),
	(13916, 241, 'UK054', 'K'),
	(13917, 241, 'UK055', 'BK'),
	(13918, 241, 'UK056', 'BK'),
	(13919, 241, 'UK057', 'BK'),
	(13920, 241, 'UK058', 'BK'),
	(13921, 242, 'UK001', 'BK'),
	(13922, 242, 'UK002', 'BK'),
	(13923, 242, 'UK003', 'BK'),
	(13924, 242, 'UK004', 'BK'),
	(13925, 242, 'UK005', 'BK'),
	(13926, 242, 'UK006', 'K'),
	(13927, 242, 'UK007', 'BK'),
	(13928, 242, 'UK008', 'K'),
	(13929, 242, 'UK009', 'BK'),
	(13930, 242, 'UK010', 'BK'),
	(13931, 242, 'UK011', 'K'),
	(13932, 242, 'UK012', 'BK'),
	(13933, 242, 'UK013', 'BK'),
	(13934, 242, 'UK014', 'BK'),
	(13935, 242, 'UK015', 'BK'),
	(13936, 242, 'UK016', 'K'),
	(13937, 242, 'UK017', 'K'),
	(13938, 242, 'UK018', 'BK'),
	(13939, 242, 'UK019', 'K'),
	(13940, 242, 'UK020', 'K'),
	(13941, 242, 'UK021', 'K'),
	(13942, 242, 'UK022', 'K'),
	(13943, 242, 'UK023', 'K'),
	(13944, 242, 'UK024', 'K'),
	(13945, 242, 'UK025', 'K'),
	(13946, 242, 'UK026', 'K'),
	(13947, 242, 'UK027', 'BK'),
	(13948, 242, 'UK028', 'BK'),
	(13949, 242, 'UK029', 'K'),
	(13950, 242, 'UK030', 'K'),
	(13951, 242, 'UK031', 'BK'),
	(13952, 242, 'UK032', 'BK'),
	(13953, 242, 'UK033', 'BK'),
	(13954, 242, 'UK034', 'BK'),
	(13955, 242, 'UK035', 'BK'),
	(13956, 242, 'UK036', 'BK'),
	(13957, 242, 'UK037', 'BK'),
	(13958, 242, 'UK038', 'K'),
	(13959, 242, 'UK039', 'BK'),
	(13960, 242, 'UK040', 'BK'),
	(13961, 242, 'UK041', 'BK'),
	(13962, 242, 'UK042', 'BK'),
	(13963, 242, 'UK043', 'K'),
	(13964, 242, 'UK044', 'BK'),
	(13965, 242, 'UK045', 'BK'),
	(13966, 242, 'UK046', 'BK'),
	(13967, 242, 'UK047', 'BK'),
	(13968, 242, 'UK048', 'BK'),
	(13969, 242, 'UK049', 'BK'),
	(13970, 242, 'UK050', 'BK'),
	(13971, 242, 'UK051', 'K'),
	(13972, 242, 'UK052', 'BK'),
	(13973, 242, 'UK053', 'BK'),
	(13974, 242, 'UK054', 'BK'),
	(13975, 242, 'UK055', 'BK'),
	(13976, 242, 'UK056', 'BK'),
	(13977, 242, 'UK057', 'K'),
	(13978, 242, 'UK058', 'K'),
	(13979, 243, 'UK001', 'K'),
	(13980, 243, 'UK002', 'BK'),
	(13981, 243, 'UK003', 'BK'),
	(13982, 243, 'UK004', 'BK'),
	(13983, 243, 'UK005', 'BK'),
	(13984, 243, 'UK006', 'K'),
	(13985, 243, 'UK007', 'BK'),
	(13986, 243, 'UK008', 'K'),
	(13987, 243, 'UK009', 'BK'),
	(13988, 243, 'UK010', 'BK'),
	(13989, 243, 'UK011', 'BK'),
	(13990, 243, 'UK012', 'K'),
	(13991, 243, 'UK013', 'BK'),
	(13992, 243, 'UK014', 'BK'),
	(13993, 243, 'UK015', 'BK'),
	(13994, 243, 'UK016', 'BK'),
	(13995, 243, 'UK017', 'BK'),
	(13996, 243, 'UK018', 'BK'),
	(13997, 243, 'UK019', 'BK'),
	(13998, 243, 'UK020', 'BK'),
	(13999, 243, 'UK021', 'K'),
	(14000, 243, 'UK022', 'K'),
	(14001, 243, 'UK023', 'K'),
	(14002, 243, 'UK024', 'BK'),
	(14003, 243, 'UK025', 'K'),
	(14004, 243, 'UK026', 'K'),
	(14005, 243, 'UK027', 'K'),
	(14006, 243, 'UK028', 'BK'),
	(14007, 243, 'UK029', 'K'),
	(14008, 243, 'UK030', 'BK'),
	(14009, 243, 'UK031', 'BK'),
	(14010, 243, 'UK032', 'BK'),
	(14011, 243, 'UK033', 'BK'),
	(14012, 243, 'UK034', 'BK'),
	(14013, 243, 'UK035', 'BK'),
	(14014, 243, 'UK036', 'BK'),
	(14015, 243, 'UK037', 'BK'),
	(14016, 243, 'UK038', 'BK'),
	(14017, 243, 'UK039', 'BK'),
	(14018, 243, 'UK040', 'BK'),
	(14019, 243, 'UK041', 'BK'),
	(14020, 243, 'UK042', 'BK'),
	(14021, 243, 'UK043', 'K'),
	(14022, 243, 'UK044', 'BK'),
	(14023, 243, 'UK045', 'K'),
	(14024, 243, 'UK046', 'K'),
	(14025, 243, 'UK047', 'K'),
	(14026, 243, 'UK048', 'BK'),
	(14027, 243, 'UK049', 'BK'),
	(14028, 243, 'UK050', 'BK'),
	(14029, 243, 'UK051', 'BK'),
	(14030, 243, 'UK052', 'K'),
	(14031, 243, 'UK053', 'BK'),
	(14032, 243, 'UK054', 'K'),
	(14033, 243, 'UK055', 'BK'),
	(14034, 243, 'UK056', 'BK'),
	(14035, 243, 'UK057', 'BK'),
	(14036, 243, 'UK058', 'BK'),
	(14037, 244, 'UK001', 'BK'),
	(14038, 244, 'UK002', 'BK'),
	(14039, 244, 'UK003', 'BK'),
	(14040, 244, 'UK004', 'BK'),
	(14041, 244, 'UK005', 'BK'),
	(14042, 244, 'UK006', 'K'),
	(14043, 244, 'UK007', 'BK'),
	(14044, 244, 'UK008', 'BK'),
	(14045, 244, 'UK009', 'BK'),
	(14046, 244, 'UK010', 'BK'),
	(14047, 244, 'UK011', 'BK'),
	(14048, 244, 'UK012', 'K'),
	(14049, 244, 'UK013', 'K'),
	(14050, 244, 'UK014', 'BK'),
	(14051, 244, 'UK015', 'BK'),
	(14052, 244, 'UK016', 'BK'),
	(14053, 244, 'UK017', 'BK'),
	(14054, 244, 'UK018', 'BK'),
	(14055, 244, 'UK019', 'BK'),
	(14056, 244, 'UK020', 'BK'),
	(14057, 244, 'UK021', 'K'),
	(14058, 244, 'UK022', 'K'),
	(14059, 244, 'UK023', 'BK'),
	(14060, 244, 'UK024', 'K'),
	(14061, 244, 'UK025', 'K'),
	(14062, 244, 'UK026', 'K'),
	(14063, 244, 'UK027', 'BK'),
	(14064, 244, 'UK028', 'BK'),
	(14065, 244, 'UK029', 'BK'),
	(14066, 244, 'UK030', 'BK'),
	(14067, 244, 'UK031', 'BK'),
	(14068, 244, 'UK032', 'BK'),
	(14069, 244, 'UK033', 'K'),
	(14070, 244, 'UK034', 'K'),
	(14071, 244, 'UK035', 'BK'),
	(14072, 244, 'UK036', 'BK'),
	(14073, 244, 'UK037', 'BK'),
	(14074, 244, 'UK038', 'BK'),
	(14075, 244, 'UK039', 'BK'),
	(14076, 244, 'UK040', 'BK'),
	(14077, 244, 'UK041', 'K'),
	(14078, 244, 'UK042', 'BK'),
	(14079, 244, 'UK043', 'BK'),
	(14080, 244, 'UK044', 'BK'),
	(14081, 244, 'UK045', 'BK'),
	(14082, 244, 'UK046', 'BK'),
	(14083, 244, 'UK047', 'BK'),
	(14084, 244, 'UK048', 'BK'),
	(14085, 244, 'UK049', 'BK'),
	(14086, 244, 'UK050', 'BK'),
	(14087, 244, 'UK051', 'BK'),
	(14088, 244, 'UK052', 'BK'),
	(14089, 244, 'UK053', 'BK'),
	(14090, 244, 'UK054', 'K'),
	(14091, 244, 'UK055', 'BK'),
	(14092, 244, 'UK056', 'BK'),
	(14093, 244, 'UK057', 'BK'),
	(14094, 244, 'UK058', 'BK'),
	(14095, 245, 'UK001', 'BK'),
	(14096, 245, 'UK002', 'K'),
	(14097, 245, 'UK003', 'BK'),
	(14098, 245, 'UK004', 'BK'),
	(14099, 245, 'UK005', 'K'),
	(14100, 245, 'UK006', 'K'),
	(14101, 245, 'UK007', 'K'),
	(14102, 245, 'UK008', 'K'),
	(14103, 245, 'UK009', 'BK'),
	(14104, 245, 'UK010', 'K'),
	(14105, 245, 'UK011', 'BK'),
	(14106, 245, 'UK012', 'BK'),
	(14107, 245, 'UK013', 'BK'),
	(14108, 245, 'UK014', 'BK'),
	(14109, 245, 'UK015', 'K'),
	(14110, 245, 'UK016', 'BK'),
	(14111, 245, 'UK017', 'K'),
	(14112, 245, 'UK018', 'BK'),
	(14113, 245, 'UK019', 'K'),
	(14114, 245, 'UK020', 'BK'),
	(14115, 245, 'UK021', 'K'),
	(14116, 245, 'UK022', 'K'),
	(14117, 245, 'UK023', 'K'),
	(14118, 245, 'UK024', 'K'),
	(14119, 245, 'UK025', 'K'),
	(14120, 245, 'UK026', 'K'),
	(14121, 245, 'UK027', 'BK'),
	(14122, 245, 'UK028', 'BK'),
	(14123, 245, 'UK029', 'BK'),
	(14124, 245, 'UK030', 'K'),
	(14125, 245, 'UK031', 'BK'),
	(14126, 245, 'UK032', 'BK'),
	(14127, 245, 'UK033', 'BK'),
	(14128, 245, 'UK034', 'K'),
	(14129, 245, 'UK035', 'BK'),
	(14130, 245, 'UK036', 'BK'),
	(14131, 245, 'UK037', 'BK'),
	(14132, 245, 'UK038', 'BK'),
	(14133, 245, 'UK039', 'BK'),
	(14134, 245, 'UK040', 'BK'),
	(14135, 245, 'UK041', 'BK'),
	(14136, 245, 'UK042', 'BK'),
	(14137, 245, 'UK043', 'BK'),
	(14138, 245, 'UK044', 'BK'),
	(14139, 245, 'UK045', 'BK'),
	(14140, 245, 'UK046', 'BK'),
	(14141, 245, 'UK047', 'BK'),
	(14142, 245, 'UK048', 'K'),
	(14143, 245, 'UK049', 'BK'),
	(14144, 245, 'UK050', 'K'),
	(14145, 245, 'UK051', 'K'),
	(14146, 245, 'UK052', 'BK'),
	(14147, 245, 'UK053', 'BK'),
	(14148, 245, 'UK054', 'BK'),
	(14149, 245, 'UK055', 'BK'),
	(14150, 245, 'UK056', 'K'),
	(14151, 245, 'UK057', 'BK'),
	(14152, 245, 'UK058', 'BK'),
	(14153, 246, 'UK001', 'BK'),
	(14154, 246, 'UK002', 'BK'),
	(14155, 246, 'UK003', 'BK'),
	(14156, 246, 'UK004', 'BK'),
	(14157, 246, 'UK005', 'BK'),
	(14158, 246, 'UK006', 'BK'),
	(14159, 246, 'UK007', 'K'),
	(14160, 246, 'UK008', 'K'),
	(14161, 246, 'UK009', 'BK'),
	(14162, 246, 'UK010', 'K'),
	(14163, 246, 'UK011', 'BK'),
	(14164, 246, 'UK012', 'BK'),
	(14165, 246, 'UK013', 'BK'),
	(14166, 246, 'UK014', 'BK'),
	(14167, 246, 'UK015', 'K'),
	(14168, 246, 'UK016', 'K'),
	(14169, 246, 'UK017', 'BK'),
	(14170, 246, 'UK018', 'K'),
	(14171, 246, 'UK019', 'K'),
	(14172, 246, 'UK020', 'K'),
	(14173, 246, 'UK021', 'K'),
	(14174, 246, 'UK022', 'K'),
	(14175, 246, 'UK023', 'K'),
	(14176, 246, 'UK024', 'BK'),
	(14177, 246, 'UK025', 'K'),
	(14178, 246, 'UK026', 'K'),
	(14179, 246, 'UK027', 'BK'),
	(14180, 246, 'UK028', 'BK'),
	(14181, 246, 'UK029', 'BK'),
	(14182, 246, 'UK030', 'K'),
	(14183, 246, 'UK031', 'K'),
	(14184, 246, 'UK032', 'BK'),
	(14185, 246, 'UK033', 'BK'),
	(14186, 246, 'UK034', 'BK'),
	(14187, 246, 'UK035', 'BK'),
	(14188, 246, 'UK036', 'BK'),
	(14189, 246, 'UK037', 'BK'),
	(14190, 246, 'UK038', 'BK'),
	(14191, 246, 'UK039', 'BK'),
	(14192, 246, 'UK040', 'BK'),
	(14193, 246, 'UK041', 'BK'),
	(14194, 246, 'UK042', 'K'),
	(14195, 246, 'UK043', 'BK'),
	(14196, 246, 'UK044', 'BK'),
	(14197, 246, 'UK045', 'BK'),
	(14198, 246, 'UK046', 'BK'),
	(14199, 246, 'UK047', 'K'),
	(14200, 246, 'UK048', 'BK'),
	(14201, 246, 'UK049', 'BK'),
	(14202, 246, 'UK050', 'BK'),
	(14203, 246, 'UK051', 'BK'),
	(14204, 246, 'UK052', 'K'),
	(14205, 246, 'UK053', 'BK'),
	(14206, 246, 'UK054', 'K'),
	(14207, 246, 'UK055', 'BK'),
	(14208, 246, 'UK056', 'BK'),
	(14209, 246, 'UK057', 'BK'),
	(14210, 246, 'UK058', 'K'),
	(14211, 247, 'UK001', 'K'),
	(14212, 247, 'UK002', 'BK'),
	(14213, 247, 'UK003', 'BK'),
	(14214, 247, 'UK004', 'BK'),
	(14215, 247, 'UK005', 'BK'),
	(14216, 247, 'UK006', 'BK'),
	(14217, 247, 'UK007', 'K'),
	(14218, 247, 'UK008', 'K'),
	(14219, 247, 'UK009', 'BK'),
	(14220, 247, 'UK010', 'BK'),
	(14221, 247, 'UK011', 'BK'),
	(14222, 247, 'UK012', 'K'),
	(14223, 247, 'UK013', 'BK'),
	(14224, 247, 'UK014', 'BK'),
	(14225, 247, 'UK015', 'BK'),
	(14226, 247, 'UK016', 'K'),
	(14227, 247, 'UK017', 'BK'),
	(14228, 247, 'UK018', 'BK'),
	(14229, 247, 'UK019', 'K'),
	(14230, 247, 'UK020', 'K'),
	(14231, 247, 'UK021', 'K'),
	(14232, 247, 'UK022', 'BK'),
	(14233, 247, 'UK023', 'BK'),
	(14234, 247, 'UK024', 'K'),
	(14235, 247, 'UK025', 'K'),
	(14236, 247, 'UK026', 'K'),
	(14237, 247, 'UK027', 'BK'),
	(14238, 247, 'UK028', 'BK'),
	(14239, 247, 'UK029', 'BK'),
	(14240, 247, 'UK030', 'BK'),
	(14241, 247, 'UK031', 'BK'),
	(14242, 247, 'UK032', 'K'),
	(14243, 247, 'UK033', 'BK'),
	(14244, 247, 'UK034', 'BK'),
	(14245, 247, 'UK035', 'K'),
	(14246, 247, 'UK036', 'BK'),
	(14247, 247, 'UK037', 'BK'),
	(14248, 247, 'UK038', 'BK'),
	(14249, 247, 'UK039', 'BK'),
	(14250, 247, 'UK040', 'BK'),
	(14251, 247, 'UK041', 'BK'),
	(14252, 247, 'UK042', 'BK'),
	(14253, 247, 'UK043', 'BK'),
	(14254, 247, 'UK044', 'BK'),
	(14255, 247, 'UK045', 'BK'),
	(14256, 247, 'UK046', 'BK'),
	(14257, 247, 'UK047', 'BK'),
	(14258, 247, 'UK048', 'BK'),
	(14259, 247, 'UK049', 'BK'),
	(14260, 247, 'UK050', 'K'),
	(14261, 247, 'UK051', 'K'),
	(14262, 247, 'UK052', 'BK'),
	(14263, 247, 'UK053', 'BK'),
	(14264, 247, 'UK054', 'BK'),
	(14265, 247, 'UK055', 'K'),
	(14266, 247, 'UK056', 'BK'),
	(14267, 247, 'UK057', 'BK'),
	(14268, 247, 'UK058', 'K'),
	(14269, 248, 'UK001', 'BK'),
	(14270, 248, 'UK002', 'BK'),
	(14271, 248, 'UK003', 'BK'),
	(14272, 248, 'UK004', 'BK'),
	(14273, 248, 'UK005', 'K'),
	(14274, 248, 'UK006', 'K'),
	(14275, 248, 'UK007', 'BK'),
	(14276, 248, 'UK008', 'K'),
	(14277, 248, 'UK009', 'BK'),
	(14278, 248, 'UK010', 'BK'),
	(14279, 248, 'UK011', 'BK'),
	(14280, 248, 'UK012', 'BK'),
	(14281, 248, 'UK013', 'K'),
	(14282, 248, 'UK014', 'BK'),
	(14283, 248, 'UK015', 'BK'),
	(14284, 248, 'UK016', 'BK'),
	(14285, 248, 'UK017', 'K'),
	(14286, 248, 'UK018', 'BK'),
	(14287, 248, 'UK019', 'K'),
	(14288, 248, 'UK020', 'K'),
	(14289, 248, 'UK021', 'BK'),
	(14290, 248, 'UK022', 'K'),
	(14291, 248, 'UK023', 'K'),
	(14292, 248, 'UK024', 'K'),
	(14293, 248, 'UK025', 'K'),
	(14294, 248, 'UK026', 'K'),
	(14295, 248, 'UK027', 'BK'),
	(14296, 248, 'UK028', 'BK'),
	(14297, 248, 'UK029', 'BK'),
	(14298, 248, 'UK030', 'BK'),
	(14299, 248, 'UK031', 'K'),
	(14300, 248, 'UK032', 'BK'),
	(14301, 248, 'UK033', 'BK'),
	(14302, 248, 'UK034', 'BK'),
	(14303, 248, 'UK035', 'BK'),
	(14304, 248, 'UK036', 'BK'),
	(14305, 248, 'UK037', 'BK'),
	(14306, 248, 'UK038', 'BK'),
	(14307, 248, 'UK039', 'BK'),
	(14308, 248, 'UK040', 'BK'),
	(14309, 248, 'UK041', 'BK'),
	(14310, 248, 'UK042', 'BK'),
	(14311, 248, 'UK043', 'BK'),
	(14312, 248, 'UK044', 'BK'),
	(14313, 248, 'UK045', 'BK'),
	(14314, 248, 'UK046', 'BK'),
	(14315, 248, 'UK047', 'BK'),
	(14316, 248, 'UK048', 'BK'),
	(14317, 248, 'UK049', 'BK'),
	(14318, 248, 'UK050', 'K'),
	(14319, 248, 'UK051', 'BK'),
	(14320, 248, 'UK052', 'BK'),
	(14321, 248, 'UK053', 'BK'),
	(14322, 248, 'UK054', 'K'),
	(14323, 248, 'UK055', 'K'),
	(14324, 248, 'UK056', 'BK'),
	(14325, 248, 'UK057', 'K'),
	(14326, 248, 'UK058', 'BK'),
	(14327, 249, 'UK001', 'BK'),
	(14328, 249, 'UK002', 'BK'),
	(14329, 249, 'UK003', 'BK'),
	(14330, 249, 'UK004', 'BK'),
	(14331, 249, 'UK005', 'K'),
	(14332, 249, 'UK006', 'K'),
	(14333, 249, 'UK007', 'BK'),
	(14334, 249, 'UK008', 'K'),
	(14335, 249, 'UK009', 'BK'),
	(14336, 249, 'UK010', 'BK'),
	(14337, 249, 'UK011', 'BK'),
	(14338, 249, 'UK012', 'BK'),
	(14339, 249, 'UK013', 'BK'),
	(14340, 249, 'UK014', 'K'),
	(14341, 249, 'UK015', 'BK'),
	(14342, 249, 'UK016', 'BK'),
	(14343, 249, 'UK017', 'BK'),
	(14344, 249, 'UK018', 'BK'),
	(14345, 249, 'UK019', 'K'),
	(14346, 249, 'UK020', 'BK'),
	(14347, 249, 'UK021', 'K'),
	(14348, 249, 'UK022', 'K'),
	(14349, 249, 'UK023', 'K'),
	(14350, 249, 'UK024', 'K'),
	(14351, 249, 'UK025', 'K'),
	(14352, 249, 'UK026', 'K'),
	(14353, 249, 'UK027', 'BK'),
	(14354, 249, 'UK028', 'BK'),
	(14355, 249, 'UK029', 'BK'),
	(14356, 249, 'UK030', 'BK'),
	(14357, 249, 'UK031', 'BK'),
	(14358, 249, 'UK032', 'K'),
	(14359, 249, 'UK033', 'BK'),
	(14360, 249, 'UK034', 'BK'),
	(14361, 249, 'UK035', 'BK'),
	(14362, 249, 'UK036', 'BK'),
	(14363, 249, 'UK037', 'K'),
	(14364, 249, 'UK038', 'BK'),
	(14365, 249, 'UK039', 'BK'),
	(14366, 249, 'UK040', 'K'),
	(14367, 249, 'UK041', 'BK'),
	(14368, 249, 'UK042', 'BK'),
	(14369, 249, 'UK043', 'BK'),
	(14370, 249, 'UK044', 'BK'),
	(14371, 249, 'UK045', 'BK'),
	(14372, 249, 'UK046', 'BK'),
	(14373, 249, 'UK047', 'BK'),
	(14374, 249, 'UK048', 'BK'),
	(14375, 249, 'UK049', 'BK'),
	(14376, 249, 'UK050', 'BK'),
	(14377, 249, 'UK051', 'BK'),
	(14378, 249, 'UK052', 'K'),
	(14379, 249, 'UK053', 'BK'),
	(14380, 249, 'UK054', 'BK'),
	(14381, 249, 'UK055', 'BK'),
	(14382, 249, 'UK056', 'BK'),
	(14383, 249, 'UK057', 'BK'),
	(14384, 249, 'UK058', 'BK'),
	(14385, 250, 'UK001', 'BK'),
	(14386, 250, 'UK002', 'BK'),
	(14387, 250, 'UK003', 'BK'),
	(14388, 250, 'UK004', 'K'),
	(14389, 250, 'UK005', 'K'),
	(14390, 250, 'UK006', 'K'),
	(14391, 250, 'UK007', 'BK'),
	(14392, 250, 'UK008', 'K'),
	(14393, 250, 'UK009', 'BK'),
	(14394, 250, 'UK010', 'K'),
	(14395, 250, 'UK011', 'BK'),
	(14396, 250, 'UK012', 'K'),
	(14397, 250, 'UK013', 'BK'),
	(14398, 250, 'UK014', 'BK'),
	(14399, 250, 'UK015', 'BK'),
	(14400, 250, 'UK016', 'BK'),
	(14401, 250, 'UK017', 'K'),
	(14402, 250, 'UK018', 'BK'),
	(14403, 250, 'UK019', 'BK'),
	(14404, 250, 'UK020', 'K'),
	(14405, 250, 'UK021', 'K'),
	(14406, 250, 'UK022', 'K'),
	(14407, 250, 'UK023', 'K'),
	(14408, 250, 'UK024', 'BK'),
	(14409, 250, 'UK025', 'K'),
	(14410, 250, 'UK026', 'BK'),
	(14411, 250, 'UK027', 'BK'),
	(14412, 250, 'UK028', 'K'),
	(14413, 250, 'UK029', 'K'),
	(14414, 250, 'UK030', 'K'),
	(14415, 250, 'UK031', 'BK'),
	(14416, 250, 'UK032', 'K'),
	(14417, 250, 'UK033', 'BK'),
	(14418, 250, 'UK034', 'BK'),
	(14419, 250, 'UK035', 'BK'),
	(14420, 250, 'UK036', 'K'),
	(14421, 250, 'UK037', 'BK'),
	(14422, 250, 'UK038', 'BK'),
	(14423, 250, 'UK039', 'K'),
	(14424, 250, 'UK040', 'BK'),
	(14425, 250, 'UK041', 'BK'),
	(14426, 250, 'UK042', 'BK'),
	(14427, 250, 'UK043', 'BK'),
	(14428, 250, 'UK044', 'BK'),
	(14429, 250, 'UK045', 'BK'),
	(14430, 250, 'UK046', 'BK'),
	(14431, 250, 'UK047', 'BK'),
	(14432, 250, 'UK048', 'BK'),
	(14433, 250, 'UK049', 'K'),
	(14434, 250, 'UK050', 'BK'),
	(14435, 250, 'UK051', 'K'),
	(14436, 250, 'UK052', 'BK'),
	(14437, 250, 'UK053', 'K'),
	(14438, 250, 'UK054', 'BK'),
	(14439, 250, 'UK055', 'BK'),
	(14440, 250, 'UK056', 'BK'),
	(14441, 250, 'UK057', 'BK'),
	(14442, 250, 'UK058', 'K'),
	(14443, 251, 'UK001', 'K'),
	(14444, 251, 'UK002', 'K'),
	(14445, 251, 'UK003', 'BK'),
	(14446, 251, 'UK004', 'BK'),
	(14447, 251, 'UK005', 'BK'),
	(14448, 251, 'UK006', 'BK'),
	(14449, 251, 'UK007', 'BK'),
	(14450, 251, 'UK008', 'K'),
	(14451, 251, 'UK009', 'BK'),
	(14452, 251, 'UK010', 'BK'),
	(14453, 251, 'UK011', 'BK'),
	(14454, 251, 'UK012', 'BK'),
	(14455, 251, 'UK013', 'K'),
	(14456, 251, 'UK014', 'BK'),
	(14457, 251, 'UK015', 'BK'),
	(14458, 251, 'UK016', 'BK'),
	(14459, 251, 'UK017', 'BK'),
	(14460, 251, 'UK018', 'BK'),
	(14461, 251, 'UK019', 'K'),
	(14462, 251, 'UK020', 'BK'),
	(14463, 251, 'UK021', 'K'),
	(14464, 251, 'UK022', 'K'),
	(14465, 251, 'UK023', 'K'),
	(14466, 251, 'UK024', 'K'),
	(14467, 251, 'UK025', 'K'),
	(14468, 251, 'UK026', 'BK'),
	(14469, 251, 'UK027', 'BK'),
	(14470, 251, 'UK028', 'BK'),
	(14471, 251, 'UK029', 'K'),
	(14472, 251, 'UK030', 'K'),
	(14473, 251, 'UK031', 'BK'),
	(14474, 251, 'UK032', 'BK'),
	(14475, 251, 'UK033', 'BK'),
	(14476, 251, 'UK034', 'K'),
	(14477, 251, 'UK035', 'K'),
	(14478, 251, 'UK036', 'K'),
	(14479, 251, 'UK037', 'BK'),
	(14480, 251, 'UK038', 'BK'),
	(14481, 251, 'UK039', 'BK'),
	(14482, 251, 'UK040', 'BK'),
	(14483, 251, 'UK041', 'K'),
	(14484, 251, 'UK042', 'K'),
	(14485, 251, 'UK043', 'BK'),
	(14486, 251, 'UK044', 'BK'),
	(14487, 251, 'UK045', 'BK'),
	(14488, 251, 'UK046', 'BK'),
	(14489, 251, 'UK047', 'K'),
	(14490, 251, 'UK048', 'BK'),
	(14491, 251, 'UK049', 'BK'),
	(14492, 251, 'UK050', 'K'),
	(14493, 251, 'UK051', 'BK'),
	(14494, 251, 'UK052', 'BK'),
	(14495, 251, 'UK053', 'BK'),
	(14496, 251, 'UK054', 'BK'),
	(14497, 251, 'UK055', 'BK'),
	(14498, 251, 'UK056', 'BK'),
	(14499, 251, 'UK057', 'K'),
	(14500, 251, 'UK058', 'BK'),
	(14501, 252, 'UK001', 'K'),
	(14502, 252, 'UK002', 'BK'),
	(14503, 252, 'UK003', 'BK'),
	(14504, 252, 'UK004', 'BK'),
	(14505, 252, 'UK005', 'BK'),
	(14506, 252, 'UK006', 'BK'),
	(14507, 252, 'UK007', 'K'),
	(14508, 252, 'UK008', 'K'),
	(14509, 252, 'UK009', 'BK'),
	(14510, 252, 'UK010', 'BK'),
	(14511, 252, 'UK011', 'BK'),
	(14512, 252, 'UK012', 'BK'),
	(14513, 252, 'UK013', 'BK'),
	(14514, 252, 'UK014', 'K'),
	(14515, 252, 'UK015', 'BK'),
	(14516, 252, 'UK016', 'BK'),
	(14517, 252, 'UK017', 'BK'),
	(14518, 252, 'UK018', 'BK'),
	(14519, 252, 'UK019', 'K'),
	(14520, 252, 'UK020', 'K'),
	(14521, 252, 'UK021', 'K'),
	(14522, 252, 'UK022', 'BK'),
	(14523, 252, 'UK023', 'K'),
	(14524, 252, 'UK024', 'K'),
	(14525, 252, 'UK025', 'K'),
	(14526, 252, 'UK026', 'BK'),
	(14527, 252, 'UK027', 'BK'),
	(14528, 252, 'UK028', 'BK'),
	(14529, 252, 'UK029', 'BK'),
	(14530, 252, 'UK030', 'K'),
	(14531, 252, 'UK031', 'BK'),
	(14532, 252, 'UK032', 'K'),
	(14533, 252, 'UK033', 'BK'),
	(14534, 252, 'UK034', 'K'),
	(14535, 252, 'UK035', 'K'),
	(14536, 252, 'UK036', 'BK'),
	(14537, 252, 'UK037', 'BK'),
	(14538, 252, 'UK038', 'BK'),
	(14539, 252, 'UK039', 'BK'),
	(14540, 252, 'UK040', 'BK'),
	(14541, 252, 'UK041', 'BK'),
	(14542, 252, 'UK042', 'BK'),
	(14543, 252, 'UK043', 'BK'),
	(14544, 252, 'UK044', 'BK'),
	(14545, 252, 'UK045', 'BK'),
	(14546, 252, 'UK046', 'BK'),
	(14547, 252, 'UK047', 'BK'),
	(14548, 252, 'UK048', 'K'),
	(14549, 252, 'UK049', 'BK'),
	(14550, 252, 'UK050', 'BK'),
	(14551, 252, 'UK051', 'BK'),
	(14552, 252, 'UK052', 'BK'),
	(14553, 252, 'UK053', 'BK'),
	(14554, 252, 'UK054', 'BK'),
	(14555, 252, 'UK055', 'BK'),
	(14556, 252, 'UK056', 'BK'),
	(14557, 252, 'UK057', 'K'),
	(14558, 252, 'UK058', 'BK'),
	(14559, 253, 'UK001', 'BK'),
	(14560, 253, 'UK002', 'BK'),
	(14561, 253, 'UK003', 'K'),
	(14562, 253, 'UK004', 'BK'),
	(14563, 253, 'UK005', 'BK'),
	(14564, 253, 'UK006', 'K'),
	(14565, 253, 'UK007', 'BK'),
	(14566, 253, 'UK008', 'K'),
	(14567, 253, 'UK009', 'BK'),
	(14568, 253, 'UK010', 'BK'),
	(14569, 253, 'UK011', 'K'),
	(14570, 253, 'UK012', 'BK'),
	(14571, 253, 'UK013', 'BK'),
	(14572, 253, 'UK014', 'BK'),
	(14573, 253, 'UK015', 'BK'),
	(14574, 253, 'UK016', 'BK'),
	(14575, 253, 'UK017', 'BK'),
	(14576, 253, 'UK018', 'BK'),
	(14577, 253, 'UK019', 'K'),
	(14578, 253, 'UK020', 'BK'),
	(14579, 253, 'UK021', 'K'),
	(14580, 253, 'UK022', 'K'),
	(14581, 253, 'UK023', 'BK'),
	(14582, 253, 'UK024', 'K'),
	(14583, 253, 'UK025', 'BK'),
	(14584, 253, 'UK026', 'BK'),
	(14585, 253, 'UK027', 'K'),
	(14586, 253, 'UK028', 'BK'),
	(14587, 253, 'UK029', 'K'),
	(14588, 253, 'UK030', 'K'),
	(14589, 253, 'UK031', 'BK'),
	(14590, 253, 'UK032', 'BK'),
	(14591, 253, 'UK033', 'BK'),
	(14592, 253, 'UK034', 'K'),
	(14593, 253, 'UK035', 'BK'),
	(14594, 253, 'UK036', 'K'),
	(14595, 253, 'UK037', 'BK'),
	(14596, 253, 'UK038', 'BK'),
	(14597, 253, 'UK039', 'K'),
	(14598, 253, 'UK040', 'BK'),
	(14599, 253, 'UK041', 'BK'),
	(14600, 253, 'UK042', 'BK'),
	(14601, 253, 'UK043', 'BK'),
	(14602, 253, 'UK044', 'K'),
	(14603, 253, 'UK045', 'BK'),
	(14604, 253, 'UK046', 'BK'),
	(14605, 253, 'UK047', 'K'),
	(14606, 253, 'UK048', 'BK'),
	(14607, 253, 'UK049', 'BK'),
	(14608, 253, 'UK050', 'BK'),
	(14609, 253, 'UK051', 'BK'),
	(14610, 253, 'UK052', 'BK'),
	(14611, 253, 'UK053', 'BK'),
	(14612, 253, 'UK054', 'BK'),
	(14613, 253, 'UK055', 'BK'),
	(14614, 253, 'UK056', 'K'),
	(14615, 253, 'UK057', 'BK'),
	(14616, 253, 'UK058', 'BK'),
	(14617, 254, 'UK001', 'BK'),
	(14618, 254, 'UK002', 'BK'),
	(14619, 254, 'UK003', 'K'),
	(14620, 254, 'UK004', 'BK'),
	(14621, 254, 'UK005', 'K'),
	(14622, 254, 'UK006', 'BK'),
	(14623, 254, 'UK007', 'BK'),
	(14624, 254, 'UK008', 'K'),
	(14625, 254, 'UK009', 'BK'),
	(14626, 254, 'UK010', 'BK'),
	(14627, 254, 'UK011', 'K'),
	(14628, 254, 'UK012', 'BK'),
	(14629, 254, 'UK013', 'BK'),
	(14630, 254, 'UK014', 'BK'),
	(14631, 254, 'UK015', 'K'),
	(14632, 254, 'UK016', 'K'),
	(14633, 254, 'UK017', 'BK'),
	(14634, 254, 'UK018', 'BK'),
	(14635, 254, 'UK019', 'BK'),
	(14636, 254, 'UK020', 'BK'),
	(14637, 254, 'UK021', 'K'),
	(14638, 254, 'UK022', 'K'),
	(14639, 254, 'UK023', 'K'),
	(14640, 254, 'UK024', 'BK'),
	(14641, 254, 'UK025', 'K'),
	(14642, 254, 'UK026', 'BK'),
	(14643, 254, 'UK027', 'BK'),
	(14644, 254, 'UK028', 'BK'),
	(14645, 254, 'UK029', 'K'),
	(14646, 254, 'UK030', 'K'),
	(14647, 254, 'UK031', 'BK'),
	(14648, 254, 'UK032', 'BK'),
	(14649, 254, 'UK033', 'BK'),
	(14650, 254, 'UK034', 'K'),
	(14651, 254, 'UK035', 'K'),
	(14652, 254, 'UK036', 'K'),
	(14653, 254, 'UK037', 'BK'),
	(14654, 254, 'UK038', 'BK'),
	(14655, 254, 'UK039', 'BK'),
	(14656, 254, 'UK040', 'BK'),
	(14657, 254, 'UK041', 'BK'),
	(14658, 254, 'UK042', 'BK'),
	(14659, 254, 'UK043', 'K'),
	(14660, 254, 'UK044', 'BK'),
	(14661, 254, 'UK045', 'BK'),
	(14662, 254, 'UK046', 'BK'),
	(14663, 254, 'UK047', 'BK'),
	(14664, 254, 'UK048', 'BK'),
	(14665, 254, 'UK049', 'BK'),
	(14666, 254, 'UK050', 'K'),
	(14667, 254, 'UK051', 'BK'),
	(14668, 254, 'UK052', 'BK'),
	(14669, 254, 'UK053', 'BK'),
	(14670, 254, 'UK054', 'BK'),
	(14671, 254, 'UK055', 'BK'),
	(14672, 254, 'UK056', 'BK'),
	(14673, 254, 'UK057', 'BK'),
	(14674, 254, 'UK058', 'K'),
	(14675, 255, 'UK001', 'BK'),
	(14676, 255, 'UK002', 'K'),
	(14677, 255, 'UK003', 'K'),
	(14678, 255, 'UK004', 'BK'),
	(14679, 255, 'UK005', 'BK'),
	(14680, 255, 'UK006', 'BK'),
	(14681, 255, 'UK007', 'BK'),
	(14682, 255, 'UK008', 'K'),
	(14683, 255, 'UK009', 'BK'),
	(14684, 255, 'UK010', 'BK'),
	(14685, 255, 'UK011', 'BK'),
	(14686, 255, 'UK012', 'BK'),
	(14687, 255, 'UK013', 'K'),
	(14688, 255, 'UK014', 'K'),
	(14689, 255, 'UK015', 'BK'),
	(14690, 255, 'UK016', 'BK'),
	(14691, 255, 'UK017', 'BK'),
	(14692, 255, 'UK018', 'BK'),
	(14693, 255, 'UK019', 'K'),
	(14694, 255, 'UK020', 'K'),
	(14695, 255, 'UK021', 'K'),
	(14696, 255, 'UK022', 'K'),
	(14697, 255, 'UK023', 'K'),
	(14698, 255, 'UK024', 'K'),
	(14699, 255, 'UK025', 'K'),
	(14700, 255, 'UK026', 'BK'),
	(14701, 255, 'UK027', 'BK'),
	(14702, 255, 'UK028', 'BK'),
	(14703, 255, 'UK029', 'K'),
	(14704, 255, 'UK030', 'K'),
	(14705, 255, 'UK031', 'K'),
	(14706, 255, 'UK032', 'BK'),
	(14707, 255, 'UK033', 'BK'),
	(14708, 255, 'UK034', 'K'),
	(14709, 255, 'UK035', 'K'),
	(14710, 255, 'UK036', 'BK'),
	(14711, 255, 'UK037', 'BK'),
	(14712, 255, 'UK038', 'BK'),
	(14713, 255, 'UK039', 'BK'),
	(14714, 255, 'UK040', 'BK'),
	(14715, 255, 'UK041', 'BK'),
	(14716, 255, 'UK042', 'BK'),
	(14717, 255, 'UK043', 'BK'),
	(14718, 255, 'UK044', 'BK'),
	(14719, 255, 'UK045', 'BK'),
	(14720, 255, 'UK046', 'K'),
	(14721, 255, 'UK047', 'BK'),
	(14722, 255, 'UK048', 'BK'),
	(14723, 255, 'UK049', 'BK'),
	(14724, 255, 'UK050', 'BK'),
	(14725, 255, 'UK051', 'K'),
	(14726, 255, 'UK052', 'BK'),
	(14727, 255, 'UK053', 'BK'),
	(14728, 255, 'UK054', 'BK'),
	(14729, 255, 'UK055', 'K'),
	(14730, 255, 'UK056', 'BK'),
	(14731, 255, 'UK057', 'BK'),
	(14732, 255, 'UK058', 'BK'),
	(14733, 256, 'UK001', 'BK'),
	(14734, 256, 'UK002', 'BK'),
	(14735, 256, 'UK003', 'K'),
	(14736, 256, 'UK004', 'BK'),
	(14737, 256, 'UK005', 'BK'),
	(14738, 256, 'UK006', 'BK'),
	(14739, 256, 'UK007', 'BK'),
	(14740, 256, 'UK008', 'BK'),
	(14741, 256, 'UK009', 'BK'),
	(14742, 256, 'UK010', 'BK'),
	(14743, 256, 'UK011', 'BK'),
	(14744, 256, 'UK012', 'BK'),
	(14745, 256, 'UK013', 'BK'),
	(14746, 256, 'UK014', 'BK'),
	(14747, 256, 'UK015', 'BK'),
	(14748, 256, 'UK016', 'BK'),
	(14749, 256, 'UK017', 'K'),
	(14750, 256, 'UK018', 'BK'),
	(14751, 256, 'UK019', 'K'),
	(14752, 256, 'UK020', 'BK'),
	(14753, 256, 'UK021', 'BK'),
	(14754, 256, 'UK022', 'K'),
	(14755, 256, 'UK023', 'K'),
	(14756, 256, 'UK024', 'K'),
	(14757, 256, 'UK025', 'K'),
	(14758, 256, 'UK026', 'BK'),
	(14759, 256, 'UK027', 'BK'),
	(14760, 256, 'UK028', 'BK'),
	(14761, 256, 'UK029', 'BK'),
	(14762, 256, 'UK030', 'K'),
	(14763, 256, 'UK031', 'BK'),
	(14764, 256, 'UK032', 'BK'),
	(14765, 256, 'UK033', 'BK'),
	(14766, 256, 'UK034', 'K'),
	(14767, 256, 'UK035', 'K'),
	(14768, 256, 'UK036', 'BK'),
	(14769, 256, 'UK037', 'BK'),
	(14770, 256, 'UK038', 'BK'),
	(14771, 256, 'UK039', 'BK'),
	(14772, 256, 'UK040', 'BK'),
	(14773, 256, 'UK041', 'BK'),
	(14774, 256, 'UK042', 'BK'),
	(14775, 256, 'UK043', 'BK'),
	(14776, 256, 'UK044', 'BK'),
	(14777, 256, 'UK045', 'BK'),
	(14778, 256, 'UK046', 'BK'),
	(14779, 256, 'UK047', 'BK'),
	(14780, 256, 'UK048', 'K'),
	(14781, 256, 'UK049', 'K'),
	(14782, 256, 'UK050', 'K'),
	(14783, 256, 'UK051', 'BK'),
	(14784, 256, 'UK052', 'BK'),
	(14785, 256, 'UK053', 'BK'),
	(14786, 256, 'UK054', 'BK'),
	(14787, 256, 'UK055', 'BK'),
	(14788, 256, 'UK056', 'BK'),
	(14789, 256, 'UK057', 'BK'),
	(14790, 256, 'UK058', 'BK'),
	(14791, 257, 'UK001', 'BK'),
	(14792, 257, 'UK002', 'BK'),
	(14793, 257, 'UK003', 'K'),
	(14794, 257, 'UK004', 'K'),
	(14795, 257, 'UK005', 'BK'),
	(14796, 257, 'UK006', 'BK'),
	(14797, 257, 'UK007', 'K'),
	(14798, 257, 'UK008', 'K'),
	(14799, 257, 'UK009', 'K'),
	(14800, 257, 'UK010', 'BK'),
	(14801, 257, 'UK011', 'BK'),
	(14802, 257, 'UK012', 'K'),
	(14803, 257, 'UK013', 'BK'),
	(14804, 257, 'UK014', 'K'),
	(14805, 257, 'UK015', 'BK'),
	(14806, 257, 'UK016', 'BK'),
	(14807, 257, 'UK017', 'BK'),
	(14808, 257, 'UK018', 'BK'),
	(14809, 257, 'UK019', 'K'),
	(14810, 257, 'UK020', 'BK'),
	(14811, 257, 'UK021', 'K'),
	(14812, 257, 'UK022', 'K'),
	(14813, 257, 'UK023', 'K'),
	(14814, 257, 'UK024', 'K'),
	(14815, 257, 'UK025', 'K'),
	(14816, 257, 'UK026', 'BK'),
	(14817, 257, 'UK027', 'BK'),
	(14818, 257, 'UK028', 'BK'),
	(14819, 257, 'UK029', 'BK'),
	(14820, 257, 'UK030', 'BK'),
	(14821, 257, 'UK031', 'BK'),
	(14822, 257, 'UK032', 'BK'),
	(14823, 257, 'UK033', 'BK'),
	(14824, 257, 'UK034', 'K'),
	(14825, 257, 'UK035', 'BK'),
	(14826, 257, 'UK036', 'K'),
	(14827, 257, 'UK037', 'BK'),
	(14828, 257, 'UK038', 'BK'),
	(14829, 257, 'UK039', 'BK'),
	(14830, 257, 'UK040', 'K'),
	(14831, 257, 'UK041', 'BK'),
	(14832, 257, 'UK042', 'BK'),
	(14833, 257, 'UK043', 'BK'),
	(14834, 257, 'UK044', 'BK'),
	(14835, 257, 'UK045', 'BK'),
	(14836, 257, 'UK046', 'BK'),
	(14837, 257, 'UK047', 'K'),
	(14838, 257, 'UK048', 'BK'),
	(14839, 257, 'UK049', 'BK'),
	(14840, 257, 'UK050', 'BK'),
	(14841, 257, 'UK051', 'BK'),
	(14842, 257, 'UK052', 'BK'),
	(14843, 257, 'UK053', 'BK'),
	(14844, 257, 'UK054', 'BK'),
	(14845, 257, 'UK055', 'BK'),
	(14846, 257, 'UK056', 'BK'),
	(14847, 257, 'UK057', 'BK'),
	(14848, 257, 'UK058', 'K'),
	(14849, 258, 'UK001', 'BK'),
	(14850, 258, 'UK002', 'BK'),
	(14851, 258, 'UK003', 'BK'),
	(14852, 258, 'UK004', 'BK'),
	(14853, 258, 'UK005', 'BK'),
	(14854, 258, 'UK006', 'BK'),
	(14855, 258, 'UK007', 'BK'),
	(14856, 258, 'UK008', 'K'),
	(14857, 258, 'UK009', 'BK'),
	(14858, 258, 'UK010', 'K'),
	(14859, 258, 'UK011', 'BK'),
	(14860, 258, 'UK012', 'BK'),
	(14861, 258, 'UK013', 'BK'),
	(14862, 258, 'UK014', 'BK'),
	(14863, 258, 'UK015', 'BK'),
	(14864, 258, 'UK016', 'BK'),
	(14865, 258, 'UK017', 'BK'),
	(14866, 258, 'UK018', 'BK'),
	(14867, 258, 'UK019', 'K'),
	(14868, 258, 'UK020', 'BK'),
	(14869, 258, 'UK021', 'K'),
	(14870, 258, 'UK022', 'BK'),
	(14871, 258, 'UK023', 'BK'),
	(14872, 258, 'UK024', 'K'),
	(14873, 258, 'UK025', 'K'),
	(14874, 258, 'UK026', 'BK'),
	(14875, 258, 'UK027', 'BK'),
	(14876, 258, 'UK028', 'BK'),
	(14877, 258, 'UK029', 'K'),
	(14878, 258, 'UK030', 'K'),
	(14879, 258, 'UK031', 'BK'),
	(14880, 258, 'UK032', 'BK'),
	(14881, 258, 'UK033', 'BK'),
	(14882, 258, 'UK034', 'K'),
	(14883, 258, 'UK035', 'K'),
	(14884, 258, 'UK036', 'K'),
	(14885, 258, 'UK037', 'BK'),
	(14886, 258, 'UK038', 'BK'),
	(14887, 258, 'UK039', 'BK'),
	(14888, 258, 'UK040', 'BK'),
	(14889, 258, 'UK041', 'BK'),
	(14890, 258, 'UK042', 'BK'),
	(14891, 258, 'UK043', 'BK'),
	(14892, 258, 'UK044', 'BK'),
	(14893, 258, 'UK045', 'BK'),
	(14894, 258, 'UK046', 'BK'),
	(14895, 258, 'UK047', 'BK'),
	(14896, 258, 'UK048', 'BK'),
	(14897, 258, 'UK049', 'BK'),
	(14898, 258, 'UK050', 'BK'),
	(14899, 258, 'UK051', 'BK'),
	(14900, 258, 'UK052', 'K'),
	(14901, 258, 'UK053', 'BK'),
	(14902, 258, 'UK054', 'BK'),
	(14903, 258, 'UK055', 'BK'),
	(14904, 258, 'UK056', 'BK'),
	(14905, 258, 'UK057', 'BK'),
	(14906, 258, 'UK058', 'BK'),
	(14907, 259, 'UK001', 'BK'),
	(14908, 259, 'UK002', 'BK'),
	(14909, 259, 'UK003', 'BK'),
	(14910, 259, 'UK004', 'BK'),
	(14911, 259, 'UK005', 'BK'),
	(14912, 259, 'UK006', 'BK'),
	(14913, 259, 'UK007', 'BK'),
	(14914, 259, 'UK008', 'K'),
	(14915, 259, 'UK009', 'K'),
	(14916, 259, 'UK010', 'K'),
	(14917, 259, 'UK011', 'BK'),
	(14918, 259, 'UK012', 'BK'),
	(14919, 259, 'UK013', 'BK'),
	(14920, 259, 'UK014', 'K'),
	(14921, 259, 'UK015', 'BK'),
	(14922, 259, 'UK016', 'BK'),
	(14923, 259, 'UK017', 'BK'),
	(14924, 259, 'UK018', 'BK'),
	(14925, 259, 'UK019', 'K'),
	(14926, 259, 'UK020', 'BK'),
	(14927, 259, 'UK021', 'BK'),
	(14928, 259, 'UK022', 'K'),
	(14929, 259, 'UK023', 'K'),
	(14930, 259, 'UK024', 'K'),
	(14931, 259, 'UK025', 'K'),
	(14932, 259, 'UK026', 'BK'),
	(14933, 259, 'UK027', 'BK'),
	(14934, 259, 'UK028', 'BK'),
	(14935, 259, 'UK029', 'K'),
	(14936, 259, 'UK030', 'K'),
	(14937, 259, 'UK031', 'BK'),
	(14938, 259, 'UK032', 'BK'),
	(14939, 259, 'UK033', 'BK'),
	(14940, 259, 'UK034', 'K'),
	(14941, 259, 'UK035', 'BK'),
	(14942, 259, 'UK036', 'K'),
	(14943, 259, 'UK037', 'BK'),
	(14944, 259, 'UK038', 'BK'),
	(14945, 259, 'UK039', 'BK'),
	(14946, 259, 'UK040', 'BK'),
	(14947, 259, 'UK041', 'BK'),
	(14948, 259, 'UK042', 'BK'),
	(14949, 259, 'UK043', 'BK'),
	(14950, 259, 'UK044', 'BK'),
	(14951, 259, 'UK045', 'BK'),
	(14952, 259, 'UK046', 'BK'),
	(14953, 259, 'UK047', 'BK'),
	(14954, 259, 'UK048', 'BK'),
	(14955, 259, 'UK049', 'BK'),
	(14956, 259, 'UK050', 'BK'),
	(14957, 259, 'UK051', 'K'),
	(14958, 259, 'UK052', 'BK'),
	(14959, 259, 'UK053', 'BK'),
	(14960, 259, 'UK054', 'BK'),
	(14961, 259, 'UK055', 'BK'),
	(14962, 259, 'UK056', 'K'),
	(14963, 259, 'UK057', 'BK'),
	(14964, 259, 'UK058', 'BK'),
	(14965, 260, 'UK001', 'BK'),
	(14966, 260, 'UK002', 'BK'),
	(14967, 260, 'UK003', 'BK'),
	(14968, 260, 'UK004', 'K'),
	(14969, 260, 'UK005', 'K'),
	(14970, 260, 'UK006', 'BK'),
	(14971, 260, 'UK007', 'BK'),
	(14972, 260, 'UK008', 'K'),
	(14973, 260, 'UK009', 'BK'),
	(14974, 260, 'UK010', 'K'),
	(14975, 260, 'UK011', 'BK'),
	(14976, 260, 'UK012', 'BK'),
	(14977, 260, 'UK013', 'K'),
	(14978, 260, 'UK014', 'BK'),
	(14979, 260, 'UK015', 'BK'),
	(14980, 260, 'UK016', 'BK'),
	(14981, 260, 'UK017', 'BK'),
	(14982, 260, 'UK018', 'K'),
	(14983, 260, 'UK019', 'K'),
	(14984, 260, 'UK020', 'BK'),
	(14985, 260, 'UK021', 'K'),
	(14986, 260, 'UK022', 'BK'),
	(14987, 260, 'UK023', 'K'),
	(14988, 260, 'UK024', 'K'),
	(14989, 260, 'UK025', 'K'),
	(14990, 260, 'UK026', 'BK'),
	(14991, 260, 'UK027', 'BK'),
	(14992, 260, 'UK028', 'K'),
	(14993, 260, 'UK029', 'K'),
	(14994, 260, 'UK030', 'K'),
	(14995, 260, 'UK031', 'BK'),
	(14996, 260, 'UK032', 'BK'),
	(14997, 260, 'UK033', 'BK'),
	(14998, 260, 'UK034', 'BK'),
	(14999, 260, 'UK035', 'K'),
	(15000, 260, 'UK036', 'K'),
	(15001, 260, 'UK037', 'BK'),
	(15002, 260, 'UK038', 'BK'),
	(15003, 260, 'UK039', 'BK'),
	(15004, 260, 'UK040', 'BK'),
	(15005, 260, 'UK041', 'K'),
	(15006, 260, 'UK042', 'BK'),
	(15007, 260, 'UK043', 'BK'),
	(15008, 260, 'UK044', 'BK'),
	(15009, 260, 'UK045', 'BK'),
	(15010, 260, 'UK046', 'BK'),
	(15011, 260, 'UK047', 'BK'),
	(15012, 260, 'UK048', 'BK'),
	(15013, 260, 'UK049', 'BK'),
	(15014, 260, 'UK050', 'BK'),
	(15015, 260, 'UK051', 'K'),
	(15016, 260, 'UK052', 'BK'),
	(15017, 260, 'UK053', 'BK'),
	(15018, 260, 'UK054', 'K'),
	(15019, 260, 'UK055', 'K'),
	(15020, 260, 'UK056', 'K'),
	(15021, 260, 'UK057', 'BK'),
	(15022, 260, 'UK058', 'K'),
	(15023, 261, 'UK001', 'BK'),
	(15024, 261, 'UK002', 'BK'),
	(15025, 261, 'UK003', 'BK'),
	(15026, 261, 'UK004', 'BK'),
	(15027, 261, 'UK005', 'K'),
	(15028, 261, 'UK006', 'BK'),
	(15029, 261, 'UK007', 'BK'),
	(15030, 261, 'UK008', 'K'),
	(15031, 261, 'UK009', 'BK'),
	(15032, 261, 'UK010', 'BK'),
	(15033, 261, 'UK011', 'BK'),
	(15034, 261, 'UK012', 'BK'),
	(15035, 261, 'UK013', 'BK'),
	(15036, 261, 'UK014', 'BK'),
	(15037, 261, 'UK015', 'K'),
	(15038, 261, 'UK016', 'BK'),
	(15039, 261, 'UK017', 'BK'),
	(15040, 261, 'UK018', 'BK'),
	(15041, 261, 'UK019', 'K'),
	(15042, 261, 'UK020', 'BK'),
	(15043, 261, 'UK021', 'K'),
	(15044, 261, 'UK022', 'BK'),
	(15045, 261, 'UK023', 'BK'),
	(15046, 261, 'UK024', 'K'),
	(15047, 261, 'UK025', 'BK'),
	(15048, 261, 'UK026', 'K'),
	(15049, 261, 'UK027', 'BK'),
	(15050, 261, 'UK028', 'BK'),
	(15051, 261, 'UK029', 'K'),
	(15052, 261, 'UK030', 'K'),
	(15053, 261, 'UK031', 'BK'),
	(15054, 261, 'UK032', 'BK'),
	(15055, 261, 'UK033', 'BK'),
	(15056, 261, 'UK034', 'K'),
	(15057, 261, 'UK035', 'K'),
	(15058, 261, 'UK036', 'K'),
	(15059, 261, 'UK037', 'BK'),
	(15060, 261, 'UK038', 'BK'),
	(15061, 261, 'UK039', 'BK'),
	(15062, 261, 'UK040', 'K'),
	(15063, 261, 'UK041', 'BK'),
	(15064, 261, 'UK042', 'BK'),
	(15065, 261, 'UK043', 'BK'),
	(15066, 261, 'UK044', 'BK'),
	(15067, 261, 'UK045', 'K'),
	(15068, 261, 'UK046', 'BK'),
	(15069, 261, 'UK047', 'BK'),
	(15070, 261, 'UK048', 'BK'),
	(15071, 261, 'UK049', 'K'),
	(15072, 261, 'UK050', 'BK'),
	(15073, 261, 'UK051', 'BK'),
	(15074, 261, 'UK052', 'BK'),
	(15075, 261, 'UK053', 'BK'),
	(15076, 261, 'UK054', 'BK'),
	(15077, 261, 'UK055', 'BK'),
	(15078, 261, 'UK056', 'K'),
	(15079, 261, 'UK057', 'BK'),
	(15080, 261, 'UK058', 'BK'),
	(15081, 262, 'UK001', 'BK'),
	(15082, 262, 'UK002', 'K'),
	(15083, 262, 'UK003', 'BK'),
	(15084, 262, 'UK004', 'BK'),
	(15085, 262, 'UK005', 'K'),
	(15086, 262, 'UK006', 'BK'),
	(15087, 262, 'UK007', 'K'),
	(15088, 262, 'UK008', 'BK'),
	(15089, 262, 'UK009', 'BK'),
	(15090, 262, 'UK010', 'BK'),
	(15091, 262, 'UK011', 'K'),
	(15092, 262, 'UK012', 'BK'),
	(15093, 262, 'UK013', 'BK'),
	(15094, 262, 'UK014', 'BK'),
	(15095, 262, 'UK015', 'BK'),
	(15096, 262, 'UK016', 'BK'),
	(15097, 262, 'UK017', 'BK'),
	(15098, 262, 'UK018', 'K'),
	(15099, 262, 'UK019', 'K'),
	(15100, 262, 'UK020', 'BK'),
	(15101, 262, 'UK021', 'K'),
	(15102, 262, 'UK022', 'K'),
	(15103, 262, 'UK023', 'K'),
	(15104, 262, 'UK024', 'K'),
	(15105, 262, 'UK025', 'K'),
	(15106, 262, 'UK026', 'BK'),
	(15107, 262, 'UK027', 'K'),
	(15108, 262, 'UK028', 'BK'),
	(15109, 262, 'UK029', 'K'),
	(15110, 262, 'UK030', 'BK'),
	(15111, 262, 'UK031', 'K'),
	(15112, 262, 'UK032', 'K'),
	(15113, 262, 'UK033', 'BK'),
	(15114, 262, 'UK034', 'BK'),
	(15115, 262, 'UK035', 'K'),
	(15116, 262, 'UK036', 'K'),
	(15117, 262, 'UK037', 'BK'),
	(15118, 262, 'UK038', 'BK'),
	(15119, 262, 'UK039', 'BK'),
	(15120, 262, 'UK040', 'BK'),
	(15121, 262, 'UK041', 'BK'),
	(15122, 262, 'UK042', 'BK'),
	(15123, 262, 'UK043', 'BK'),
	(15124, 262, 'UK044', 'BK'),
	(15125, 262, 'UK045', 'BK'),
	(15126, 262, 'UK046', 'BK'),
	(15127, 262, 'UK047', 'BK'),
	(15128, 262, 'UK048', 'BK'),
	(15129, 262, 'UK049', 'BK'),
	(15130, 262, 'UK050', 'BK'),
	(15131, 262, 'UK051', 'K'),
	(15132, 262, 'UK052', 'BK'),
	(15133, 262, 'UK053', 'K'),
	(15134, 262, 'UK054', 'BK'),
	(15135, 262, 'UK055', 'BK'),
	(15136, 262, 'UK056', 'BK'),
	(15137, 262, 'UK057', 'BK'),
	(15138, 262, 'UK058', 'BK'),
	(15139, 263, 'UK001', 'BK'),
	(15140, 263, 'UK002', 'BK'),
	(15141, 263, 'UK003', 'BK'),
	(15142, 263, 'UK004', 'BK'),
	(15143, 263, 'UK005', 'BK'),
	(15144, 263, 'UK006', 'BK'),
	(15145, 263, 'UK007', 'BK'),
	(15146, 263, 'UK008', 'K'),
	(15147, 263, 'UK009', 'BK'),
	(15148, 263, 'UK010', 'K'),
	(15149, 263, 'UK011', 'BK'),
	(15150, 263, 'UK012', 'BK'),
	(15151, 263, 'UK013', 'K'),
	(15152, 263, 'UK014', 'BK'),
	(15153, 263, 'UK015', 'BK'),
	(15154, 263, 'UK016', 'K'),
	(15155, 263, 'UK017', 'BK'),
	(15156, 263, 'UK018', 'BK'),
	(15157, 263, 'UK019', 'K'),
	(15158, 263, 'UK020', 'BK'),
	(15159, 263, 'UK021', 'K'),
	(15160, 263, 'UK022', 'K'),
	(15161, 263, 'UK023', 'BK'),
	(15162, 263, 'UK024', 'K'),
	(15163, 263, 'UK025', 'BK'),
	(15164, 263, 'UK026', 'BK'),
	(15165, 263, 'UK027', 'BK'),
	(15166, 263, 'UK028', 'BK'),
	(15167, 263, 'UK029', 'K'),
	(15168, 263, 'UK030', 'K'),
	(15169, 263, 'UK031', 'BK'),
	(15170, 263, 'UK032', 'BK'),
	(15171, 263, 'UK033', 'K'),
	(15172, 263, 'UK034', 'BK'),
	(15173, 263, 'UK035', 'K'),
	(15174, 263, 'UK036', 'K'),
	(15175, 263, 'UK037', 'BK'),
	(15176, 263, 'UK038', 'BK'),
	(15177, 263, 'UK039', 'BK'),
	(15178, 263, 'UK040', 'BK'),
	(15179, 263, 'UK041', 'BK'),
	(15180, 263, 'UK042', 'BK'),
	(15181, 263, 'UK043', 'BK'),
	(15182, 263, 'UK044', 'BK'),
	(15183, 263, 'UK045', 'BK'),
	(15184, 263, 'UK046', 'BK'),
	(15185, 263, 'UK047', 'BK'),
	(15186, 263, 'UK048', 'K'),
	(15187, 263, 'UK049', 'BK'),
	(15188, 263, 'UK050', 'BK'),
	(15189, 263, 'UK051', 'BK'),
	(15190, 263, 'UK052', 'BK'),
	(15191, 263, 'UK053', 'BK'),
	(15192, 263, 'UK054', 'BK'),
	(15193, 263, 'UK055', 'K'),
	(15194, 263, 'UK056', 'BK'),
	(15195, 263, 'UK057', 'BK'),
	(15196, 263, 'UK058', 'BK'),
	(15197, 264, 'UK001', 'BK'),
	(15198, 264, 'UK002', 'K'),
	(15199, 264, 'UK003', 'BK'),
	(15200, 264, 'UK004', 'BK'),
	(15201, 264, 'UK005', 'BK'),
	(15202, 264, 'UK006', 'BK'),
	(15203, 264, 'UK007', 'BK'),
	(15204, 264, 'UK008', 'K'),
	(15205, 264, 'UK009', 'BK'),
	(15206, 264, 'UK010', 'BK'),
	(15207, 264, 'UK011', 'K'),
	(15208, 264, 'UK012', 'K'),
	(15209, 264, 'UK013', 'K'),
	(15210, 264, 'UK014', 'BK'),
	(15211, 264, 'UK015', 'BK'),
	(15212, 264, 'UK016', 'BK'),
	(15213, 264, 'UK017', 'K'),
	(15214, 264, 'UK018', 'BK'),
	(15215, 264, 'UK019', 'K'),
	(15216, 264, 'UK020', 'BK'),
	(15217, 264, 'UK021', 'K'),
	(15218, 264, 'UK022', 'BK'),
	(15219, 264, 'UK023', 'K'),
	(15220, 264, 'UK024', 'K'),
	(15221, 264, 'UK025', 'K'),
	(15222, 264, 'UK026', 'BK'),
	(15223, 264, 'UK027', 'BK'),
	(15224, 264, 'UK028', 'K'),
	(15225, 264, 'UK029', 'K'),
	(15226, 264, 'UK030', 'K'),
	(15227, 264, 'UK031', 'BK'),
	(15228, 264, 'UK032', 'BK'),
	(15229, 264, 'UK033', 'K'),
	(15230, 264, 'UK034', 'K'),
	(15231, 264, 'UK035', 'K'),
	(15232, 264, 'UK036', 'BK'),
	(15233, 264, 'UK037', 'BK'),
	(15234, 264, 'UK038', 'K'),
	(15235, 264, 'UK039', 'BK'),
	(15236, 264, 'UK040', 'BK'),
	(15237, 264, 'UK041', 'BK'),
	(15238, 264, 'UK042', 'K'),
	(15239, 264, 'UK043', 'K'),
	(15240, 264, 'UK044', 'K'),
	(15241, 264, 'UK045', 'BK'),
	(15242, 264, 'UK046', 'BK'),
	(15243, 264, 'UK047', 'BK'),
	(15244, 264, 'UK048', 'BK'),
	(15245, 264, 'UK049', 'BK'),
	(15246, 264, 'UK050', 'BK'),
	(15247, 264, 'UK051', 'BK'),
	(15248, 264, 'UK052', 'BK'),
	(15249, 264, 'UK053', 'K'),
	(15250, 264, 'UK054', 'BK'),
	(15251, 264, 'UK055', 'BK'),
	(15252, 264, 'UK056', 'BK'),
	(15253, 264, 'UK057', 'BK'),
	(15254, 264, 'UK058', 'BK'),
	(15255, 265, 'UK001', 'BK'),
	(15256, 265, 'UK002', 'BK'),
	(15257, 265, 'UK003', 'BK'),
	(15258, 265, 'UK004', 'K'),
	(15259, 265, 'UK005', 'BK'),
	(15260, 265, 'UK006', 'K'),
	(15261, 265, 'UK007', 'BK'),
	(15262, 265, 'UK008', 'K'),
	(15263, 265, 'UK009', 'K'),
	(15264, 265, 'UK010', 'BK'),
	(15265, 265, 'UK011', 'BK'),
	(15266, 265, 'UK012', 'BK'),
	(15267, 265, 'UK013', 'BK'),
	(15268, 265, 'UK014', 'BK'),
	(15269, 265, 'UK015', 'BK'),
	(15270, 265, 'UK016', 'BK'),
	(15271, 265, 'UK017', 'BK'),
	(15272, 265, 'UK018', 'BK'),
	(15273, 265, 'UK019', 'BK'),
	(15274, 265, 'UK020', 'BK'),
	(15275, 265, 'UK021', 'BK'),
	(15276, 265, 'UK022', 'K'),
	(15277, 265, 'UK023', 'K'),
	(15278, 265, 'UK024', 'K'),
	(15279, 265, 'UK025', 'K'),
	(15280, 265, 'UK026', 'K'),
	(15281, 265, 'UK027', 'BK'),
	(15282, 265, 'UK028', 'BK'),
	(15283, 265, 'UK029', 'K'),
	(15284, 265, 'UK030', 'K'),
	(15285, 265, 'UK031', 'BK'),
	(15286, 265, 'UK032', 'BK'),
	(15287, 265, 'UK033', 'BK'),
	(15288, 265, 'UK034', 'K'),
	(15289, 265, 'UK035', 'BK'),
	(15290, 265, 'UK036', 'BK'),
	(15291, 265, 'UK037', 'BK'),
	(15292, 265, 'UK038', 'BK'),
	(15293, 265, 'UK039', 'K'),
	(15294, 265, 'UK040', 'K'),
	(15295, 265, 'UK041', 'BK'),
	(15296, 265, 'UK042', 'BK'),
	(15297, 265, 'UK043', 'BK'),
	(15298, 265, 'UK044', 'BK'),
	(15299, 265, 'UK045', 'BK'),
	(15300, 265, 'UK046', 'BK'),
	(15301, 265, 'UK047', 'K'),
	(15302, 265, 'UK048', 'BK'),
	(15303, 265, 'UK049', 'BK'),
	(15304, 265, 'UK050', 'K'),
	(15305, 265, 'UK051', 'BK'),
	(15306, 265, 'UK052', 'BK'),
	(15307, 265, 'UK053', 'BK'),
	(15308, 265, 'UK054', 'K'),
	(15309, 265, 'UK055', 'BK'),
	(15310, 265, 'UK056', 'BK'),
	(15311, 265, 'UK057', 'BK'),
	(15312, 265, 'UK058', 'BK'),
	(15313, 266, 'UK001', 'BK'),
	(15314, 266, 'UK002', 'K'),
	(15315, 266, 'UK003', 'BK'),
	(15316, 266, 'UK004', 'BK'),
	(15317, 266, 'UK005', 'K'),
	(15318, 266, 'UK006', 'BK'),
	(15319, 266, 'UK007', 'BK'),
	(15320, 266, 'UK008', 'K'),
	(15321, 266, 'UK009', 'BK'),
	(15322, 266, 'UK010', 'BK'),
	(15323, 266, 'UK011', 'BK'),
	(15324, 266, 'UK012', 'K'),
	(15325, 266, 'UK013', 'K'),
	(15326, 266, 'UK014', 'K'),
	(15327, 266, 'UK015', 'BK'),
	(15328, 266, 'UK016', 'BK'),
	(15329, 266, 'UK017', 'BK'),
	(15330, 266, 'UK018', 'K'),
	(15331, 266, 'UK019', 'K'),
	(15332, 266, 'UK020', 'BK'),
	(15333, 266, 'UK021', 'K'),
	(15334, 266, 'UK022', 'K'),
	(15335, 266, 'UK023', 'BK'),
	(15336, 266, 'UK024', 'K'),
	(15337, 266, 'UK025', 'K'),
	(15338, 266, 'UK026', 'BK'),
	(15339, 266, 'UK027', 'BK'),
	(15340, 266, 'UK028', 'BK'),
	(15341, 266, 'UK029', 'BK'),
	(15342, 266, 'UK030', 'BK'),
	(15343, 266, 'UK031', 'BK'),
	(15344, 266, 'UK032', 'BK'),
	(15345, 266, 'UK033', 'BK'),
	(15346, 266, 'UK034', 'K'),
	(15347, 266, 'UK035', 'BK'),
	(15348, 266, 'UK036', 'K'),
	(15349, 266, 'UK037', 'BK'),
	(15350, 266, 'UK038', 'BK'),
	(15351, 266, 'UK039', 'BK'),
	(15352, 266, 'UK040', 'BK'),
	(15353, 266, 'UK041', 'BK'),
	(15354, 266, 'UK042', 'BK'),
	(15355, 266, 'UK043', 'K'),
	(15356, 266, 'UK044', 'K'),
	(15357, 266, 'UK045', 'BK'),
	(15358, 266, 'UK046', 'K'),
	(15359, 266, 'UK047', 'BK'),
	(15360, 266, 'UK048', 'BK'),
	(15361, 266, 'UK049', 'BK'),
	(15362, 266, 'UK050', 'BK'),
	(15363, 266, 'UK051', 'BK'),
	(15364, 266, 'UK052', 'BK'),
	(15365, 266, 'UK053', 'BK'),
	(15366, 266, 'UK054', 'BK'),
	(15367, 266, 'UK055', 'BK'),
	(15368, 266, 'UK056', 'BK'),
	(15369, 266, 'UK057', 'BK'),
	(15370, 266, 'UK058', 'BK'),
	(15371, 267, 'UK001', 'BK'),
	(15372, 267, 'UK002', 'K'),
	(15373, 267, 'UK003', 'BK'),
	(15374, 267, 'UK004', 'BK'),
	(15375, 267, 'UK005', 'BK'),
	(15376, 267, 'UK006', 'K'),
	(15377, 267, 'UK007', 'BK'),
	(15378, 267, 'UK008', 'K'),
	(15379, 267, 'UK009', 'K'),
	(15380, 267, 'UK010', 'BK'),
	(15381, 267, 'UK011', 'BK'),
	(15382, 267, 'UK012', 'BK'),
	(15383, 267, 'UK013', 'BK'),
	(15384, 267, 'UK014', 'BK'),
	(15385, 267, 'UK015', 'BK'),
	(15386, 267, 'UK016', 'BK'),
	(15387, 267, 'UK017', 'BK'),
	(15388, 267, 'UK018', 'BK'),
	(15389, 267, 'UK019', 'K'),
	(15390, 267, 'UK020', 'BK'),
	(15391, 267, 'UK021', 'K'),
	(15392, 267, 'UK022', 'BK'),
	(15393, 267, 'UK023', 'K'),
	(15394, 267, 'UK024', 'BK'),
	(15395, 267, 'UK025', 'K'),
	(15396, 267, 'UK026', 'BK'),
	(15397, 267, 'UK027', 'BK'),
	(15398, 267, 'UK028', 'BK'),
	(15399, 267, 'UK029', 'BK'),
	(15400, 267, 'UK030', 'BK'),
	(15401, 267, 'UK031', 'BK'),
	(15402, 267, 'UK032', 'BK'),
	(15403, 267, 'UK033', 'BK'),
	(15404, 267, 'UK034', 'K'),
	(15405, 267, 'UK035', 'BK'),
	(15406, 267, 'UK036', 'K'),
	(15407, 267, 'UK037', 'K'),
	(15408, 267, 'UK038', 'BK'),
	(15409, 267, 'UK039', 'BK'),
	(15410, 267, 'UK040', 'BK'),
	(15411, 267, 'UK041', 'BK'),
	(15412, 267, 'UK042', 'BK'),
	(15413, 267, 'UK043', 'K'),
	(15414, 267, 'UK044', 'BK'),
	(15415, 267, 'UK045', 'BK'),
	(15416, 267, 'UK046', 'K'),
	(15417, 267, 'UK047', 'K'),
	(15418, 267, 'UK048', 'BK'),
	(15419, 267, 'UK049', 'BK'),
	(15420, 267, 'UK050', 'BK'),
	(15421, 267, 'UK051', 'BK'),
	(15422, 267, 'UK052', 'BK'),
	(15423, 267, 'UK053', 'BK'),
	(15424, 267, 'UK054', 'BK'),
	(15425, 267, 'UK055', 'K'),
	(15426, 267, 'UK056', 'BK'),
	(15427, 267, 'UK057', 'BK'),
	(15428, 267, 'UK058', 'BK'),
	(15429, 268, 'UK001', 'BK'),
	(15430, 268, 'UK002', 'BK'),
	(15431, 268, 'UK003', 'K'),
	(15432, 268, 'UK004', 'BK'),
	(15433, 268, 'UK005', 'BK'),
	(15434, 268, 'UK006', 'BK'),
	(15435, 268, 'UK007', 'BK'),
	(15436, 268, 'UK008', 'K'),
	(15437, 268, 'UK009', 'BK'),
	(15438, 268, 'UK010', 'BK'),
	(15439, 268, 'UK011', 'BK'),
	(15440, 268, 'UK012', 'BK'),
	(15441, 268, 'UK013', 'BK'),
	(15442, 268, 'UK014', 'BK'),
	(15443, 268, 'UK015', 'K'),
	(15444, 268, 'UK016', 'BK'),
	(15445, 268, 'UK017', 'K'),
	(15446, 268, 'UK018', 'BK'),
	(15447, 268, 'UK019', 'K'),
	(15448, 268, 'UK020', 'BK'),
	(15449, 268, 'UK021', 'BK'),
	(15450, 268, 'UK022', 'K'),
	(15451, 268, 'UK023', 'BK'),
	(15452, 268, 'UK024', 'K'),
	(15453, 268, 'UK025', 'K'),
	(15454, 268, 'UK026', 'BK'),
	(15455, 268, 'UK027', 'BK'),
	(15456, 268, 'UK028', 'BK'),
	(15457, 268, 'UK029', 'BK'),
	(15458, 268, 'UK030', 'BK'),
	(15459, 268, 'UK031', 'BK'),
	(15460, 268, 'UK032', 'BK'),
	(15461, 268, 'UK033', 'BK'),
	(15462, 268, 'UK034', 'BK'),
	(15463, 268, 'UK035', 'K'),
	(15464, 268, 'UK036', 'K'),
	(15465, 268, 'UK037', 'K'),
	(15466, 268, 'UK038', 'BK'),
	(15467, 268, 'UK039', 'BK'),
	(15468, 268, 'UK040', 'BK'),
	(15469, 268, 'UK041', 'K'),
	(15470, 268, 'UK042', 'K'),
	(15471, 268, 'UK043', 'BK'),
	(15472, 268, 'UK044', 'BK'),
	(15473, 268, 'UK045', 'BK'),
	(15474, 268, 'UK046', 'BK'),
	(15475, 268, 'UK047', 'BK'),
	(15476, 268, 'UK048', 'BK'),
	(15477, 268, 'UK049', 'BK'),
	(15478, 268, 'UK050', 'BK'),
	(15479, 268, 'UK051', 'BK'),
	(15480, 268, 'UK052', 'BK'),
	(15481, 268, 'UK053', 'BK'),
	(15482, 268, 'UK054', 'BK'),
	(15483, 268, 'UK055', 'BK'),
	(15484, 268, 'UK056', 'BK'),
	(15485, 268, 'UK057', 'BK'),
	(15486, 268, 'UK058', 'BK'),
	(15487, 269, 'UK001', 'BK'),
	(15488, 269, 'UK002', 'BK'),
	(15489, 269, 'UK003', 'BK'),
	(15490, 269, 'UK004', 'BK'),
	(15491, 269, 'UK005', 'BK'),
	(15492, 269, 'UK006', 'BK'),
	(15493, 269, 'UK007', 'BK'),
	(15494, 269, 'UK008', 'K'),
	(15495, 269, 'UK009', 'BK'),
	(15496, 269, 'UK010', 'BK'),
	(15497, 269, 'UK011', 'BK'),
	(15498, 269, 'UK012', 'BK'),
	(15499, 269, 'UK013', 'BK'),
	(15500, 269, 'UK014', 'BK'),
	(15501, 269, 'UK015', 'BK'),
	(15502, 269, 'UK016', 'K'),
	(15503, 269, 'UK017', 'BK'),
	(15504, 269, 'UK018', 'BK'),
	(15505, 269, 'UK019', 'K'),
	(15506, 269, 'UK020', 'K'),
	(15507, 269, 'UK021', 'BK'),
	(15508, 269, 'UK022', 'BK'),
	(15509, 269, 'UK023', 'BK'),
	(15510, 269, 'UK024', 'BK'),
	(15511, 269, 'UK025', 'K'),
	(15512, 269, 'UK026', 'BK'),
	(15513, 269, 'UK027', 'BK'),
	(15514, 269, 'UK028', 'BK'),
	(15515, 269, 'UK029', 'BK'),
	(15516, 269, 'UK030', 'BK'),
	(15517, 269, 'UK031', 'BK'),
	(15518, 269, 'UK032', 'BK'),
	(15519, 269, 'UK033', 'K'),
	(15520, 269, 'UK034', 'K'),
	(15521, 269, 'UK035', 'K'),
	(15522, 269, 'UK036', 'K'),
	(15523, 269, 'UK037', 'K'),
	(15524, 269, 'UK038', 'BK'),
	(15525, 269, 'UK039', 'BK'),
	(15526, 269, 'UK040', 'K'),
	(15527, 269, 'UK041', 'BK'),
	(15528, 269, 'UK042', 'BK'),
	(15529, 269, 'UK043', 'BK'),
	(15530, 269, 'UK044', 'BK'),
	(15531, 269, 'UK045', 'BK'),
	(15532, 269, 'UK046', 'BK'),
	(15533, 269, 'UK047', 'K'),
	(15534, 269, 'UK048', 'BK'),
	(15535, 269, 'UK049', 'BK'),
	(15536, 269, 'UK050', 'BK'),
	(15537, 269, 'UK051', 'BK'),
	(15538, 269, 'UK052', 'K'),
	(15539, 269, 'UK053', 'BK'),
	(15540, 269, 'UK054', 'BK'),
	(15541, 269, 'UK055', 'BK'),
	(15542, 269, 'UK056', 'BK'),
	(15543, 269, 'UK057', 'K'),
	(15544, 269, 'UK058', 'BK'),
	(15545, 270, 'UK001', 'BK'),
	(15546, 270, 'UK002', 'BK'),
	(15547, 270, 'UK003', 'BK'),
	(15548, 270, 'UK004', 'BK'),
	(15549, 270, 'UK005', 'BK'),
	(15550, 270, 'UK006', 'BK'),
	(15551, 270, 'UK007', 'BK'),
	(15552, 270, 'UK008', 'K'),
	(15553, 270, 'UK009', 'BK'),
	(15554, 270, 'UK010', 'BK'),
	(15555, 270, 'UK011', 'BK'),
	(15556, 270, 'UK012', 'BK'),
	(15557, 270, 'UK013', 'BK'),
	(15558, 270, 'UK014', 'BK'),
	(15559, 270, 'UK015', 'BK'),
	(15560, 270, 'UK016', 'BK'),
	(15561, 270, 'UK017', 'BK'),
	(15562, 270, 'UK018', 'BK'),
	(15563, 270, 'UK019', 'K'),
	(15564, 270, 'UK020', 'BK'),
	(15565, 270, 'UK021', 'BK'),
	(15566, 270, 'UK022', 'BK'),
	(15567, 270, 'UK023', 'BK'),
	(15568, 270, 'UK024', 'BK'),
	(15569, 270, 'UK025', 'K'),
	(15570, 270, 'UK026', 'BK'),
	(15571, 270, 'UK027', 'BK'),
	(15572, 270, 'UK028', 'BK'),
	(15573, 270, 'UK029', 'BK'),
	(15574, 270, 'UK030', 'BK'),
	(15575, 270, 'UK031', 'K'),
	(15576, 270, 'UK032', 'K'),
	(15577, 270, 'UK033', 'BK'),
	(15578, 270, 'UK034', 'K'),
	(15579, 270, 'UK035', 'BK'),
	(15580, 270, 'UK036', 'BK'),
	(15581, 270, 'UK037', 'K'),
	(15582, 270, 'UK038', 'BK'),
	(15583, 270, 'UK039', 'BK'),
	(15584, 270, 'UK040', 'K'),
	(15585, 270, 'UK041', 'K'),
	(15586, 270, 'UK042', 'BK'),
	(15587, 270, 'UK043', 'BK'),
	(15588, 270, 'UK044', 'BK'),
	(15589, 270, 'UK045', 'BK'),
	(15590, 270, 'UK046', 'BK'),
	(15591, 270, 'UK047', 'BK'),
	(15592, 270, 'UK048', 'BK'),
	(15593, 270, 'UK049', 'BK'),
	(15594, 270, 'UK050', 'BK'),
	(15595, 270, 'UK051', 'BK'),
	(15596, 270, 'UK052', 'BK'),
	(15597, 270, 'UK053', 'BK'),
	(15598, 270, 'UK054', 'BK'),
	(15599, 270, 'UK055', 'BK'),
	(15600, 270, 'UK056', 'BK'),
	(15601, 270, 'UK057', 'BK'),
	(15602, 270, 'UK058', 'BK'),
	(15603, 271, 'UK001', 'BK'),
	(15604, 271, 'UK002', 'BK'),
	(15605, 271, 'UK003', 'K'),
	(15606, 271, 'UK004', 'BK'),
	(15607, 271, 'UK005', 'K'),
	(15608, 271, 'UK006', 'BK'),
	(15609, 271, 'UK007', 'BK'),
	(15610, 271, 'UK008', 'BK'),
	(15611, 271, 'UK009', 'BK'),
	(15612, 271, 'UK010', 'BK'),
	(15613, 271, 'UK011', 'BK'),
	(15614, 271, 'UK012', 'K'),
	(15615, 271, 'UK013', 'BK'),
	(15616, 271, 'UK014', 'BK'),
	(15617, 271, 'UK015', 'K'),
	(15618, 271, 'UK016', 'BK'),
	(15619, 271, 'UK017', 'K'),
	(15620, 271, 'UK018', 'BK'),
	(15621, 271, 'UK019', 'K'),
	(15622, 271, 'UK020', 'BK'),
	(15623, 271, 'UK021', 'BK'),
	(15624, 271, 'UK022', 'BK'),
	(15625, 271, 'UK023', 'BK'),
	(15626, 271, 'UK024', 'BK'),
	(15627, 271, 'UK025', 'K'),
	(15628, 271, 'UK026', 'BK'),
	(15629, 271, 'UK027', 'BK'),
	(15630, 271, 'UK028', 'K'),
	(15631, 271, 'UK029', 'BK'),
	(15632, 271, 'UK030', 'BK'),
	(15633, 271, 'UK031', 'BK'),
	(15634, 271, 'UK032', 'BK'),
	(15635, 271, 'UK033', 'BK'),
	(15636, 271, 'UK034', 'BK'),
	(15637, 271, 'UK035', 'K'),
	(15638, 271, 'UK036', 'BK'),
	(15639, 271, 'UK037', 'K'),
	(15640, 271, 'UK038', 'BK'),
	(15641, 271, 'UK039', 'K'),
	(15642, 271, 'UK040', 'BK'),
	(15643, 271, 'UK041', 'BK'),
	(15644, 271, 'UK042', 'BK'),
	(15645, 271, 'UK043', 'BK'),
	(15646, 271, 'UK044', 'BK'),
	(15647, 271, 'UK045', 'K'),
	(15648, 271, 'UK046', 'BK'),
	(15649, 271, 'UK047', 'BK'),
	(15650, 271, 'UK048', 'BK'),
	(15651, 271, 'UK049', 'K'),
	(15652, 271, 'UK050', 'BK'),
	(15653, 271, 'UK051', 'BK'),
	(15654, 271, 'UK052', 'BK'),
	(15655, 271, 'UK053', 'BK'),
	(15656, 271, 'UK054', 'BK'),
	(15657, 271, 'UK055', 'BK'),
	(15658, 271, 'UK056', 'BK'),
	(15659, 271, 'UK057', 'K'),
	(15660, 271, 'UK058', 'K'),
	(15661, 272, 'UK001', 'BK'),
	(15662, 272, 'UK002', 'K'),
	(15663, 272, 'UK003', 'BK'),
	(15664, 272, 'UK004', 'BK'),
	(15665, 272, 'UK005', 'BK'),
	(15666, 272, 'UK006', 'BK'),
	(15667, 272, 'UK007', 'K'),
	(15668, 272, 'UK008', 'K'),
	(15669, 272, 'UK009', 'BK'),
	(15670, 272, 'UK010', 'BK'),
	(15671, 272, 'UK011', 'BK'),
	(15672, 272, 'UK012', 'K'),
	(15673, 272, 'UK013', 'BK'),
	(15674, 272, 'UK014', 'BK'),
	(15675, 272, 'UK015', 'BK'),
	(15676, 272, 'UK016', 'BK'),
	(15677, 272, 'UK017', 'BK'),
	(15678, 272, 'UK018', 'BK'),
	(15679, 272, 'UK019', 'K'),
	(15680, 272, 'UK020', 'BK'),
	(15681, 272, 'UK021', 'BK'),
	(15682, 272, 'UK022', 'BK'),
	(15683, 272, 'UK023', 'BK'),
	(15684, 272, 'UK024', 'BK'),
	(15685, 272, 'UK025', 'K'),
	(15686, 272, 'UK026', 'K'),
	(15687, 272, 'UK027', 'BK'),
	(15688, 272, 'UK028', 'BK'),
	(15689, 272, 'UK029', 'BK'),
	(15690, 272, 'UK030', 'BK'),
	(15691, 272, 'UK031', 'BK'),
	(15692, 272, 'UK032', 'BK'),
	(15693, 272, 'UK033', 'BK'),
	(15694, 272, 'UK034', 'K'),
	(15695, 272, 'UK035', 'K'),
	(15696, 272, 'UK036', 'K'),
	(15697, 272, 'UK037', 'K'),
	(15698, 272, 'UK038', 'BK'),
	(15699, 272, 'UK039', 'BK'),
	(15700, 272, 'UK040', 'BK'),
	(15701, 272, 'UK041', 'BK'),
	(15702, 272, 'UK042', 'BK'),
	(15703, 272, 'UK043', 'K'),
	(15704, 272, 'UK044', 'BK'),
	(15705, 272, 'UK045', 'K'),
	(15706, 272, 'UK046', 'BK'),
	(15707, 272, 'UK047', 'BK'),
	(15708, 272, 'UK048', 'BK'),
	(15709, 272, 'UK049', 'BK'),
	(15710, 272, 'UK050', 'BK'),
	(15711, 272, 'UK051', 'BK'),
	(15712, 272, 'UK052', 'BK'),
	(15713, 272, 'UK053', 'K'),
	(15714, 272, 'UK054', 'BK'),
	(15715, 272, 'UK055', 'BK'),
	(15716, 272, 'UK056', 'BK'),
	(15717, 272, 'UK057', 'BK'),
	(15718, 272, 'UK058', 'BK'),
	(15719, 273, 'UK001', 'BK'),
	(15720, 273, 'UK002', 'BK'),
	(15721, 273, 'UK003', 'BK'),
	(15722, 273, 'UK004', 'BK'),
	(15723, 273, 'UK005', 'BK'),
	(15724, 273, 'UK006', 'BK'),
	(15725, 273, 'UK007', 'K'),
	(15726, 273, 'UK008', 'BK'),
	(15727, 273, 'UK009', 'BK'),
	(15728, 273, 'UK010', 'BK'),
	(15729, 273, 'UK011', 'K'),
	(15730, 273, 'UK012', 'BK'),
	(15731, 273, 'UK013', 'BK'),
	(15732, 273, 'UK014', 'K'),
	(15733, 273, 'UK015', 'BK'),
	(15734, 273, 'UK016', 'BK'),
	(15735, 273, 'UK017', 'BK'),
	(15736, 273, 'UK018', 'BK'),
	(15737, 273, 'UK019', 'K'),
	(15738, 273, 'UK020', 'K'),
	(15739, 273, 'UK021', 'K'),
	(15740, 273, 'UK022', 'BK'),
	(15741, 273, 'UK023', 'BK'),
	(15742, 273, 'UK024', 'BK'),
	(15743, 273, 'UK025', 'K'),
	(15744, 273, 'UK026', 'BK'),
	(15745, 273, 'UK027', 'BK'),
	(15746, 273, 'UK028', 'BK'),
	(15747, 273, 'UK029', 'BK'),
	(15748, 273, 'UK030', 'K'),
	(15749, 273, 'UK031', 'BK'),
	(15750, 273, 'UK032', 'K'),
	(15751, 273, 'UK033', 'BK'),
	(15752, 273, 'UK034', 'K'),
	(15753, 273, 'UK035', 'BK'),
	(15754, 273, 'UK036', 'K'),
	(15755, 273, 'UK037', 'K'),
	(15756, 273, 'UK038', 'BK'),
	(15757, 273, 'UK039', 'BK'),
	(15758, 273, 'UK040', 'BK'),
	(15759, 273, 'UK041', 'BK'),
	(15760, 273, 'UK042', 'K'),
	(15761, 273, 'UK043', 'BK'),
	(15762, 273, 'UK044', 'BK'),
	(15763, 273, 'UK045', 'BK'),
	(15764, 273, 'UK046', 'BK'),
	(15765, 273, 'UK047', 'BK'),
	(15766, 273, 'UK048', 'BK'),
	(15767, 273, 'UK049', 'K'),
	(15768, 273, 'UK050', 'BK'),
	(15769, 273, 'UK051', 'BK'),
	(15770, 273, 'UK052', 'K'),
	(15771, 273, 'UK053', 'BK'),
	(15772, 273, 'UK054', 'BK'),
	(15773, 273, 'UK055', 'BK'),
	(15774, 273, 'UK056', 'BK'),
	(15775, 273, 'UK057', 'K'),
	(15776, 273, 'UK058', 'K'),
	(15777, 274, 'UK001', 'BK'),
	(15778, 274, 'UK002', 'BK'),
	(15779, 274, 'UK003', 'K'),
	(15780, 274, 'UK004', 'BK'),
	(15781, 274, 'UK005', 'BK'),
	(15782, 274, 'UK006', 'BK'),
	(15783, 274, 'UK007', 'BK'),
	(15784, 274, 'UK008', 'BK'),
	(15785, 274, 'UK009', 'BK'),
	(15786, 274, 'UK010', 'BK'),
	(15787, 274, 'UK011', 'K'),
	(15788, 274, 'UK012', 'BK'),
	(15789, 274, 'UK013', 'K'),
	(15790, 274, 'UK014', 'BK'),
	(15791, 274, 'UK015', 'K'),
	(15792, 274, 'UK016', 'BK'),
	(15793, 274, 'UK017', 'BK'),
	(15794, 274, 'UK018', 'BK'),
	(15795, 274, 'UK019', 'K'),
	(15796, 274, 'UK020', 'BK'),
	(15797, 274, 'UK021', 'K'),
	(15798, 274, 'UK022', 'BK'),
	(15799, 274, 'UK023', 'BK'),
	(15800, 274, 'UK024', 'BK'),
	(15801, 274, 'UK025', 'BK'),
	(15802, 274, 'UK026', 'BK'),
	(15803, 274, 'UK027', 'BK'),
	(15804, 274, 'UK028', 'K'),
	(15805, 274, 'UK029', 'BK'),
	(15806, 274, 'UK030', 'BK'),
	(15807, 274, 'UK031', 'BK'),
	(15808, 274, 'UK032', 'BK'),
	(15809, 274, 'UK033', 'BK'),
	(15810, 274, 'UK034', 'K'),
	(15811, 274, 'UK035', 'K'),
	(15812, 274, 'UK036', 'K'),
	(15813, 274, 'UK037', 'K'),
	(15814, 274, 'UK038', 'BK'),
	(15815, 274, 'UK039', 'BK'),
	(15816, 274, 'UK040', 'BK'),
	(15817, 274, 'UK041', 'BK'),
	(15818, 274, 'UK042', 'BK'),
	(15819, 274, 'UK043', 'BK'),
	(15820, 274, 'UK044', 'BK'),
	(15821, 274, 'UK045', 'K'),
	(15822, 274, 'UK046', 'K'),
	(15823, 274, 'UK047', 'BK'),
	(15824, 274, 'UK048', 'BK'),
	(15825, 274, 'UK049', 'BK'),
	(15826, 274, 'UK050', 'BK'),
	(15827, 274, 'UK051', 'BK'),
	(15828, 274, 'UK052', 'BK'),
	(15829, 274, 'UK053', 'BK'),
	(15830, 274, 'UK054', 'BK'),
	(15831, 274, 'UK055', 'BK'),
	(15832, 274, 'UK056', 'BK'),
	(15833, 274, 'UK057', 'BK'),
	(15834, 274, 'UK058', 'BK'),
	(15835, 275, 'UK001', 'BK'),
	(15836, 275, 'UK002', 'BK'),
	(15837, 275, 'UK003', 'K'),
	(15838, 275, 'UK004', 'BK'),
	(15839, 275, 'UK005', 'BK'),
	(15840, 275, 'UK006', 'BK'),
	(15841, 275, 'UK007', 'BK'),
	(15842, 275, 'UK008', 'K'),
	(15843, 275, 'UK009', 'BK'),
	(15844, 275, 'UK010', 'K'),
	(15845, 275, 'UK011', 'BK'),
	(15846, 275, 'UK012', 'K'),
	(15847, 275, 'UK013', 'BK'),
	(15848, 275, 'UK014', 'BK'),
	(15849, 275, 'UK015', 'K'),
	(15850, 275, 'UK016', 'BK'),
	(15851, 275, 'UK017', 'BK'),
	(15852, 275, 'UK018', 'BK'),
	(15853, 275, 'UK019', 'BK'),
	(15854, 275, 'UK020', 'K'),
	(15855, 275, 'UK021', 'K'),
	(15856, 275, 'UK022', 'K'),
	(15857, 275, 'UK023', 'BK'),
	(15858, 275, 'UK024', 'BK'),
	(15859, 275, 'UK025', 'BK'),
	(15860, 275, 'UK026', 'BK'),
	(15861, 275, 'UK027', 'BK'),
	(15862, 275, 'UK028', 'BK'),
	(15863, 275, 'UK029', 'BK'),
	(15864, 275, 'UK030', 'BK'),
	(15865, 275, 'UK031', 'BK'),
	(15866, 275, 'UK032', 'BK'),
	(15867, 275, 'UK033', 'BK'),
	(15868, 275, 'UK034', 'K'),
	(15869, 275, 'UK035', 'K'),
	(15870, 275, 'UK036', 'K'),
	(15871, 275, 'UK037', 'K'),
	(15872, 275, 'UK038', 'K'),
	(15873, 275, 'UK039', 'BK'),
	(15874, 275, 'UK040', 'BK'),
	(15875, 275, 'UK041', 'BK'),
	(15876, 275, 'UK042', 'BK'),
	(15877, 275, 'UK043', 'BK'),
	(15878, 275, 'UK044', 'K'),
	(15879, 275, 'UK045', 'BK'),
	(15880, 275, 'UK046', 'BK'),
	(15881, 275, 'UK047', 'BK'),
	(15882, 275, 'UK048', 'BK'),
	(15883, 275, 'UK049', 'BK'),
	(15884, 275, 'UK050', 'BK'),
	(15885, 275, 'UK051', 'BK'),
	(15886, 275, 'UK052', 'BK'),
	(15887, 275, 'UK053', 'BK'),
	(15888, 275, 'UK054', 'BK'),
	(15889, 275, 'UK055', 'BK'),
	(15890, 275, 'UK056', 'BK'),
	(15891, 275, 'UK057', 'K'),
	(15892, 275, 'UK058', 'K'),
	(15893, 276, 'UK001', 'BK'),
	(15894, 276, 'UK002', 'BK'),
	(15895, 276, 'UK003', 'BK'),
	(15896, 276, 'UK004', 'BK'),
	(15897, 276, 'UK005', 'BK'),
	(15898, 276, 'UK006', 'BK'),
	(15899, 276, 'UK007', 'BK'),
	(15900, 276, 'UK008', 'K'),
	(15901, 276, 'UK009', 'BK'),
	(15902, 276, 'UK010', 'BK'),
	(15903, 276, 'UK011', 'BK'),
	(15904, 276, 'UK012', 'BK'),
	(15905, 276, 'UK013', 'BK'),
	(15906, 276, 'UK014', 'K'),
	(15907, 276, 'UK015', 'K'),
	(15908, 276, 'UK016', 'K'),
	(15909, 276, 'UK017', 'BK'),
	(15910, 276, 'UK018', 'BK'),
	(15911, 276, 'UK019', 'K'),
	(15912, 276, 'UK020', 'BK'),
	(15913, 276, 'UK021', 'BK'),
	(15914, 276, 'UK022', 'BK'),
	(15915, 276, 'UK023', 'BK'),
	(15916, 276, 'UK024', 'BK'),
	(15917, 276, 'UK025', 'K'),
	(15918, 276, 'UK026', 'BK'),
	(15919, 276, 'UK027', 'BK'),
	(15920, 276, 'UK028', 'BK'),
	(15921, 276, 'UK029', 'BK'),
	(15922, 276, 'UK030', 'BK'),
	(15923, 276, 'UK031', 'BK'),
	(15924, 276, 'UK032', 'BK'),
	(15925, 276, 'UK033', 'BK'),
	(15926, 276, 'UK034', 'K'),
	(15927, 276, 'UK035', 'K'),
	(15928, 276, 'UK036', 'K'),
	(15929, 276, 'UK037', 'K'),
	(15930, 276, 'UK038', 'K'),
	(15931, 276, 'UK039', 'BK'),
	(15932, 276, 'UK040', 'BK'),
	(15933, 276, 'UK041', 'BK'),
	(15934, 276, 'UK042', 'BK'),
	(15935, 276, 'UK043', 'BK'),
	(15936, 276, 'UK044', 'BK'),
	(15937, 276, 'UK045', 'BK'),
	(15938, 276, 'UK046', 'BK'),
	(15939, 276, 'UK047', 'BK'),
	(15940, 276, 'UK048', 'BK'),
	(15941, 276, 'UK049', 'BK'),
	(15942, 276, 'UK050', 'BK'),
	(15943, 276, 'UK051', 'BK'),
	(15944, 276, 'UK052', 'BK'),
	(15945, 276, 'UK053', 'BK'),
	(15946, 276, 'UK054', 'K'),
	(15947, 276, 'UK055', 'BK'),
	(15948, 276, 'UK056', 'BK'),
	(15949, 276, 'UK057', 'BK'),
	(15950, 276, 'UK058', 'BK'),
	(15951, 277, 'UK001', 'BK'),
	(15952, 277, 'UK002', 'BK'),
	(15953, 277, 'UK003', 'BK'),
	(15954, 277, 'UK004', 'BK'),
	(15955, 277, 'UK005', 'K'),
	(15956, 277, 'UK006', 'K'),
	(15957, 277, 'UK007', 'BK'),
	(15958, 277, 'UK008', 'K'),
	(15959, 277, 'UK009', 'BK'),
	(15960, 277, 'UK010', 'BK'),
	(15961, 277, 'UK011', 'BK'),
	(15962, 277, 'UK012', 'BK'),
	(15963, 277, 'UK013', 'BK'),
	(15964, 277, 'UK014', 'K'),
	(15965, 277, 'UK015', 'BK'),
	(15966, 277, 'UK016', 'BK'),
	(15967, 277, 'UK017', 'K'),
	(15968, 277, 'UK018', 'BK'),
	(15969, 277, 'UK019', 'BK'),
	(15970, 277, 'UK020', 'K'),
	(15971, 277, 'UK021', 'K'),
	(15972, 277, 'UK022', 'BK'),
	(15973, 277, 'UK023', 'BK'),
	(15974, 277, 'UK024', 'BK'),
	(15975, 277, 'UK025', 'K'),
	(15976, 277, 'UK026', 'BK'),
	(15977, 277, 'UK027', 'BK'),
	(15978, 277, 'UK028', 'BK'),
	(15979, 277, 'UK029', 'K'),
	(15980, 277, 'UK030', 'BK'),
	(15981, 277, 'UK031', 'BK'),
	(15982, 277, 'UK032', 'BK'),
	(15983, 277, 'UK033', 'BK'),
	(15984, 277, 'UK034', 'K'),
	(15985, 277, 'UK035', 'K'),
	(15986, 277, 'UK036', 'K'),
	(15987, 277, 'UK037', 'K'),
	(15988, 277, 'UK038', 'BK'),
	(15989, 277, 'UK039', 'BK'),
	(15990, 277, 'UK040', 'BK'),
	(15991, 277, 'UK041', 'K'),
	(15992, 277, 'UK042', 'BK'),
	(15993, 277, 'UK043', 'BK'),
	(15994, 277, 'UK044', 'BK'),
	(15995, 277, 'UK045', 'K'),
	(15996, 277, 'UK046', 'BK'),
	(15997, 277, 'UK047', 'BK'),
	(15998, 277, 'UK048', 'BK'),
	(15999, 277, 'UK049', 'BK'),
	(16000, 277, 'UK050', 'BK'),
	(16001, 277, 'UK051', 'BK'),
	(16002, 277, 'UK052', 'BK'),
	(16003, 277, 'UK053', 'BK'),
	(16004, 277, 'UK054', 'BK'),
	(16005, 277, 'UK055', 'BK'),
	(16006, 277, 'UK056', 'BK'),
	(16007, 277, 'UK057', 'BK'),
	(16008, 277, 'UK058', 'BK'),
	(16009, 278, 'UK001', 'BK'),
	(16010, 278, 'UK002', 'BK'),
	(16011, 278, 'UK003', 'BK'),
	(16012, 278, 'UK004', 'BK'),
	(16013, 278, 'UK005', 'BK'),
	(16014, 278, 'UK006', 'BK'),
	(16015, 278, 'UK007', 'K'),
	(16016, 278, 'UK008', 'BK'),
	(16017, 278, 'UK009', 'BK'),
	(16018, 278, 'UK010', 'BK'),
	(16019, 278, 'UK011', 'BK'),
	(16020, 278, 'UK012', 'BK'),
	(16021, 278, 'UK013', 'BK'),
	(16022, 278, 'UK014', 'K'),
	(16023, 278, 'UK015', 'BK'),
	(16024, 278, 'UK016', 'BK'),
	(16025, 278, 'UK017', 'K'),
	(16026, 278, 'UK018', 'BK'),
	(16027, 278, 'UK019', 'BK'),
	(16028, 278, 'UK020', 'BK'),
	(16029, 278, 'UK021', 'BK'),
	(16030, 278, 'UK022', 'BK'),
	(16031, 278, 'UK023', 'BK'),
	(16032, 278, 'UK024', 'BK'),
	(16033, 278, 'UK025', 'BK'),
	(16034, 278, 'UK026', 'BK'),
	(16035, 278, 'UK027', 'K'),
	(16036, 278, 'UK028', 'BK'),
	(16037, 278, 'UK029', 'BK'),
	(16038, 278, 'UK030', 'BK'),
	(16039, 278, 'UK031', 'BK'),
	(16040, 278, 'UK032', 'BK'),
	(16041, 278, 'UK033', 'BK'),
	(16042, 278, 'UK034', 'BK'),
	(16043, 278, 'UK035', 'BK'),
	(16044, 278, 'UK036', 'BK'),
	(16045, 278, 'UK037', 'BK'),
	(16046, 278, 'UK038', 'K'),
	(16047, 278, 'UK039', 'BK'),
	(16048, 278, 'UK040', 'K'),
	(16049, 278, 'UK041', 'K'),
	(16050, 278, 'UK042', 'K'),
	(16051, 278, 'UK043', 'BK'),
	(16052, 278, 'UK044', 'K'),
	(16053, 278, 'UK045', 'K'),
	(16054, 278, 'UK046', 'K'),
	(16055, 278, 'UK047', 'K'),
	(16056, 278, 'UK048', 'BK'),
	(16057, 278, 'UK049', 'K'),
	(16058, 278, 'UK050', 'BK'),
	(16059, 278, 'UK051', 'BK'),
	(16060, 278, 'UK052', 'BK'),
	(16061, 278, 'UK053', 'BK'),
	(16062, 278, 'UK054', 'BK'),
	(16063, 278, 'UK055', 'BK'),
	(16064, 278, 'UK056', 'K'),
	(16065, 278, 'UK057', 'K'),
	(16066, 278, 'UK058', 'K'),
	(16067, 279, 'UK001', 'BK'),
	(16068, 279, 'UK002', 'BK'),
	(16069, 279, 'UK003', 'BK'),
	(16070, 279, 'UK004', 'BK'),
	(16071, 279, 'UK005', 'BK'),
	(16072, 279, 'UK006', 'BK'),
	(16073, 279, 'UK007', 'BK'),
	(16074, 279, 'UK008', 'BK'),
	(16075, 279, 'UK009', 'BK'),
	(16076, 279, 'UK010', 'BK'),
	(16077, 279, 'UK011', 'BK'),
	(16078, 279, 'UK012', 'BK'),
	(16079, 279, 'UK013', 'K'),
	(16080, 279, 'UK014', 'BK'),
	(16081, 279, 'UK015', 'BK'),
	(16082, 279, 'UK016', 'BK'),
	(16083, 279, 'UK017', 'BK'),
	(16084, 279, 'UK018', 'K'),
	(16085, 279, 'UK019', 'BK'),
	(16086, 279, 'UK020', 'K'),
	(16087, 279, 'UK021', 'BK'),
	(16088, 279, 'UK022', 'K'),
	(16089, 279, 'UK023', 'BK'),
	(16090, 279, 'UK024', 'BK'),
	(16091, 279, 'UK025', 'BK'),
	(16092, 279, 'UK026', 'K'),
	(16093, 279, 'UK027', 'BK'),
	(16094, 279, 'UK028', 'BK'),
	(16095, 279, 'UK029', 'BK'),
	(16096, 279, 'UK030', 'BK'),
	(16097, 279, 'UK031', 'BK'),
	(16098, 279, 'UK032', 'BK'),
	(16099, 279, 'UK033', 'BK'),
	(16100, 279, 'UK034', 'BK'),
	(16101, 279, 'UK035', 'K'),
	(16102, 279, 'UK036', 'BK'),
	(16103, 279, 'UK037', 'BK'),
	(16104, 279, 'UK038', 'BK'),
	(16105, 279, 'UK039', 'BK'),
	(16106, 279, 'UK040', 'BK'),
	(16107, 279, 'UK041', 'K'),
	(16108, 279, 'UK042', 'K'),
	(16109, 279, 'UK043', 'BK'),
	(16110, 279, 'UK044', 'BK'),
	(16111, 279, 'UK045', 'K'),
	(16112, 279, 'UK046', 'BK'),
	(16113, 279, 'UK047', 'K'),
	(16114, 279, 'UK048', 'BK'),
	(16115, 279, 'UK049', 'BK'),
	(16116, 279, 'UK050', 'BK'),
	(16117, 279, 'UK051', 'BK'),
	(16118, 279, 'UK052', 'BK'),
	(16119, 279, 'UK053', 'BK'),
	(16120, 279, 'UK054', 'BK'),
	(16121, 279, 'UK055', 'BK'),
	(16122, 279, 'UK056', 'BK'),
	(16123, 279, 'UK057', 'K'),
	(16124, 279, 'UK058', 'K'),
	(16125, 280, 'UK001', 'BK'),
	(16126, 280, 'UK002', 'BK'),
	(16127, 280, 'UK003', 'BK'),
	(16128, 280, 'UK004', 'BK'),
	(16129, 280, 'UK005', 'BK'),
	(16130, 280, 'UK006', 'BK'),
	(16131, 280, 'UK007', 'BK'),
	(16132, 280, 'UK008', 'BK'),
	(16133, 280, 'UK009', 'K'),
	(16134, 280, 'UK010', 'BK'),
	(16135, 280, 'UK011', 'BK'),
	(16136, 280, 'UK012', 'BK'),
	(16137, 280, 'UK013', 'K'),
	(16138, 280, 'UK014', 'BK'),
	(16139, 280, 'UK015', 'BK'),
	(16140, 280, 'UK016', 'BK'),
	(16141, 280, 'UK017', 'BK'),
	(16142, 280, 'UK018', 'BK'),
	(16143, 280, 'UK019', 'BK'),
	(16144, 280, 'UK020', 'K'),
	(16145, 280, 'UK021', 'BK'),
	(16146, 280, 'UK022', 'BK'),
	(16147, 280, 'UK023', 'BK'),
	(16148, 280, 'UK024', 'BK'),
	(16149, 280, 'UK025', 'BK'),
	(16150, 280, 'UK026', 'BK'),
	(16151, 280, 'UK027', 'BK'),
	(16152, 280, 'UK028', 'BK'),
	(16153, 280, 'UK029', 'BK'),
	(16154, 280, 'UK030', 'BK'),
	(16155, 280, 'UK031', 'BK'),
	(16156, 280, 'UK032', 'BK'),
	(16157, 280, 'UK033', 'BK'),
	(16158, 280, 'UK034', 'BK'),
	(16159, 280, 'UK035', 'BK'),
	(16160, 280, 'UK036', 'BK'),
	(16161, 280, 'UK037', 'BK'),
	(16162, 280, 'UK038', 'BK'),
	(16163, 280, 'UK039', 'BK'),
	(16164, 280, 'UK040', 'K'),
	(16165, 280, 'UK041', 'BK'),
	(16166, 280, 'UK042', 'K'),
	(16167, 280, 'UK043', 'BK'),
	(16168, 280, 'UK044', 'BK'),
	(16169, 280, 'UK045', 'BK'),
	(16170, 280, 'UK046', 'K'),
	(16171, 280, 'UK047', 'K'),
	(16172, 280, 'UK048', 'BK'),
	(16173, 280, 'UK049', 'BK'),
	(16174, 280, 'UK050', 'BK'),
	(16175, 280, 'UK051', 'BK'),
	(16176, 280, 'UK052', 'BK'),
	(16177, 280, 'UK053', 'BK'),
	(16178, 280, 'UK054', 'K'),
	(16179, 280, 'UK055', 'K'),
	(16180, 280, 'UK056', 'BK'),
	(16181, 280, 'UK057', 'K'),
	(16182, 280, 'UK058', 'K'),
	(16183, 281, 'UK001', 'BK'),
	(16184, 281, 'UK002', 'BK'),
	(16185, 281, 'UK003', 'BK'),
	(16186, 281, 'UK004', 'BK'),
	(16187, 281, 'UK005', 'BK'),
	(16188, 281, 'UK006', 'BK'),
	(16189, 281, 'UK007', 'BK'),
	(16190, 281, 'UK008', 'K'),
	(16191, 281, 'UK009', 'BK'),
	(16192, 281, 'UK010', 'BK'),
	(16193, 281, 'UK011', 'BK'),
	(16194, 281, 'UK012', 'BK'),
	(16195, 281, 'UK013', 'K'),
	(16196, 281, 'UK014', 'BK'),
	(16197, 281, 'UK015', 'BK'),
	(16198, 281, 'UK016', 'BK'),
	(16199, 281, 'UK017', 'BK'),
	(16200, 281, 'UK018', 'BK'),
	(16201, 281, 'UK019', 'K'),
	(16202, 281, 'UK020', 'K'),
	(16203, 281, 'UK021', 'BK'),
	(16204, 281, 'UK022', 'K'),
	(16205, 281, 'UK023', 'K'),
	(16206, 281, 'UK024', 'BK'),
	(16207, 281, 'UK025', 'BK'),
	(16208, 281, 'UK026', 'BK'),
	(16209, 281, 'UK027', 'BK'),
	(16210, 281, 'UK028', 'K'),
	(16211, 281, 'UK029', 'BK'),
	(16212, 281, 'UK030', 'BK'),
	(16213, 281, 'UK031', 'BK'),
	(16214, 281, 'UK032', 'BK'),
	(16215, 281, 'UK033', 'BK'),
	(16216, 281, 'UK034', 'BK'),
	(16217, 281, 'UK035', 'K'),
	(16218, 281, 'UK036', 'BK'),
	(16219, 281, 'UK037', 'K'),
	(16220, 281, 'UK038', 'BK'),
	(16221, 281, 'UK039', 'K'),
	(16222, 281, 'UK040', 'BK'),
	(16223, 281, 'UK041', 'K'),
	(16224, 281, 'UK042', 'K'),
	(16225, 281, 'UK043', 'BK'),
	(16226, 281, 'UK044', 'BK'),
	(16227, 281, 'UK045', 'K'),
	(16228, 281, 'UK046', 'K'),
	(16229, 281, 'UK047', 'K'),
	(16230, 281, 'UK048', 'K'),
	(16231, 281, 'UK049', 'BK'),
	(16232, 281, 'UK050', 'BK'),
	(16233, 281, 'UK051', 'BK'),
	(16234, 281, 'UK052', 'BK'),
	(16235, 281, 'UK053', 'BK'),
	(16236, 281, 'UK054', 'K'),
	(16237, 281, 'UK055', 'BK'),
	(16238, 281, 'UK056', 'K'),
	(16239, 281, 'UK057', 'K'),
	(16240, 281, 'UK058', 'BK'),
	(16241, 282, 'UK001', 'BK'),
	(16242, 282, 'UK002', 'BK'),
	(16243, 282, 'UK003', 'BK'),
	(16244, 282, 'UK004', 'BK'),
	(16245, 282, 'UK005', 'BK'),
	(16246, 282, 'UK006', 'BK'),
	(16247, 282, 'UK007', 'BK'),
	(16248, 282, 'UK008', 'BK'),
	(16249, 282, 'UK009', 'BK'),
	(16250, 282, 'UK010', 'K'),
	(16251, 282, 'UK011', 'BK'),
	(16252, 282, 'UK012', 'BK'),
	(16253, 282, 'UK013', 'BK'),
	(16254, 282, 'UK014', 'BK'),
	(16255, 282, 'UK015', 'BK'),
	(16256, 282, 'UK016', 'BK'),
	(16257, 282, 'UK017', 'BK'),
	(16258, 282, 'UK018', 'BK'),
	(16259, 282, 'UK019', 'BK'),
	(16260, 282, 'UK020', 'K'),
	(16261, 282, 'UK021', 'BK'),
	(16262, 282, 'UK022', 'BK'),
	(16263, 282, 'UK023', 'BK'),
	(16264, 282, 'UK024', 'K'),
	(16265, 282, 'UK025', 'BK'),
	(16266, 282, 'UK026', 'K'),
	(16267, 282, 'UK027', 'BK'),
	(16268, 282, 'UK028', 'K'),
	(16269, 282, 'UK029', 'BK'),
	(16270, 282, 'UK030', 'K'),
	(16271, 282, 'UK031', 'BK'),
	(16272, 282, 'UK032', 'BK'),
	(16273, 282, 'UK033', 'BK'),
	(16274, 282, 'UK034', 'BK'),
	(16275, 282, 'UK035', 'BK'),
	(16276, 282, 'UK036', 'BK'),
	(16277, 282, 'UK037', 'BK'),
	(16278, 282, 'UK038', 'K'),
	(16279, 282, 'UK039', 'BK'),
	(16280, 282, 'UK040', 'K'),
	(16281, 282, 'UK041', 'BK'),
	(16282, 282, 'UK042', 'K'),
	(16283, 282, 'UK043', 'BK'),
	(16284, 282, 'UK044', 'BK'),
	(16285, 282, 'UK045', 'K'),
	(16286, 282, 'UK046', 'K'),
	(16287, 282, 'UK047', 'K'),
	(16288, 282, 'UK048', 'BK'),
	(16289, 282, 'UK049', 'BK'),
	(16290, 282, 'UK050', 'K'),
	(16291, 282, 'UK051', 'BK'),
	(16292, 282, 'UK052', 'K'),
	(16293, 282, 'UK053', 'BK'),
	(16294, 282, 'UK054', 'K'),
	(16295, 282, 'UK055', 'BK'),
	(16296, 282, 'UK056', 'BK'),
	(16297, 282, 'UK057', 'K'),
	(16298, 282, 'UK058', 'K'),
	(16299, 283, 'UK001', 'BK'),
	(16300, 283, 'UK002', 'BK'),
	(16301, 283, 'UK003', 'BK'),
	(16302, 283, 'UK004', 'BK'),
	(16303, 283, 'UK005', 'BK'),
	(16304, 283, 'UK006', 'K'),
	(16305, 283, 'UK007', 'BK'),
	(16306, 283, 'UK008', 'BK'),
	(16307, 283, 'UK009', 'BK'),
	(16308, 283, 'UK010', 'BK'),
	(16309, 283, 'UK011', 'BK'),
	(16310, 283, 'UK012', 'BK'),
	(16311, 283, 'UK013', 'K'),
	(16312, 283, 'UK014', 'BK'),
	(16313, 283, 'UK015', 'BK'),
	(16314, 283, 'UK016', 'BK'),
	(16315, 283, 'UK017', 'K'),
	(16316, 283, 'UK018', 'BK'),
	(16317, 283, 'UK019', 'BK'),
	(16318, 283, 'UK020', 'BK'),
	(16319, 283, 'UK021', 'BK'),
	(16320, 283, 'UK022', 'BK'),
	(16321, 283, 'UK023', 'BK'),
	(16322, 283, 'UK024', 'BK'),
	(16323, 283, 'UK025', 'BK'),
	(16324, 283, 'UK026', 'K'),
	(16325, 283, 'UK027', 'K'),
	(16326, 283, 'UK028', 'BK'),
	(16327, 283, 'UK029', 'K'),
	(16328, 283, 'UK030', 'BK'),
	(16329, 283, 'UK031', 'BK'),
	(16330, 283, 'UK032', 'BK'),
	(16331, 283, 'UK033', 'K'),
	(16332, 283, 'UK034', 'BK'),
	(16333, 283, 'UK035', 'K'),
	(16334, 283, 'UK036', 'BK'),
	(16335, 283, 'UK037', 'BK'),
	(16336, 283, 'UK038', 'K'),
	(16337, 283, 'UK039', 'BK'),
	(16338, 283, 'UK040', 'K'),
	(16339, 283, 'UK041', 'BK'),
	(16340, 283, 'UK042', 'K'),
	(16341, 283, 'UK043', 'BK'),
	(16342, 283, 'UK044', 'BK'),
	(16343, 283, 'UK045', 'K'),
	(16344, 283, 'UK046', 'K'),
	(16345, 283, 'UK047', 'BK'),
	(16346, 283, 'UK048', 'BK'),
	(16347, 283, 'UK049', 'BK'),
	(16348, 283, 'UK050', 'BK'),
	(16349, 283, 'UK051', 'BK'),
	(16350, 283, 'UK052', 'BK'),
	(16351, 283, 'UK053', 'K'),
	(16352, 283, 'UK054', 'BK'),
	(16353, 283, 'UK055', 'BK'),
	(16354, 283, 'UK056', 'BK'),
	(16355, 283, 'UK057', 'K'),
	(16356, 283, 'UK058', 'K'),
	(16357, 284, 'UK001', 'K'),
	(16358, 284, 'UK002', 'BK'),
	(16359, 284, 'UK003', 'BK'),
	(16360, 284, 'UK004', 'BK'),
	(16361, 284, 'UK005', 'BK'),
	(16362, 284, 'UK006', 'BK'),
	(16363, 284, 'UK007', 'BK'),
	(16364, 284, 'UK008', 'K'),
	(16365, 284, 'UK009', 'BK'),
	(16366, 284, 'UK010', 'BK'),
	(16367, 284, 'UK011', 'BK'),
	(16368, 284, 'UK012', 'BK'),
	(16369, 284, 'UK013', 'BK'),
	(16370, 284, 'UK014', 'BK'),
	(16371, 284, 'UK015', 'BK'),
	(16372, 284, 'UK016', 'BK'),
	(16373, 284, 'UK017', 'BK'),
	(16374, 284, 'UK018', 'BK'),
	(16375, 284, 'UK019', 'BK'),
	(16376, 284, 'UK020', 'BK'),
	(16377, 284, 'UK021', 'K'),
	(16378, 284, 'UK022', 'BK'),
	(16379, 284, 'UK023', 'K'),
	(16380, 284, 'UK024', 'BK'),
	(16381, 284, 'UK025', 'BK'),
	(16382, 284, 'UK026', 'BK'),
	(16383, 284, 'UK027', 'BK'),
	(16384, 284, 'UK028', 'BK'),
	(16385, 284, 'UK029', 'K'),
	(16386, 284, 'UK030', 'BK'),
	(16387, 284, 'UK031', 'BK'),
	(16388, 284, 'UK032', 'BK'),
	(16389, 284, 'UK033', 'BK'),
	(16390, 284, 'UK034', 'BK'),
	(16391, 284, 'UK035', 'BK'),
	(16392, 284, 'UK036', 'BK'),
	(16393, 284, 'UK037', 'BK'),
	(16394, 284, 'UK038', 'BK'),
	(16395, 284, 'UK039', 'BK'),
	(16396, 284, 'UK040', 'K'),
	(16397, 284, 'UK041', 'BK'),
	(16398, 284, 'UK042', 'K'),
	(16399, 284, 'UK043', 'BK'),
	(16400, 284, 'UK044', 'BK'),
	(16401, 284, 'UK045', 'K'),
	(16402, 284, 'UK046', 'K'),
	(16403, 284, 'UK047', 'K'),
	(16404, 284, 'UK048', 'K'),
	(16405, 284, 'UK049', 'K'),
	(16406, 284, 'UK050', 'BK'),
	(16407, 284, 'UK051', 'K'),
	(16408, 284, 'UK052', 'BK'),
	(16409, 284, 'UK053', 'BK'),
	(16410, 284, 'UK054', 'K'),
	(16411, 284, 'UK055', 'BK'),
	(16412, 284, 'UK056', 'K'),
	(16413, 284, 'UK057', 'K'),
	(16414, 284, 'UK058', 'K'),
	(16415, 285, 'UK001', 'BK'),
	(16416, 285, 'UK002', 'BK'),
	(16417, 285, 'UK003', 'BK'),
	(16418, 285, 'UK004', 'BK'),
	(16419, 285, 'UK005', 'K'),
	(16420, 285, 'UK006', 'BK'),
	(16421, 285, 'UK007', 'K'),
	(16422, 285, 'UK008', 'BK'),
	(16423, 285, 'UK009', 'BK'),
	(16424, 285, 'UK010', 'BK'),
	(16425, 285, 'UK011', 'BK'),
	(16426, 285, 'UK012', 'BK'),
	(16427, 285, 'UK013', 'BK'),
	(16428, 285, 'UK014', 'BK'),
	(16429, 285, 'UK015', 'BK'),
	(16430, 285, 'UK016', 'BK'),
	(16431, 285, 'UK017', 'BK'),
	(16432, 285, 'UK018', 'BK'),
	(16433, 285, 'UK019', 'BK'),
	(16434, 285, 'UK020', 'BK'),
	(16435, 285, 'UK021', 'BK'),
	(16436, 285, 'UK022', 'BK'),
	(16437, 285, 'UK023', 'BK'),
	(16438, 285, 'UK024', 'K'),
	(16439, 285, 'UK025', 'BK'),
	(16440, 285, 'UK026', 'BK'),
	(16441, 285, 'UK027', 'BK'),
	(16442, 285, 'UK028', 'BK'),
	(16443, 285, 'UK029', 'BK'),
	(16444, 285, 'UK030', 'BK'),
	(16445, 285, 'UK031', 'BK'),
	(16446, 285, 'UK032', 'K'),
	(16447, 285, 'UK033', 'BK'),
	(16448, 285, 'UK034', 'BK'),
	(16449, 285, 'UK035', 'K'),
	(16450, 285, 'UK036', 'BK'),
	(16451, 285, 'UK037', 'K'),
	(16452, 285, 'UK038', 'BK'),
	(16453, 285, 'UK039', 'K'),
	(16454, 285, 'UK040', 'K'),
	(16455, 285, 'UK041', 'BK'),
	(16456, 285, 'UK042', 'BK'),
	(16457, 285, 'UK043', 'BK'),
	(16458, 285, 'UK044', 'BK'),
	(16459, 285, 'UK045', 'BK'),
	(16460, 285, 'UK046', 'K'),
	(16461, 285, 'UK047', 'K'),
	(16462, 285, 'UK048', 'K'),
	(16463, 285, 'UK049', 'K'),
	(16464, 285, 'UK050', 'BK'),
	(16465, 285, 'UK051', 'BK'),
	(16466, 285, 'UK052', 'BK'),
	(16467, 285, 'UK053', 'BK'),
	(16468, 285, 'UK054', 'BK'),
	(16469, 285, 'UK055', 'BK'),
	(16470, 285, 'UK056', 'BK'),
	(16471, 285, 'UK057', 'K'),
	(16472, 285, 'UK058', 'K'),
	(16473, 286, 'UK001', 'BK'),
	(16474, 286, 'UK002', 'K'),
	(16475, 286, 'UK003', 'BK'),
	(16476, 286, 'UK004', 'BK'),
	(16477, 286, 'UK005', 'BK'),
	(16478, 286, 'UK006', 'BK'),
	(16479, 286, 'UK007', 'BK'),
	(16480, 286, 'UK008', 'BK'),
	(16481, 286, 'UK009', 'BK'),
	(16482, 286, 'UK010', 'BK'),
	(16483, 286, 'UK011', 'BK'),
	(16484, 286, 'UK012', 'K'),
	(16485, 286, 'UK013', 'BK'),
	(16486, 286, 'UK014', 'BK'),
	(16487, 286, 'UK015', 'BK'),
	(16488, 286, 'UK016', 'BK'),
	(16489, 286, 'UK017', 'BK'),
	(16490, 286, 'UK018', 'BK'),
	(16491, 286, 'UK019', 'BK'),
	(16492, 286, 'UK020', 'BK'),
	(16493, 286, 'UK021', 'BK'),
	(16494, 286, 'UK022', 'BK'),
	(16495, 286, 'UK023', 'BK'),
	(16496, 286, 'UK024', 'BK'),
	(16497, 286, 'UK025', 'BK'),
	(16498, 286, 'UK026', 'K'),
	(16499, 286, 'UK027', 'BK'),
	(16500, 286, 'UK028', 'BK'),
	(16501, 286, 'UK029', 'BK'),
	(16502, 286, 'UK030', 'BK'),
	(16503, 286, 'UK031', 'BK'),
	(16504, 286, 'UK032', 'BK'),
	(16505, 286, 'UK033', 'BK'),
	(16506, 286, 'UK034', 'BK'),
	(16507, 286, 'UK035', 'BK'),
	(16508, 286, 'UK036', 'BK'),
	(16509, 286, 'UK037', 'BK'),
	(16510, 286, 'UK038', 'BK'),
	(16511, 286, 'UK039', 'BK'),
	(16512, 286, 'UK040', 'K'),
	(16513, 286, 'UK041', 'BK'),
	(16514, 286, 'UK042', 'K'),
	(16515, 286, 'UK043', 'BK'),
	(16516, 286, 'UK044', 'BK'),
	(16517, 286, 'UK045', 'K'),
	(16518, 286, 'UK046', 'K'),
	(16519, 286, 'UK047', 'K'),
	(16520, 286, 'UK048', 'BK'),
	(16521, 286, 'UK049', 'BK'),
	(16522, 286, 'UK050', 'K'),
	(16523, 286, 'UK051', 'BK'),
	(16524, 286, 'UK052', 'K'),
	(16525, 286, 'UK053', 'BK'),
	(16526, 286, 'UK054', 'BK'),
	(16527, 286, 'UK055', 'BK'),
	(16528, 286, 'UK056', 'BK'),
	(16529, 286, 'UK057', 'K'),
	(16530, 286, 'UK058', 'K'),
	(16531, 287, 'UK001', 'BK'),
	(16532, 287, 'UK002', 'K'),
	(16533, 287, 'UK003', 'BK'),
	(16534, 287, 'UK004', 'BK'),
	(16535, 287, 'UK005', 'K'),
	(16536, 287, 'UK006', 'BK'),
	(16537, 287, 'UK007', 'BK'),
	(16538, 287, 'UK008', 'BK'),
	(16539, 287, 'UK009', 'K'),
	(16540, 287, 'UK010', 'BK'),
	(16541, 287, 'UK011', 'BK'),
	(16542, 287, 'UK012', 'K'),
	(16543, 287, 'UK013', 'BK'),
	(16544, 287, 'UK014', 'BK'),
	(16545, 287, 'UK015', 'BK'),
	(16546, 287, 'UK016', 'BK'),
	(16547, 287, 'UK017', 'K'),
	(16548, 287, 'UK018', 'BK'),
	(16549, 287, 'UK019', 'BK'),
	(16550, 287, 'UK020', 'BK'),
	(16551, 287, 'UK021', 'K'),
	(16552, 287, 'UK022', 'BK'),
	(16553, 287, 'UK023', 'BK'),
	(16554, 287, 'UK024', 'BK'),
	(16555, 287, 'UK025', 'K'),
	(16556, 287, 'UK026', 'BK'),
	(16557, 287, 'UK027', 'BK'),
	(16558, 287, 'UK028', 'BK'),
	(16559, 287, 'UK029', 'BK'),
	(16560, 287, 'UK030', 'BK'),
	(16561, 287, 'UK031', 'BK'),
	(16562, 287, 'UK032', 'BK'),
	(16563, 287, 'UK033', 'BK'),
	(16564, 287, 'UK034', 'BK'),
	(16565, 287, 'UK035', 'BK'),
	(16566, 287, 'UK036', 'BK'),
	(16567, 287, 'UK037', 'BK'),
	(16568, 287, 'UK038', 'BK'),
	(16569, 287, 'UK039', 'K'),
	(16570, 287, 'UK040', 'K'),
	(16571, 287, 'UK041', 'K'),
	(16572, 287, 'UK042', 'BK'),
	(16573, 287, 'UK043', 'K'),
	(16574, 287, 'UK044', 'BK'),
	(16575, 287, 'UK045', 'BK'),
	(16576, 287, 'UK046', 'BK'),
	(16577, 287, 'UK047', 'K'),
	(16578, 287, 'UK048', 'BK'),
	(16579, 287, 'UK049', 'BK'),
	(16580, 287, 'UK050', 'K'),
	(16581, 287, 'UK051', 'BK'),
	(16582, 287, 'UK052', 'BK'),
	(16583, 287, 'UK053', 'BK'),
	(16584, 287, 'UK054', 'BK'),
	(16585, 287, 'UK055', 'BK'),
	(16586, 287, 'UK056', 'BK'),
	(16587, 287, 'UK057', 'K'),
	(16588, 287, 'UK058', 'K'),
	(16589, 288, 'UK001', 'K'),
	(16590, 288, 'UK002', 'BK'),
	(16591, 288, 'UK003', 'BK'),
	(16592, 288, 'UK004', 'BK'),
	(16593, 288, 'UK005', 'BK'),
	(16594, 288, 'UK006', 'BK'),
	(16595, 288, 'UK007', 'BK'),
	(16596, 288, 'UK008', 'BK'),
	(16597, 288, 'UK009', 'BK'),
	(16598, 288, 'UK010', 'K'),
	(16599, 288, 'UK011', 'BK'),
	(16600, 288, 'UK012', 'BK'),
	(16601, 288, 'UK013', 'K'),
	(16602, 288, 'UK014', 'BK'),
	(16603, 288, 'UK015', 'BK'),
	(16604, 288, 'UK016', 'K'),
	(16605, 288, 'UK017', 'BK'),
	(16606, 288, 'UK018', 'K'),
	(16607, 288, 'UK019', 'BK'),
	(16608, 288, 'UK020', 'BK'),
	(16609, 288, 'UK021', 'BK'),
	(16610, 288, 'UK022', 'BK'),
	(16611, 288, 'UK023', 'BK'),
	(16612, 288, 'UK024', 'BK'),
	(16613, 288, 'UK025', 'BK'),
	(16614, 288, 'UK026', 'BK'),
	(16615, 288, 'UK027', 'BK'),
	(16616, 288, 'UK028', 'BK'),
	(16617, 288, 'UK029', 'BK'),
	(16618, 288, 'UK030', 'BK'),
	(16619, 288, 'UK031', 'BK'),
	(16620, 288, 'UK032', 'BK'),
	(16621, 288, 'UK033', 'K'),
	(16622, 288, 'UK034', 'BK'),
	(16623, 288, 'UK035', 'BK'),
	(16624, 288, 'UK036', 'BK'),
	(16625, 288, 'UK037', 'BK'),
	(16626, 288, 'UK038', 'BK'),
	(16627, 288, 'UK039', 'K'),
	(16628, 288, 'UK040', 'BK'),
	(16629, 288, 'UK041', 'BK'),
	(16630, 288, 'UK042', 'K'),
	(16631, 288, 'UK043', 'BK'),
	(16632, 288, 'UK044', 'BK'),
	(16633, 288, 'UK045', 'K'),
	(16634, 288, 'UK046', 'K'),
	(16635, 288, 'UK047', 'K'),
	(16636, 288, 'UK048', 'BK'),
	(16637, 288, 'UK049', 'BK'),
	(16638, 288, 'UK050', 'BK'),
	(16639, 288, 'UK051', 'BK'),
	(16640, 288, 'UK052', 'BK'),
	(16641, 288, 'UK053', 'BK'),
	(16642, 288, 'UK054', 'BK'),
	(16643, 288, 'UK055', 'K'),
	(16644, 288, 'UK056', 'BK'),
	(16645, 288, 'UK057', 'K'),
	(16646, 288, 'UK058', 'K'),
	(16647, 289, 'UK001', 'BK'),
	(16648, 289, 'UK002', 'BK'),
	(16649, 289, 'UK003', 'K'),
	(16650, 289, 'UK004', 'BK'),
	(16651, 289, 'UK005', 'BK'),
	(16652, 289, 'UK006', 'BK'),
	(16653, 289, 'UK007', 'BK'),
	(16654, 289, 'UK008', 'BK'),
	(16655, 289, 'UK009', 'BK'),
	(16656, 289, 'UK010', 'BK'),
	(16657, 289, 'UK011', 'BK'),
	(16658, 289, 'UK012', 'BK'),
	(16659, 289, 'UK013', 'BK'),
	(16660, 289, 'UK014', 'BK'),
	(16661, 289, 'UK015', 'BK'),
	(16662, 289, 'UK016', 'BK'),
	(16663, 289, 'UK017', 'BK'),
	(16664, 289, 'UK018', 'BK'),
	(16665, 289, 'UK019', 'BK'),
	(16666, 289, 'UK020', 'BK'),
	(16667, 289, 'UK021', 'BK'),
	(16668, 289, 'UK022', 'BK'),
	(16669, 289, 'UK023', 'BK'),
	(16670, 289, 'UK024', 'BK'),
	(16671, 289, 'UK025', 'BK'),
	(16672, 289, 'UK026', 'BK'),
	(16673, 289, 'UK027', 'BK'),
	(16674, 289, 'UK028', 'BK'),
	(16675, 289, 'UK029', 'BK'),
	(16676, 289, 'UK030', 'BK'),
	(16677, 289, 'UK031', 'BK'),
	(16678, 289, 'UK032', 'BK'),
	(16679, 289, 'UK033', 'K'),
	(16680, 289, 'UK034', 'BK'),
	(16681, 289, 'UK035', 'BK'),
	(16682, 289, 'UK036', 'K'),
	(16683, 289, 'UK037', 'K'),
	(16684, 289, 'UK038', 'BK'),
	(16685, 289, 'UK039', 'BK'),
	(16686, 289, 'UK040', 'K'),
	(16687, 289, 'UK041', 'BK'),
	(16688, 289, 'UK042', 'K'),
	(16689, 289, 'UK043', 'BK'),
	(16690, 289, 'UK044', 'BK'),
	(16691, 289, 'UK045', 'K'),
	(16692, 289, 'UK046', 'K'),
	(16693, 289, 'UK047', 'K'),
	(16694, 289, 'UK048', 'K'),
	(16695, 289, 'UK049', 'K'),
	(16696, 289, 'UK050', 'BK'),
	(16697, 289, 'UK051', 'BK'),
	(16698, 289, 'UK052', 'BK'),
	(16699, 289, 'UK053', 'BK'),
	(16700, 289, 'UK054', 'BK'),
	(16701, 289, 'UK055', 'BK'),
	(16702, 289, 'UK056', 'BK'),
	(16703, 289, 'UK057', 'K'),
	(16704, 289, 'UK058', 'K'),
	(16705, 290, 'UK001', 'BK'),
	(16706, 290, 'UK002', 'BK'),
	(16707, 290, 'UK003', 'K'),
	(16708, 290, 'UK004', 'K'),
	(16709, 290, 'UK005', 'BK'),
	(16710, 290, 'UK006', 'K'),
	(16711, 290, 'UK007', 'BK'),
	(16712, 290, 'UK008', 'K'),
	(16713, 290, 'UK009', 'K'),
	(16714, 290, 'UK010', 'K'),
	(16715, 290, 'UK011', 'BK'),
	(16716, 290, 'UK012', 'BK'),
	(16717, 290, 'UK013', 'BK'),
	(16718, 290, 'UK014', 'BK'),
	(16719, 290, 'UK015', 'BK'),
	(16720, 290, 'UK016', 'BK'),
	(16721, 290, 'UK017', 'BK'),
	(16722, 290, 'UK018', 'BK'),
	(16723, 290, 'UK019', 'BK'),
	(16724, 290, 'UK020', 'K'),
	(16725, 290, 'UK021', 'K'),
	(16726, 290, 'UK022', 'K'),
	(16727, 290, 'UK023', 'K'),
	(16728, 290, 'UK024', 'K'),
	(16729, 290, 'UK025', 'BK'),
	(16730, 290, 'UK026', 'BK'),
	(16731, 290, 'UK027', 'BK'),
	(16732, 290, 'UK028', 'K'),
	(16733, 290, 'UK029', 'K'),
	(16734, 290, 'UK030', 'K'),
	(16735, 290, 'UK031', 'BK'),
	(16736, 290, 'UK032', 'BK'),
	(16737, 290, 'UK033', 'BK'),
	(16738, 290, 'UK034', 'BK'),
	(16739, 290, 'UK035', 'BK'),
	(16740, 290, 'UK036', 'K'),
	(16741, 290, 'UK037', 'BK'),
	(16742, 290, 'UK038', 'BK'),
	(16743, 290, 'UK039', 'BK'),
	(16744, 290, 'UK040', 'BK'),
	(16745, 290, 'UK041', 'BK'),
	(16746, 290, 'UK042', 'BK'),
	(16747, 290, 'UK043', 'BK'),
	(16748, 290, 'UK044', 'BK'),
	(16749, 290, 'UK045', 'BK'),
	(16750, 290, 'UK046', 'BK'),
	(16751, 290, 'UK047', 'BK'),
	(16752, 290, 'UK048', 'K'),
	(16753, 290, 'UK049', 'K'),
	(16754, 290, 'UK050', 'BK'),
	(16755, 290, 'UK051', 'BK'),
	(16756, 290, 'UK052', 'BK'),
	(16757, 290, 'UK053', 'BK'),
	(16758, 290, 'UK054', 'BK'),
	(16759, 290, 'UK055', 'BK'),
	(16760, 290, 'UK056', 'BK'),
	(16761, 290, 'UK057', 'BK'),
	(16762, 290, 'UK058', 'K'),
	(16763, 291, 'UK001', 'BK'),
	(16764, 291, 'UK002', 'BK'),
	(16765, 291, 'UK003', 'BK'),
	(16766, 291, 'UK004', 'BK'),
	(16767, 291, 'UK005', 'BK'),
	(16768, 291, 'UK006', 'K'),
	(16769, 291, 'UK007', 'BK'),
	(16770, 291, 'UK008', 'K'),
	(16771, 291, 'UK009', 'BK'),
	(16772, 291, 'UK010', 'BK'),
	(16773, 291, 'UK011', 'BK'),
	(16774, 291, 'UK012', 'BK'),
	(16775, 291, 'UK013', 'BK'),
	(16776, 291, 'UK014', 'BK'),
	(16777, 291, 'UK015', 'BK'),
	(16778, 291, 'UK016', 'K'),
	(16779, 291, 'UK017', 'K'),
	(16780, 291, 'UK018', 'BK'),
	(16781, 291, 'UK019', 'K'),
	(16782, 291, 'UK020', 'K'),
	(16783, 291, 'UK021', 'K'),
	(16784, 291, 'UK022', 'K'),
	(16785, 291, 'UK023', 'K'),
	(16786, 291, 'UK024', 'K'),
	(16787, 291, 'UK025', 'K'),
	(16788, 291, 'UK026', 'K'),
	(16789, 291, 'UK027', 'BK'),
	(16790, 291, 'UK028', 'BK'),
	(16791, 291, 'UK029', 'BK'),
	(16792, 291, 'UK030', 'BK'),
	(16793, 291, 'UK031', 'BK'),
	(16794, 291, 'UK032', 'BK'),
	(16795, 291, 'UK033', 'K'),
	(16796, 291, 'UK034', 'BK'),
	(16797, 291, 'UK035', 'BK'),
	(16798, 291, 'UK036', 'BK'),
	(16799, 291, 'UK037', 'BK'),
	(16800, 291, 'UK038', 'K'),
	(16801, 291, 'UK039', 'BK'),
	(16802, 291, 'UK040', 'BK'),
	(16803, 291, 'UK041', 'BK'),
	(16804, 291, 'UK042', 'K'),
	(16805, 291, 'UK043', 'K'),
	(16806, 291, 'UK044', 'BK'),
	(16807, 291, 'UK045', 'K'),
	(16808, 291, 'UK046', 'BK'),
	(16809, 291, 'UK047', 'BK'),
	(16810, 291, 'UK048', 'BK'),
	(16811, 291, 'UK049', 'BK'),
	(16812, 291, 'UK050', 'BK'),
	(16813, 291, 'UK051', 'BK'),
	(16814, 291, 'UK052', 'K'),
	(16815, 291, 'UK053', 'BK'),
	(16816, 291, 'UK054', 'BK'),
	(16817, 291, 'UK055', 'BK'),
	(16818, 291, 'UK056', 'BK'),
	(16819, 291, 'UK057', 'BK'),
	(16820, 291, 'UK058', 'K'),
	(16821, 292, 'UK001', 'K'),
	(16822, 292, 'UK002', 'K'),
	(16823, 292, 'UK003', 'BK'),
	(16824, 292, 'UK004', 'BK'),
	(16825, 292, 'UK005', 'BK'),
	(16826, 292, 'UK006', 'K'),
	(16827, 292, 'UK007', 'BK'),
	(16828, 292, 'UK008', 'K'),
	(16829, 292, 'UK009', 'BK'),
	(16830, 292, 'UK010', 'K'),
	(16831, 292, 'UK011', 'BK'),
	(16832, 292, 'UK012', 'BK'),
	(16833, 292, 'UK013', 'BK'),
	(16834, 292, 'UK014', 'BK'),
	(16835, 292, 'UK015', 'BK'),
	(16836, 292, 'UK016', 'BK'),
	(16837, 292, 'UK017', 'BK'),
	(16838, 292, 'UK018', 'K'),
	(16839, 292, 'UK019', 'K'),
	(16840, 292, 'UK020', 'K'),
	(16841, 292, 'UK021', 'K'),
	(16842, 292, 'UK022', 'BK'),
	(16843, 292, 'UK023', 'K'),
	(16844, 292, 'UK024', 'K'),
	(16845, 292, 'UK025', 'K'),
	(16846, 292, 'UK026', 'K'),
	(16847, 292, 'UK027', 'BK'),
	(16848, 292, 'UK028', 'BK'),
	(16849, 292, 'UK029', 'BK'),
	(16850, 292, 'UK030', 'BK'),
	(16851, 292, 'UK031', 'BK'),
	(16852, 292, 'UK032', 'BK'),
	(16853, 292, 'UK033', 'K'),
	(16854, 292, 'UK034', 'BK'),
	(16855, 292, 'UK035', 'BK'),
	(16856, 292, 'UK036', 'BK'),
	(16857, 292, 'UK037', 'BK'),
	(16858, 292, 'UK038', 'BK'),
	(16859, 292, 'UK039', 'BK'),
	(16860, 292, 'UK040', 'BK'),
	(16861, 292, 'UK041', 'BK'),
	(16862, 292, 'UK042', 'BK'),
	(16863, 292, 'UK043', 'BK'),
	(16864, 292, 'UK044', 'K'),
	(16865, 292, 'UK045', 'BK'),
	(16866, 292, 'UK046', 'BK'),
	(16867, 292, 'UK047', 'BK'),
	(16868, 292, 'UK048', 'BK'),
	(16869, 292, 'UK049', 'BK'),
	(16870, 292, 'UK050', 'BK'),
	(16871, 292, 'UK051', 'BK'),
	(16872, 292, 'UK052', 'BK'),
	(16873, 292, 'UK053', 'BK'),
	(16874, 292, 'UK054', 'BK'),
	(16875, 292, 'UK055', 'BK'),
	(16876, 292, 'UK056', 'BK'),
	(16877, 292, 'UK057', 'K'),
	(16878, 292, 'UK058', 'BK'),
	(16879, 293, 'UK001', 'BK'),
	(16880, 293, 'UK002', 'BK'),
	(16881, 293, 'UK003', 'BK'),
	(16882, 293, 'UK004', 'BK'),
	(16883, 293, 'UK005', 'BK'),
	(16884, 293, 'UK006', 'K'),
	(16885, 293, 'UK007', 'BK'),
	(16886, 293, 'UK008', 'K'),
	(16887, 293, 'UK009', 'BK'),
	(16888, 293, 'UK010', 'BK'),
	(16889, 293, 'UK011', 'BK'),
	(16890, 293, 'UK012', 'BK'),
	(16891, 293, 'UK013', 'BK'),
	(16892, 293, 'UK014', 'BK'),
	(16893, 293, 'UK015', 'BK'),
	(16894, 293, 'UK016', 'K'),
	(16895, 293, 'UK017', 'BK'),
	(16896, 293, 'UK018', 'BK'),
	(16897, 293, 'UK019', 'K'),
	(16898, 293, 'UK020', 'BK'),
	(16899, 293, 'UK021', 'K'),
	(16900, 293, 'UK022', 'K'),
	(16901, 293, 'UK023', 'K'),
	(16902, 293, 'UK024', 'K'),
	(16903, 293, 'UK025', 'K'),
	(16904, 293, 'UK026', 'BK'),
	(16905, 293, 'UK027', 'BK'),
	(16906, 293, 'UK028', 'BK'),
	(16907, 293, 'UK029', 'BK'),
	(16908, 293, 'UK030', 'BK'),
	(16909, 293, 'UK031', 'BK'),
	(16910, 293, 'UK032', 'BK'),
	(16911, 293, 'UK033', 'BK'),
	(16912, 293, 'UK034', 'BK'),
	(16913, 293, 'UK035', 'BK'),
	(16914, 293, 'UK036', 'BK'),
	(16915, 293, 'UK037', 'BK'),
	(16916, 293, 'UK038', 'BK'),
	(16917, 293, 'UK039', 'BK'),
	(16918, 293, 'UK040', 'BK'),
	(16919, 293, 'UK041', 'BK'),
	(16920, 293, 'UK042', 'BK'),
	(16921, 293, 'UK043', 'BK'),
	(16922, 293, 'UK044', 'BK'),
	(16923, 293, 'UK045', 'BK'),
	(16924, 293, 'UK046', 'BK'),
	(16925, 293, 'UK047', 'BK'),
	(16926, 293, 'UK048', 'BK'),
	(16927, 293, 'UK049', 'BK'),
	(16928, 293, 'UK050', 'BK'),
	(16929, 293, 'UK051', 'BK'),
	(16930, 293, 'UK052', 'K'),
	(16931, 293, 'UK053', 'K'),
	(16932, 293, 'UK054', 'BK'),
	(16933, 293, 'UK055', 'BK'),
	(16934, 293, 'UK056', 'BK'),
	(16935, 293, 'UK057', 'BK'),
	(16936, 293, 'UK058', 'BK'),
	(16937, 294, 'UK001', 'BK'),
	(16938, 294, 'UK002', 'K'),
	(16939, 294, 'UK003', 'BK'),
	(16940, 294, 'UK004', 'BK'),
	(16941, 294, 'UK005', 'BK'),
	(16942, 294, 'UK006', 'K'),
	(16943, 294, 'UK007', 'BK'),
	(16944, 294, 'UK008', 'K'),
	(16945, 294, 'UK009', 'BK'),
	(16946, 294, 'UK010', 'K'),
	(16947, 294, 'UK011', 'BK'),
	(16948, 294, 'UK012', 'BK'),
	(16949, 294, 'UK013', 'BK'),
	(16950, 294, 'UK014', 'K'),
	(16951, 294, 'UK015', 'BK'),
	(16952, 294, 'UK016', 'BK'),
	(16953, 294, 'UK017', 'BK'),
	(16954, 294, 'UK018', 'BK'),
	(16955, 294, 'UK019', 'K'),
	(16956, 294, 'UK020', 'K'),
	(16957, 294, 'UK021', 'K'),
	(16958, 294, 'UK022', 'K'),
	(16959, 294, 'UK023', 'K'),
	(16960, 294, 'UK024', 'K'),
	(16961, 294, 'UK025', 'K'),
	(16962, 294, 'UK026', 'K'),
	(16963, 294, 'UK027', 'BK'),
	(16964, 294, 'UK028', 'BK'),
	(16965, 294, 'UK029', 'BK'),
	(16966, 294, 'UK030', 'K'),
	(16967, 294, 'UK031', 'K'),
	(16968, 294, 'UK032', 'BK'),
	(16969, 294, 'UK033', 'BK'),
	(16970, 294, 'UK034', 'K'),
	(16971, 294, 'UK035', 'BK'),
	(16972, 294, 'UK036', 'BK'),
	(16973, 294, 'UK037', 'BK'),
	(16974, 294, 'UK038', 'BK'),
	(16975, 294, 'UK039', 'BK'),
	(16976, 294, 'UK040', 'BK'),
	(16977, 294, 'UK041', 'BK'),
	(16978, 294, 'UK042', 'K'),
	(16979, 294, 'UK043', 'BK'),
	(16980, 294, 'UK044', 'BK'),
	(16981, 294, 'UK045', 'BK'),
	(16982, 294, 'UK046', 'BK'),
	(16983, 294, 'UK047', 'K'),
	(16984, 294, 'UK048', 'BK'),
	(16985, 294, 'UK049', 'BK'),
	(16986, 294, 'UK050', 'BK'),
	(16987, 294, 'UK051', 'BK'),
	(16988, 294, 'UK052', 'BK'),
	(16989, 294, 'UK053', 'BK'),
	(16990, 294, 'UK054', 'BK'),
	(16991, 294, 'UK055', 'BK'),
	(16992, 294, 'UK056', 'BK'),
	(16993, 294, 'UK057', 'BK'),
	(16994, 294, 'UK058', 'K'),
	(16995, 295, 'UK001', 'BK'),
	(16996, 295, 'UK002', 'BK'),
	(16997, 295, 'UK003', 'K'),
	(16998, 295, 'UK004', 'BK'),
	(16999, 295, 'UK005', 'BK'),
	(17000, 295, 'UK006', 'K'),
	(17001, 295, 'UK007', 'BK'),
	(17002, 295, 'UK008', 'K'),
	(17003, 295, 'UK009', 'K'),
	(17004, 295, 'UK010', 'BK'),
	(17005, 295, 'UK011', 'BK'),
	(17006, 295, 'UK012', 'BK'),
	(17007, 295, 'UK013', 'BK'),
	(17008, 295, 'UK014', 'BK'),
	(17009, 295, 'UK015', 'BK'),
	(17010, 295, 'UK016', 'BK'),
	(17011, 295, 'UK017', 'K'),
	(17012, 295, 'UK018', 'BK'),
	(17013, 295, 'UK019', 'K'),
	(17014, 295, 'UK020', 'K'),
	(17015, 295, 'UK021', 'BK'),
	(17016, 295, 'UK022', 'K'),
	(17017, 295, 'UK023', 'K'),
	(17018, 295, 'UK024', 'K'),
	(17019, 295, 'UK025', 'K'),
	(17020, 295, 'UK026', 'K'),
	(17021, 295, 'UK027', 'BK'),
	(17022, 295, 'UK028', 'BK'),
	(17023, 295, 'UK029', 'BK'),
	(17024, 295, 'UK030', 'BK'),
	(17025, 295, 'UK031', 'BK'),
	(17026, 295, 'UK032', 'BK'),
	(17027, 295, 'UK033', 'BK'),
	(17028, 295, 'UK034', 'BK'),
	(17029, 295, 'UK035', 'BK'),
	(17030, 295, 'UK036', 'BK'),
	(17031, 295, 'UK037', 'BK'),
	(17032, 295, 'UK038', 'BK'),
	(17033, 295, 'UK039', 'BK'),
	(17034, 295, 'UK040', 'K'),
	(17035, 295, 'UK041', 'K'),
	(17036, 295, 'UK042', 'BK'),
	(17037, 295, 'UK043', 'BK'),
	(17038, 295, 'UK044', 'K'),
	(17039, 295, 'UK045', 'BK'),
	(17040, 295, 'UK046', 'BK'),
	(17041, 295, 'UK047', 'BK'),
	(17042, 295, 'UK048', 'BK'),
	(17043, 295, 'UK049', 'BK'),
	(17044, 295, 'UK050', 'BK'),
	(17045, 295, 'UK051', 'BK'),
	(17046, 295, 'UK052', 'BK'),
	(17047, 295, 'UK053', 'BK'),
	(17048, 295, 'UK054', 'BK'),
	(17049, 295, 'UK055', 'K'),
	(17050, 295, 'UK056', 'BK'),
	(17051, 295, 'UK057', 'BK'),
	(17052, 295, 'UK058', 'K'),
	(17053, 296, 'UK001', 'BK'),
	(17054, 296, 'UK002', 'BK'),
	(17055, 296, 'UK003', 'BK'),
	(17056, 296, 'UK004', 'BK'),
	(17057, 296, 'UK005', 'K'),
	(17058, 296, 'UK006', 'K'),
	(17059, 296, 'UK007', 'BK'),
	(17060, 296, 'UK008', 'BK'),
	(17061, 296, 'UK009', 'BK'),
	(17062, 296, 'UK010', 'BK'),
	(17063, 296, 'UK011', 'K'),
	(17064, 296, 'UK012', 'K'),
	(17065, 296, 'UK013', 'BK'),
	(17066, 296, 'UK014', 'BK'),
	(17067, 296, 'UK015', 'BK'),
	(17068, 296, 'UK016', 'BK'),
	(17069, 296, 'UK017', 'BK'),
	(17070, 296, 'UK018', 'BK'),
	(17071, 296, 'UK019', 'K'),
	(17072, 296, 'UK020', 'K'),
	(17073, 296, 'UK021', 'K'),
	(17074, 296, 'UK022', 'BK'),
	(17075, 296, 'UK023', 'K'),
	(17076, 296, 'UK024', 'K'),
	(17077, 296, 'UK025', 'K'),
	(17078, 296, 'UK026', 'K'),
	(17079, 296, 'UK027', 'BK'),
	(17080, 296, 'UK028', 'BK'),
	(17081, 296, 'UK029', 'K'),
	(17082, 296, 'UK030', 'BK'),
	(17083, 296, 'UK031', 'BK'),
	(17084, 296, 'UK032', 'K'),
	(17085, 296, 'UK033', 'BK'),
	(17086, 296, 'UK034', 'K'),
	(17087, 296, 'UK035', 'BK'),
	(17088, 296, 'UK036', 'BK'),
	(17089, 296, 'UK037', 'BK'),
	(17090, 296, 'UK038', 'K'),
	(17091, 296, 'UK039', 'BK'),
	(17092, 296, 'UK040', 'BK'),
	(17093, 296, 'UK041', 'BK'),
	(17094, 296, 'UK042', 'BK'),
	(17095, 296, 'UK043', 'BK'),
	(17096, 296, 'UK044', 'BK'),
	(17097, 296, 'UK045', 'BK'),
	(17098, 296, 'UK046', 'BK'),
	(17099, 296, 'UK047', 'BK'),
	(17100, 296, 'UK048', 'BK'),
	(17101, 296, 'UK049', 'BK'),
	(17102, 296, 'UK050', 'BK'),
	(17103, 296, 'UK051', 'BK'),
	(17104, 296, 'UK052', 'K'),
	(17105, 296, 'UK053', 'BK'),
	(17106, 296, 'UK054', 'BK'),
	(17107, 296, 'UK055', 'K'),
	(17108, 296, 'UK056', 'BK'),
	(17109, 296, 'UK057', 'BK'),
	(17110, 296, 'UK058', 'BK'),
	(17111, 297, 'UK001', 'BK'),
	(17112, 297, 'UK002', 'K'),
	(17113, 297, 'UK003', 'BK'),
	(17114, 297, 'UK004', 'BK'),
	(17115, 297, 'UK005', 'BK'),
	(17116, 297, 'UK006', 'K'),
	(17117, 297, 'UK007', 'K'),
	(17118, 297, 'UK008', 'K'),
	(17119, 297, 'UK009', 'BK'),
	(17120, 297, 'UK010', 'BK'),
	(17121, 297, 'UK011', 'BK'),
	(17122, 297, 'UK012', 'BK'),
	(17123, 297, 'UK013', 'BK'),
	(17124, 297, 'UK014', 'BK'),
	(17125, 297, 'UK015', 'BK'),
	(17126, 297, 'UK016', 'K'),
	(17127, 297, 'UK017', 'BK'),
	(17128, 297, 'UK018', 'BK'),
	(17129, 297, 'UK019', 'BK'),
	(17130, 297, 'UK020', 'K'),
	(17131, 297, 'UK021', 'K'),
	(17132, 297, 'UK022', 'K'),
	(17133, 297, 'UK023', 'K'),
	(17134, 297, 'UK024', 'K'),
	(17135, 297, 'UK025', 'K'),
	(17136, 297, 'UK026', 'K'),
	(17137, 297, 'UK027', 'BK'),
	(17138, 297, 'UK028', 'BK'),
	(17139, 297, 'UK029', 'K'),
	(17140, 297, 'UK030', 'BK'),
	(17141, 297, 'UK031', 'BK'),
	(17142, 297, 'UK032', 'BK'),
	(17143, 297, 'UK033', 'BK'),
	(17144, 297, 'UK034', 'BK'),
	(17145, 297, 'UK035', 'BK'),
	(17146, 297, 'UK036', 'K'),
	(17147, 297, 'UK037', 'BK'),
	(17148, 297, 'UK038', 'BK'),
	(17149, 297, 'UK039', 'BK'),
	(17150, 297, 'UK040', 'BK'),
	(17151, 297, 'UK041', 'BK'),
	(17152, 297, 'UK042', 'BK'),
	(17153, 297, 'UK043', 'K'),
	(17154, 297, 'UK044', 'BK'),
	(17155, 297, 'UK045', 'K'),
	(17156, 297, 'UK046', 'BK'),
	(17157, 297, 'UK047', 'BK'),
	(17158, 297, 'UK048', 'BK'),
	(17159, 297, 'UK049', 'BK'),
	(17160, 297, 'UK050', 'K'),
	(17161, 297, 'UK051', 'K'),
	(17162, 297, 'UK052', 'BK'),
	(17163, 297, 'UK053', 'BK'),
	(17164, 297, 'UK054', 'BK'),
	(17165, 297, 'UK055', 'K'),
	(17166, 297, 'UK056', 'K'),
	(17167, 297, 'UK057', 'K'),
	(17168, 297, 'UK058', 'BK'),
	(17169, 298, 'UK001', 'K'),
	(17170, 298, 'UK002', 'BK'),
	(17171, 298, 'UK003', 'BK'),
	(17172, 298, 'UK004', 'BK'),
	(17173, 298, 'UK005', 'K'),
	(17174, 298, 'UK006', 'K'),
	(17175, 298, 'UK007', 'BK'),
	(17176, 298, 'UK008', 'K'),
	(17177, 298, 'UK009', 'BK'),
	(17178, 298, 'UK010', 'BK'),
	(17179, 298, 'UK011', 'BK'),
	(17180, 298, 'UK012', 'K'),
	(17181, 298, 'UK013', 'BK'),
	(17182, 298, 'UK014', 'BK'),
	(17183, 298, 'UK015', 'BK'),
	(17184, 298, 'UK016', 'K'),
	(17185, 298, 'UK017', 'BK'),
	(17186, 298, 'UK018', 'BK'),
	(17187, 298, 'UK019', 'K'),
	(17188, 298, 'UK020', 'K'),
	(17189, 298, 'UK021', 'K'),
	(17190, 298, 'UK022', 'K'),
	(17191, 298, 'UK023', 'K'),
	(17192, 298, 'UK024', 'K'),
	(17193, 298, 'UK025', 'K'),
	(17194, 298, 'UK026', 'K'),
	(17195, 298, 'UK027', 'BK'),
	(17196, 298, 'UK028', 'BK'),
	(17197, 298, 'UK029', 'K'),
	(17198, 298, 'UK030', 'K'),
	(17199, 298, 'UK031', 'BK'),
	(17200, 298, 'UK032', 'BK'),
	(17201, 298, 'UK033', 'K'),
	(17202, 298, 'UK034', 'BK'),
	(17203, 298, 'UK035', 'K'),
	(17204, 298, 'UK036', 'BK'),
	(17205, 298, 'UK037', 'BK'),
	(17206, 298, 'UK038', 'K'),
	(17207, 298, 'UK039', 'BK'),
	(17208, 298, 'UK040', 'BK'),
	(17209, 298, 'UK041', 'K'),
	(17210, 298, 'UK042', 'K'),
	(17211, 298, 'UK043', 'BK'),
	(17212, 298, 'UK044', 'BK'),
	(17213, 298, 'UK045', 'K'),
	(17214, 298, 'UK046', 'BK'),
	(17215, 298, 'UK047', 'BK'),
	(17216, 298, 'UK048', 'K'),
	(17217, 298, 'UK049', 'K'),
	(17218, 298, 'UK050', 'K'),
	(17219, 298, 'UK051', 'BK'),
	(17220, 298, 'UK052', 'BK'),
	(17221, 298, 'UK053', 'BK'),
	(17222, 298, 'UK054', 'BK'),
	(17223, 298, 'UK055', 'K'),
	(17224, 298, 'UK056', 'BK'),
	(17225, 298, 'UK057', 'BK'),
	(17226, 298, 'UK058', 'K'),
	(17227, 299, 'UK001', 'BK'),
	(17228, 299, 'UK002', 'BK'),
	(17229, 299, 'UK003', 'BK'),
	(17230, 299, 'UK004', 'BK'),
	(17231, 299, 'UK005', 'BK'),
	(17232, 299, 'UK006', 'K'),
	(17233, 299, 'UK007', 'BK'),
	(17234, 299, 'UK008', 'K'),
	(17235, 299, 'UK009', 'BK'),
	(17236, 299, 'UK010', 'BK'),
	(17237, 299, 'UK011', 'BK'),
	(17238, 299, 'UK012', 'BK'),
	(17239, 299, 'UK013', 'BK'),
	(17240, 299, 'UK014', 'K'),
	(17241, 299, 'UK015', 'BK'),
	(17242, 299, 'UK016', 'BK'),
	(17243, 299, 'UK017', 'BK'),
	(17244, 299, 'UK018', 'K'),
	(17245, 299, 'UK019', 'K'),
	(17246, 299, 'UK020', 'K'),
	(17247, 299, 'UK021', 'K'),
	(17248, 299, 'UK022', 'K'),
	(17249, 299, 'UK023', 'K'),
	(17250, 299, 'UK024', 'K'),
	(17251, 299, 'UK025', 'K'),
	(17252, 299, 'UK026', 'K'),
	(17253, 299, 'UK027', 'BK'),
	(17254, 299, 'UK028', 'BK'),
	(17255, 299, 'UK029', 'BK'),
	(17256, 299, 'UK030', 'BK'),
	(17257, 299, 'UK031', 'BK'),
	(17258, 299, 'UK032', 'BK'),
	(17259, 299, 'UK033', 'BK'),
	(17260, 299, 'UK034', 'BK'),
	(17261, 299, 'UK035', 'BK'),
	(17262, 299, 'UK036', 'BK'),
	(17263, 299, 'UK037', 'BK'),
	(17264, 299, 'UK038', 'BK'),
	(17265, 299, 'UK039', 'BK'),
	(17266, 299, 'UK040', 'K'),
	(17267, 299, 'UK041', 'BK'),
	(17268, 299, 'UK042', 'K'),
	(17269, 299, 'UK043', 'BK'),
	(17270, 299, 'UK044', 'BK'),
	(17271, 299, 'UK045', 'K'),
	(17272, 299, 'UK046', 'BK'),
	(17273, 299, 'UK047', 'BK'),
	(17274, 299, 'UK048', 'BK'),
	(17275, 299, 'UK049', 'BK'),
	(17276, 299, 'UK050', 'BK'),
	(17277, 299, 'UK051', 'BK'),
	(17278, 299, 'UK052', 'BK'),
	(17279, 299, 'UK053', 'BK'),
	(17280, 299, 'UK054', 'BK'),
	(17281, 299, 'UK055', 'BK'),
	(17282, 299, 'UK056', 'BK'),
	(17283, 299, 'UK057', 'BK'),
	(17284, 299, 'UK058', 'BK'),
	(17285, 300, 'UK001', 'K'),
	(17286, 300, 'UK002', 'K'),
	(17287, 300, 'UK003', 'K'),
	(17288, 300, 'UK004', 'K'),
	(17289, 300, 'UK005', 'K'),
	(17290, 300, 'UK006', 'K'),
	(17291, 300, 'UK007', 'K'),
	(17292, 300, 'UK008', 'BK'),
	(17293, 300, 'UK009', 'K'),
	(17294, 300, 'UK010', 'K'),
	(17295, 300, 'UK011', 'K'),
	(17296, 300, 'UK012', 'K'),
	(17297, 300, 'UK013', 'K'),
	(17298, 300, 'UK014', 'BK'),
	(17299, 300, 'UK015', 'K'),
	(17300, 300, 'UK016', 'K'),
	(17301, 300, 'UK017', 'K'),
	(17302, 300, 'UK018', 'K'),
	(17303, 300, 'UK019', 'BK'),
	(17304, 300, 'UK020', 'BK'),
	(17305, 300, 'UK021', 'BK'),
	(17306, 300, 'UK022', 'K'),
	(17307, 300, 'UK023', 'K'),
	(17308, 300, 'UK024', 'BK'),
	(17309, 300, 'UK025', 'BK'),
	(17310, 300, 'UK026', 'K'),
	(17311, 300, 'UK027', 'BK'),
	(17312, 300, 'UK028', 'BK'),
	(17313, 300, 'UK029', 'BK'),
	(17314, 300, 'UK030', 'K'),
	(17315, 300, 'UK031', 'BK'),
	(17316, 300, 'UK032', 'K'),
	(17317, 300, 'UK033', 'K'),
	(17318, 300, 'UK034', 'BK'),
	(17319, 300, 'UK035', 'BK'),
	(17320, 300, 'UK036', 'BK'),
	(17321, 300, 'UK037', 'K'),
	(17322, 300, 'UK038', 'BK'),
	(17323, 300, 'UK039', 'BK'),
	(17324, 300, 'UK040', 'K'),
	(17325, 300, 'UK041', 'K'),
	(17326, 300, 'UK042', 'BK'),
	(17327, 300, 'UK043', 'BK'),
	(17328, 300, 'UK044', 'BK'),
	(17329, 300, 'UK045', 'BK'),
	(17330, 300, 'UK046', 'BK'),
	(17331, 300, 'UK047', 'BK'),
	(17332, 300, 'UK048', 'BK'),
	(17333, 300, 'UK049', 'K'),
	(17334, 300, 'UK050', 'K'),
	(17335, 300, 'UK051', 'K'),
	(17336, 300, 'UK052', 'BK'),
	(17337, 300, 'UK053', 'BK'),
	(17338, 300, 'UK054', 'BK'),
	(17339, 300, 'UK055', 'BK'),
	(17340, 300, 'UK056', 'BK'),
	(17341, 300, 'UK057', 'K'),
	(17342, 300, 'UK058', 'BK'),
	(17343, 301, 'UK001', 'K'),
	(17344, 301, 'UK002', 'BK'),
	(17345, 301, 'UK003', 'K'),
	(17346, 301, 'UK004', 'K'),
	(17347, 301, 'UK005', 'K'),
	(17348, 301, 'UK006', 'K'),
	(17349, 301, 'UK007', 'K'),
	(17350, 301, 'UK008', 'BK'),
	(17351, 301, 'UK009', 'K'),
	(17352, 301, 'UK010', 'K'),
	(17353, 301, 'UK011', 'K'),
	(17354, 301, 'UK012', 'K'),
	(17355, 301, 'UK013', 'BK'),
	(17356, 301, 'UK014', 'BK'),
	(17357, 301, 'UK015', 'K'),
	(17358, 301, 'UK016', 'K'),
	(17359, 301, 'UK017', 'K'),
	(17360, 301, 'UK018', 'K'),
	(17361, 301, 'UK019', 'K'),
	(17362, 301, 'UK020', 'BK'),
	(17363, 301, 'UK021', 'K'),
	(17364, 301, 'UK022', 'K'),
	(17365, 301, 'UK023', 'K'),
	(17366, 301, 'UK024', 'BK'),
	(17367, 301, 'UK025', 'BK'),
	(17368, 301, 'UK026', 'K'),
	(17369, 301, 'UK027', 'BK'),
	(17370, 301, 'UK028', 'K'),
	(17371, 301, 'UK029', 'K'),
	(17372, 301, 'UK030', 'K'),
	(17373, 301, 'UK031', 'K'),
	(17374, 301, 'UK032', 'BK'),
	(17375, 301, 'UK033', 'K'),
	(17376, 301, 'UK034', 'BK'),
	(17377, 301, 'UK035', 'K'),
	(17378, 301, 'UK036', 'BK'),
	(17379, 301, 'UK037', 'K'),
	(17380, 301, 'UK038', 'K'),
	(17381, 301, 'UK039', 'BK'),
	(17382, 301, 'UK040', 'BK'),
	(17383, 301, 'UK041', 'BK'),
	(17384, 301, 'UK042', 'BK'),
	(17385, 301, 'UK043', 'BK'),
	(17386, 301, 'UK044', 'BK'),
	(17387, 301, 'UK045', 'BK'),
	(17388, 301, 'UK046', 'BK'),
	(17389, 301, 'UK047', 'BK'),
	(17390, 301, 'UK048', 'BK'),
	(17391, 301, 'UK049', 'BK'),
	(17392, 301, 'UK050', 'BK'),
	(17393, 301, 'UK051', 'BK'),
	(17394, 301, 'UK052', 'BK'),
	(17395, 301, 'UK053', 'BK'),
	(17396, 301, 'UK054', 'BK'),
	(17397, 301, 'UK055', 'BK'),
	(17398, 301, 'UK056', 'BK'),
	(17399, 301, 'UK057', 'BK'),
	(17400, 301, 'UK058', 'K'),
	(17401, 302, 'UK001', 'BK'),
	(17402, 302, 'UK002', 'BK'),
	(17403, 302, 'UK003', 'BK'),
	(17404, 302, 'UK004', 'BK'),
	(17405, 302, 'UK005', 'BK'),
	(17406, 302, 'UK006', 'BK'),
	(17407, 302, 'UK007', 'K'),
	(17408, 302, 'UK008', 'K'),
	(17409, 302, 'UK009', 'K'),
	(17410, 302, 'UK010', 'BK'),
	(17411, 302, 'UK011', 'BK'),
	(17412, 302, 'UK012', 'BK'),
	(17413, 302, 'UK013', 'BK'),
	(17414, 302, 'UK014', 'BK'),
	(17415, 302, 'UK015', 'BK'),
	(17416, 302, 'UK016', 'BK'),
	(17417, 302, 'UK017', 'BK'),
	(17418, 302, 'UK018', 'BK'),
	(17419, 302, 'UK019', 'K'),
	(17420, 302, 'UK020', 'K'),
	(17421, 302, 'UK021', 'BK'),
	(17422, 302, 'UK022', 'K'),
	(17423, 302, 'UK023', 'K'),
	(17424, 302, 'UK024', 'K'),
	(17425, 302, 'UK025', 'K'),
	(17426, 302, 'UK026', 'BK'),
	(17427, 302, 'UK027', 'BK'),
	(17428, 302, 'UK028', 'BK'),
	(17429, 302, 'UK029', 'K'),
	(17430, 302, 'UK030', 'K'),
	(17431, 302, 'UK031', 'BK'),
	(17432, 302, 'UK032', 'BK'),
	(17433, 302, 'UK033', 'BK'),
	(17434, 302, 'UK034', 'K'),
	(17435, 302, 'UK035', 'K'),
	(17436, 302, 'UK036', 'K'),
	(17437, 302, 'UK037', 'BK'),
	(17438, 302, 'UK038', 'BK'),
	(17439, 302, 'UK039', 'BK'),
	(17440, 302, 'UK040', 'K'),
	(17441, 302, 'UK041', 'BK'),
	(17442, 302, 'UK042', 'K'),
	(17443, 302, 'UK043', 'K'),
	(17444, 302, 'UK044', 'BK'),
	(17445, 302, 'UK045', 'BK'),
	(17446, 302, 'UK046', 'BK'),
	(17447, 302, 'UK047', 'K'),
	(17448, 302, 'UK048', 'BK'),
	(17449, 302, 'UK049', 'BK'),
	(17450, 302, 'UK050', 'BK'),
	(17451, 302, 'UK051', 'BK'),
	(17452, 302, 'UK052', 'BK'),
	(17453, 302, 'UK053', 'BK'),
	(17454, 302, 'UK054', 'BK'),
	(17455, 302, 'UK055', 'BK'),
	(17456, 302, 'UK056', 'BK'),
	(17457, 302, 'UK057', 'BK'),
	(17458, 302, 'UK058', 'BK'),
	(17459, 303, 'UK001', 'BK'),
	(17460, 303, 'UK002', 'BK'),
	(17461, 303, 'UK003', 'BK'),
	(17462, 303, 'UK004', 'BK'),
	(17463, 303, 'UK005', 'BK'),
	(17464, 303, 'UK006', 'K'),
	(17465, 303, 'UK007', 'K'),
	(17466, 303, 'UK008', 'K'),
	(17467, 303, 'UK009', 'BK'),
	(17468, 303, 'UK010', 'BK'),
	(17469, 303, 'UK011', 'BK'),
	(17470, 303, 'UK012', 'BK'),
	(17471, 303, 'UK013', 'BK'),
	(17472, 303, 'UK014', 'K'),
	(17473, 303, 'UK015', 'BK'),
	(17474, 303, 'UK016', 'BK'),
	(17475, 303, 'UK017', 'BK'),
	(17476, 303, 'UK018', 'BK'),
	(17477, 303, 'UK019', 'BK'),
	(17478, 303, 'UK020', 'K'),
	(17479, 303, 'UK021', 'K'),
	(17480, 303, 'UK022', 'BK'),
	(17481, 303, 'UK023', 'K'),
	(17482, 303, 'UK024', 'K'),
	(17483, 303, 'UK025', 'K'),
	(17484, 303, 'UK026', 'BK'),
	(17485, 303, 'UK027', 'BK'),
	(17486, 303, 'UK028', 'K'),
	(17487, 303, 'UK029', 'K'),
	(17488, 303, 'UK030', 'K'),
	(17489, 303, 'UK031', 'K'),
	(17490, 303, 'UK032', 'BK'),
	(17491, 303, 'UK033', 'BK'),
	(17492, 303, 'UK034', 'K'),
	(17493, 303, 'UK035', 'K'),
	(17494, 303, 'UK036', 'K'),
	(17495, 303, 'UK037', 'K'),
	(17496, 303, 'UK038', 'BK'),
	(17497, 303, 'UK039', 'BK'),
	(17498, 303, 'UK040', 'BK'),
	(17499, 303, 'UK041', 'BK'),
	(17500, 303, 'UK042', 'BK'),
	(17501, 303, 'UK043', 'BK'),
	(17502, 303, 'UK044', 'BK'),
	(17503, 303, 'UK045', 'BK'),
	(17504, 303, 'UK046', 'BK'),
	(17505, 303, 'UK047', 'BK'),
	(17506, 303, 'UK048', 'BK'),
	(17507, 303, 'UK049', 'BK'),
	(17508, 303, 'UK050', 'BK'),
	(17509, 303, 'UK051', 'BK'),
	(17510, 303, 'UK052', 'BK'),
	(17511, 303, 'UK053', 'BK'),
	(17512, 303, 'UK054', 'BK'),
	(17513, 303, 'UK055', 'BK'),
	(17514, 303, 'UK056', 'BK'),
	(17515, 303, 'UK057', 'BK'),
	(17516, 303, 'UK058', 'BK'),
	(17517, 304, 'UK001', 'BK'),
	(17518, 304, 'UK002', 'BK'),
	(17519, 304, 'UK003', 'K'),
	(17520, 304, 'UK004', 'BK'),
	(17521, 304, 'UK005', 'BK'),
	(17522, 304, 'UK006', 'BK'),
	(17523, 304, 'UK007', 'K'),
	(17524, 304, 'UK008', 'BK'),
	(17525, 304, 'UK009', 'K'),
	(17526, 304, 'UK010', 'BK'),
	(17527, 304, 'UK011', 'K'),
	(17528, 304, 'UK012', 'K'),
	(17529, 304, 'UK013', 'BK'),
	(17530, 304, 'UK014', 'K'),
	(17531, 304, 'UK015', 'K'),
	(17532, 304, 'UK016', 'K'),
	(17533, 304, 'UK017', 'BK'),
	(17534, 304, 'UK018', 'BK'),
	(17535, 304, 'UK019', 'K'),
	(17536, 304, 'UK020', 'K'),
	(17537, 304, 'UK021', 'K'),
	(17538, 304, 'UK022', 'K'),
	(17539, 304, 'UK023', 'K'),
	(17540, 304, 'UK024', 'K'),
	(17541, 304, 'UK025', 'K'),
	(17542, 304, 'UK026', 'BK'),
	(17543, 304, 'UK027', 'BK'),
	(17544, 304, 'UK028', 'BK'),
	(17545, 304, 'UK029', 'K'),
	(17546, 304, 'UK030', 'K'),
	(17547, 304, 'UK031', 'BK'),
	(17548, 304, 'UK032', 'BK'),
	(17549, 304, 'UK033', 'BK'),
	(17550, 304, 'UK034', 'K'),
	(17551, 304, 'UK035', 'K'),
	(17552, 304, 'UK036', 'K'),
	(17553, 304, 'UK037', 'BK'),
	(17554, 304, 'UK038', 'BK'),
	(17555, 304, 'UK039', 'BK'),
	(17556, 304, 'UK040', 'BK'),
	(17557, 304, 'UK041', 'K'),
	(17558, 304, 'UK042', 'BK'),
	(17559, 304, 'UK043', 'BK'),
	(17560, 304, 'UK044', 'BK'),
	(17561, 304, 'UK045', 'BK'),
	(17562, 304, 'UK046', 'BK'),
	(17563, 304, 'UK047', 'BK'),
	(17564, 304, 'UK048', 'BK'),
	(17565, 304, 'UK049', 'BK'),
	(17566, 304, 'UK050', 'K'),
	(17567, 304, 'UK051', 'BK'),
	(17568, 304, 'UK052', 'BK'),
	(17569, 304, 'UK053', 'BK'),
	(17570, 304, 'UK054', 'BK'),
	(17571, 304, 'UK055', 'BK'),
	(17572, 304, 'UK056', 'K'),
	(17573, 304, 'UK057', 'BK'),
	(17574, 304, 'UK058', 'BK'),
	(17575, 305, 'UK001', 'BK'),
	(17576, 305, 'UK002', 'BK'),
	(17577, 305, 'UK003', 'BK'),
	(17578, 305, 'UK004', 'K'),
	(17579, 305, 'UK005', 'K'),
	(17580, 305, 'UK006', 'BK'),
	(17581, 305, 'UK007', 'BK'),
	(17582, 305, 'UK008', 'K'),
	(17583, 305, 'UK009', 'BK'),
	(17584, 305, 'UK010', 'BK'),
	(17585, 305, 'UK011', 'BK'),
	(17586, 305, 'UK012', 'K'),
	(17587, 305, 'UK013', 'BK'),
	(17588, 305, 'UK014', 'BK'),
	(17589, 305, 'UK015', 'BK'),
	(17590, 305, 'UK016', 'BK'),
	(17591, 305, 'UK017', 'K'),
	(17592, 305, 'UK018', 'BK'),
	(17593, 305, 'UK019', 'BK'),
	(17594, 305, 'UK020', 'BK'),
	(17595, 305, 'UK021', 'K'),
	(17596, 305, 'UK022', 'K'),
	(17597, 305, 'UK023', 'K'),
	(17598, 305, 'UK024', 'K'),
	(17599, 305, 'UK025', 'K'),
	(17600, 305, 'UK026', 'BK'),
	(17601, 305, 'UK027', 'BK'),
	(17602, 305, 'UK028', 'K'),
	(17603, 305, 'UK029', 'K'),
	(17604, 305, 'UK030', 'K'),
	(17605, 305, 'UK031', 'BK'),
	(17606, 305, 'UK032', 'BK'),
	(17607, 305, 'UK033', 'BK'),
	(17608, 305, 'UK034', 'BK'),
	(17609, 305, 'UK035', 'K'),
	(17610, 305, 'UK036', 'K'),
	(17611, 305, 'UK037', 'K'),
	(17612, 305, 'UK038', 'BK'),
	(17613, 305, 'UK039', 'BK'),
	(17614, 305, 'UK040', 'K'),
	(17615, 305, 'UK041', 'BK'),
	(17616, 305, 'UK042', 'BK'),
	(17617, 305, 'UK043', 'BK'),
	(17618, 305, 'UK044', 'BK'),
	(17619, 305, 'UK045', 'K'),
	(17620, 305, 'UK046', 'BK'),
	(17621, 305, 'UK047', 'BK'),
	(17622, 305, 'UK048', 'BK'),
	(17623, 305, 'UK049', 'BK'),
	(17624, 305, 'UK050', 'K'),
	(17625, 305, 'UK051', 'BK'),
	(17626, 305, 'UK052', 'BK'),
	(17627, 305, 'UK053', 'BK'),
	(17628, 305, 'UK054', 'BK'),
	(17629, 305, 'UK055', 'BK'),
	(17630, 305, 'UK056', 'BK'),
	(17631, 305, 'UK057', 'BK'),
	(17632, 305, 'UK058', 'BK'),
	(17633, 306, 'UK001', 'BK'),
	(17634, 306, 'UK002', 'BK'),
	(17635, 306, 'UK003', 'BK'),
	(17636, 306, 'UK004', 'BK'),
	(17637, 306, 'UK005', 'BK'),
	(17638, 306, 'UK006', 'BK'),
	(17639, 306, 'UK007', 'BK'),
	(17640, 306, 'UK008', 'K'),
	(17641, 306, 'UK009', 'BK'),
	(17642, 306, 'UK010', 'BK'),
	(17643, 306, 'UK011', 'BK'),
	(17644, 306, 'UK012', 'BK'),
	(17645, 306, 'UK013', 'K'),
	(17646, 306, 'UK014', 'BK'),
	(17647, 306, 'UK015', 'K'),
	(17648, 306, 'UK016', 'BK'),
	(17649, 306, 'UK017', 'BK'),
	(17650, 306, 'UK018', 'BK'),
	(17651, 306, 'UK019', 'K'),
	(17652, 306, 'UK020', 'BK'),
	(17653, 306, 'UK021', 'BK'),
	(17654, 306, 'UK022', 'K'),
	(17655, 306, 'UK023', 'K'),
	(17656, 306, 'UK024', 'K'),
	(17657, 306, 'UK025', 'K'),
	(17658, 306, 'UK026', 'K'),
	(17659, 306, 'UK027', 'K'),
	(17660, 306, 'UK028', 'K'),
	(17661, 306, 'UK029', 'K'),
	(17662, 306, 'UK030', 'K'),
	(17663, 306, 'UK031', 'BK'),
	(17664, 306, 'UK032', 'BK'),
	(17665, 306, 'UK033', 'BK'),
	(17666, 306, 'UK034', 'K'),
	(17667, 306, 'UK035', 'K'),
	(17668, 306, 'UK036', 'K'),
	(17669, 306, 'UK037', 'BK'),
	(17670, 306, 'UK038', 'BK'),
	(17671, 306, 'UK039', 'BK'),
	(17672, 306, 'UK040', 'BK'),
	(17673, 306, 'UK041', 'BK'),
	(17674, 306, 'UK042', 'BK'),
	(17675, 306, 'UK043', 'BK'),
	(17676, 306, 'UK044', 'K'),
	(17677, 306, 'UK045', 'BK'),
	(17678, 306, 'UK046', 'K'),
	(17679, 306, 'UK047', 'BK'),
	(17680, 306, 'UK048', 'BK'),
	(17681, 306, 'UK049', 'BK'),
	(17682, 306, 'UK050', 'BK'),
	(17683, 306, 'UK051', 'K'),
	(17684, 306, 'UK052', 'K'),
	(17685, 306, 'UK053', 'K'),
	(17686, 306, 'UK054', 'BK'),
	(17687, 306, 'UK055', 'BK'),
	(17688, 306, 'UK056', 'BK'),
	(17689, 306, 'UK057', 'BK'),
	(17690, 306, 'UK058', 'K'),
	(17691, 307, 'UK001', 'BK'),
	(17692, 307, 'UK002', 'BK'),
	(17693, 307, 'UK003', 'BK'),
	(17694, 307, 'UK004', 'BK'),
	(17695, 307, 'UK005', 'BK'),
	(17696, 307, 'UK006', 'BK'),
	(17697, 307, 'UK007', 'BK'),
	(17698, 307, 'UK008', 'K'),
	(17699, 307, 'UK009', 'BK'),
	(17700, 307, 'UK010', 'BK'),
	(17701, 307, 'UK011', 'K'),
	(17702, 307, 'UK012', 'BK'),
	(17703, 307, 'UK013', 'K'),
	(17704, 307, 'UK014', 'BK'),
	(17705, 307, 'UK015', 'BK'),
	(17706, 307, 'UK016', 'BK'),
	(17707, 307, 'UK017', 'K'),
	(17708, 307, 'UK018', 'BK'),
	(17709, 307, 'UK019', 'K'),
	(17710, 307, 'UK020', 'BK'),
	(17711, 307, 'UK021', 'K'),
	(17712, 307, 'UK022', 'K'),
	(17713, 307, 'UK023', 'K'),
	(17714, 307, 'UK024', 'K'),
	(17715, 307, 'UK025', 'K'),
	(17716, 307, 'UK026', 'BK'),
	(17717, 307, 'UK027', 'BK'),
	(17718, 307, 'UK028', 'BK'),
	(17719, 307, 'UK029', 'K'),
	(17720, 307, 'UK030', 'K'),
	(17721, 307, 'UK031', 'K'),
	(17722, 307, 'UK032', 'BK'),
	(17723, 307, 'UK033', 'BK'),
	(17724, 307, 'UK034', 'K'),
	(17725, 307, 'UK035', 'BK'),
	(17726, 307, 'UK036', 'K'),
	(17727, 307, 'UK037', 'K'),
	(17728, 307, 'UK038', 'BK'),
	(17729, 307, 'UK039', 'BK'),
	(17730, 307, 'UK040', 'BK'),
	(17731, 307, 'UK041', 'BK'),
	(17732, 307, 'UK042', 'BK'),
	(17733, 307, 'UK043', 'BK'),
	(17734, 307, 'UK044', 'K'),
	(17735, 307, 'UK045', 'BK'),
	(17736, 307, 'UK046', 'BK'),
	(17737, 307, 'UK047', 'BK'),
	(17738, 307, 'UK048', 'BK'),
	(17739, 307, 'UK049', 'BK'),
	(17740, 307, 'UK050', 'BK'),
	(17741, 307, 'UK051', 'BK'),
	(17742, 307, 'UK052', 'BK'),
	(17743, 307, 'UK053', 'K'),
	(17744, 307, 'UK054', 'K'),
	(17745, 307, 'UK055', 'K'),
	(17746, 307, 'UK056', 'K'),
	(17747, 307, 'UK057', 'BK'),
	(17748, 307, 'UK058', 'BK'),
	(17749, 308, 'UK001', 'BK'),
	(17750, 308, 'UK002', 'BK'),
	(17751, 308, 'UK003', 'K'),
	(17752, 308, 'UK004', 'BK'),
	(17753, 308, 'UK005', 'K'),
	(17754, 308, 'UK006', 'K'),
	(17755, 308, 'UK007', 'BK'),
	(17756, 308, 'UK008', 'K'),
	(17757, 308, 'UK009', 'K'),
	(17758, 308, 'UK010', 'BK'),
	(17759, 308, 'UK011', 'BK'),
	(17760, 308, 'UK012', 'K'),
	(17761, 308, 'UK013', 'BK'),
	(17762, 308, 'UK014', 'BK'),
	(17763, 308, 'UK015', 'BK'),
	(17764, 308, 'UK016', 'BK'),
	(17765, 308, 'UK017', 'BK'),
	(17766, 308, 'UK018', 'BK'),
	(17767, 308, 'UK019', 'K'),
	(17768, 308, 'UK020', 'BK'),
	(17769, 308, 'UK021', 'K'),
	(17770, 308, 'UK022', 'K'),
	(17771, 308, 'UK023', 'K'),
	(17772, 308, 'UK024', 'K'),
	(17773, 308, 'UK025', 'BK'),
	(17774, 308, 'UK026', 'BK'),
	(17775, 308, 'UK027', 'BK'),
	(17776, 308, 'UK028', 'BK'),
	(17777, 308, 'UK029', 'K'),
	(17778, 308, 'UK030', 'K'),
	(17779, 308, 'UK031', 'BK'),
	(17780, 308, 'UK032', 'BK'),
	(17781, 308, 'UK033', 'BK'),
	(17782, 308, 'UK034', 'K'),
	(17783, 308, 'UK035', 'K'),
	(17784, 308, 'UK036', 'K'),
	(17785, 308, 'UK037', 'BK'),
	(17786, 308, 'UK038', 'K'),
	(17787, 308, 'UK039', 'BK'),
	(17788, 308, 'UK040', 'BK'),
	(17789, 308, 'UK041', 'BK'),
	(17790, 308, 'UK042', 'BK'),
	(17791, 308, 'UK043', 'BK'),
	(17792, 308, 'UK044', 'K'),
	(17793, 308, 'UK045', 'BK'),
	(17794, 308, 'UK046', 'BK'),
	(17795, 308, 'UK047', 'BK'),
	(17796, 308, 'UK048', 'BK'),
	(17797, 308, 'UK049', 'K'),
	(17798, 308, 'UK050', 'BK'),
	(17799, 308, 'UK051', 'BK'),
	(17800, 308, 'UK052', 'BK'),
	(17801, 308, 'UK053', 'BK'),
	(17802, 308, 'UK054', 'BK'),
	(17803, 308, 'UK055', 'BK'),
	(17804, 308, 'UK056', 'BK'),
	(17805, 308, 'UK057', 'K'),
	(17806, 308, 'UK058', 'BK'),
	(17807, 309, 'UK001', 'BK'),
	(17808, 309, 'UK002', 'K'),
	(17809, 309, 'UK003', 'K'),
	(17810, 309, 'UK004', 'BK'),
	(17811, 309, 'UK005', 'BK'),
	(17812, 309, 'UK006', 'BK'),
	(17813, 309, 'UK007', 'BK'),
	(17814, 309, 'UK008', 'BK'),
	(17815, 309, 'UK009', 'BK'),
	(17816, 309, 'UK010', 'BK'),
	(17817, 309, 'UK011', 'BK'),
	(17818, 309, 'UK012', 'BK'),
	(17819, 309, 'UK013', 'BK'),
	(17820, 309, 'UK014', 'BK'),
	(17821, 309, 'UK015', 'K'),
	(17822, 309, 'UK016', 'K'),
	(17823, 309, 'UK017', 'BK'),
	(17824, 309, 'UK018', 'K'),
	(17825, 309, 'UK019', 'K'),
	(17826, 309, 'UK020', 'BK'),
	(17827, 309, 'UK021', 'K'),
	(17828, 309, 'UK022', 'K'),
	(17829, 309, 'UK023', 'K'),
	(17830, 309, 'UK024', 'K'),
	(17831, 309, 'UK025', 'K'),
	(17832, 309, 'UK026', 'BK'),
	(17833, 309, 'UK027', 'K'),
	(17834, 309, 'UK028', 'BK'),
	(17835, 309, 'UK029', 'K'),
	(17836, 309, 'UK030', 'K'),
	(17837, 309, 'UK031', 'BK'),
	(17838, 309, 'UK032', 'BK'),
	(17839, 309, 'UK033', 'BK'),
	(17840, 309, 'UK034', 'K'),
	(17841, 309, 'UK035', 'BK'),
	(17842, 309, 'UK036', 'K'),
	(17843, 309, 'UK037', 'BK'),
	(17844, 309, 'UK038', 'BK'),
	(17845, 309, 'UK039', 'BK'),
	(17846, 309, 'UK040', 'BK'),
	(17847, 309, 'UK041', 'BK'),
	(17848, 309, 'UK042', 'BK'),
	(17849, 309, 'UK043', 'BK'),
	(17850, 309, 'UK044', 'BK'),
	(17851, 309, 'UK045', 'K'),
	(17852, 309, 'UK046', 'BK'),
	(17853, 309, 'UK047', 'BK'),
	(17854, 309, 'UK048', 'BK'),
	(17855, 309, 'UK049', 'BK'),
	(17856, 309, 'UK050', 'BK'),
	(17857, 309, 'UK051', 'BK'),
	(17858, 309, 'UK052', 'BK'),
	(17859, 309, 'UK053', 'K'),
	(17860, 309, 'UK054', 'BK'),
	(17861, 309, 'UK055', 'K'),
	(17862, 309, 'UK056', 'BK'),
	(17863, 309, 'UK057', 'BK'),
	(17864, 309, 'UK058', 'K'),
	(17865, 310, 'UK001', 'BK'),
	(17866, 310, 'UK002', 'BK'),
	(17867, 310, 'UK003', 'BK'),
	(17868, 310, 'UK004', 'BK'),
	(17869, 310, 'UK005', 'BK'),
	(17870, 310, 'UK006', 'K'),
	(17871, 310, 'UK007', 'BK'),
	(17872, 310, 'UK008', 'K'),
	(17873, 310, 'UK009', 'BK'),
	(17874, 310, 'UK010', 'BK'),
	(17875, 310, 'UK011', 'BK'),
	(17876, 310, 'UK012', 'BK'),
	(17877, 310, 'UK013', 'BK'),
	(17878, 310, 'UK014', 'BK'),
	(17879, 310, 'UK015', 'K'),
	(17880, 310, 'UK016', 'BK'),
	(17881, 310, 'UK017', 'BK'),
	(17882, 310, 'UK018', 'BK'),
	(17883, 310, 'UK019', 'K'),
	(17884, 310, 'UK020', 'K'),
	(17885, 310, 'UK021', 'BK'),
	(17886, 310, 'UK022', 'K'),
	(17887, 310, 'UK023', 'K'),
	(17888, 310, 'UK024', 'K'),
	(17889, 310, 'UK025', 'BK'),
	(17890, 310, 'UK026', 'BK'),
	(17891, 310, 'UK027', 'K'),
	(17892, 310, 'UK028', 'BK'),
	(17893, 310, 'UK029', 'K'),
	(17894, 310, 'UK030', 'K'),
	(17895, 310, 'UK031', 'BK'),
	(17896, 310, 'UK032', 'BK'),
	(17897, 310, 'UK033', 'K'),
	(17898, 310, 'UK034', 'K'),
	(17899, 310, 'UK035', 'K'),
	(17900, 310, 'UK036', 'K'),
	(17901, 310, 'UK037', 'BK'),
	(17902, 310, 'UK038', 'BK'),
	(17903, 310, 'UK039', 'K'),
	(17904, 310, 'UK040', 'BK'),
	(17905, 310, 'UK041', 'BK'),
	(17906, 310, 'UK042', 'BK'),
	(17907, 310, 'UK043', 'BK'),
	(17908, 310, 'UK044', 'BK'),
	(17909, 310, 'UK045', 'BK'),
	(17910, 310, 'UK046', 'BK'),
	(17911, 310, 'UK047', 'K'),
	(17912, 310, 'UK048', 'BK'),
	(17913, 310, 'UK049', 'BK'),
	(17914, 310, 'UK050', 'BK'),
	(17915, 310, 'UK051', 'K'),
	(17916, 310, 'UK052', 'BK'),
	(17917, 310, 'UK053', 'BK'),
	(17918, 310, 'UK054', 'BK'),
	(17919, 310, 'UK055', 'BK'),
	(17920, 310, 'UK056', 'BK'),
	(17921, 310, 'UK057', 'BK'),
	(17922, 310, 'UK058', 'BK'),
	(17923, 311, 'UK001', 'BK'),
	(17924, 311, 'UK002', 'BK'),
	(17925, 311, 'UK003', 'BK'),
	(17926, 311, 'UK004', 'BK'),
	(17927, 311, 'UK005', 'BK'),
	(17928, 311, 'UK006', 'BK'),
	(17929, 311, 'UK007', 'BK'),
	(17930, 311, 'UK008', 'K'),
	(17931, 311, 'UK009', 'BK'),
	(17932, 311, 'UK010', 'BK'),
	(17933, 311, 'UK011', 'BK'),
	(17934, 311, 'UK012', 'BK'),
	(17935, 311, 'UK013', 'BK'),
	(17936, 311, 'UK014', 'BK'),
	(17937, 311, 'UK015', 'K'),
	(17938, 311, 'UK016', 'BK'),
	(17939, 311, 'UK017', 'BK'),
	(17940, 311, 'UK018', 'BK'),
	(17941, 311, 'UK019', 'K'),
	(17942, 311, 'UK020', 'BK'),
	(17943, 311, 'UK021', 'K'),
	(17944, 311, 'UK022', 'K'),
	(17945, 311, 'UK023', 'K'),
	(17946, 311, 'UK024', 'K'),
	(17947, 311, 'UK025', 'K'),
	(17948, 311, 'UK026', 'BK'),
	(17949, 311, 'UK027', 'BK'),
	(17950, 311, 'UK028', 'BK'),
	(17951, 311, 'UK029', 'K'),
	(17952, 311, 'UK030', 'BK'),
	(17953, 311, 'UK031', 'BK'),
	(17954, 311, 'UK032', 'BK'),
	(17955, 311, 'UK033', 'BK'),
	(17956, 311, 'UK034', 'BK'),
	(17957, 311, 'UK035', 'K'),
	(17958, 311, 'UK036', 'K'),
	(17959, 311, 'UK037', 'BK'),
	(17960, 311, 'UK038', 'BK'),
	(17961, 311, 'UK039', 'BK'),
	(17962, 311, 'UK040', 'BK'),
	(17963, 311, 'UK041', 'BK'),
	(17964, 311, 'UK042', 'BK'),
	(17965, 311, 'UK043', 'BK'),
	(17966, 311, 'UK044', 'BK'),
	(17967, 311, 'UK045', 'BK'),
	(17968, 311, 'UK046', 'BK'),
	(17969, 311, 'UK047', 'BK'),
	(17970, 311, 'UK048', 'BK'),
	(17971, 311, 'UK049', 'BK'),
	(17972, 311, 'UK050', 'BK'),
	(17973, 311, 'UK051', 'BK'),
	(17974, 311, 'UK052', 'BK'),
	(17975, 311, 'UK053', 'BK'),
	(17976, 311, 'UK054', 'BK'),
	(17977, 311, 'UK055', 'BK'),
	(17978, 311, 'UK056', 'BK'),
	(17979, 311, 'UK057', 'BK'),
	(17980, 311, 'UK058', 'BK'),
	(17981, 312, 'UK001', 'BK'),
	(17982, 312, 'UK002', 'BK'),
	(17983, 312, 'UK003', 'BK'),
	(17984, 312, 'UK004', 'BK'),
	(17985, 312, 'UK005', 'BK'),
	(17986, 312, 'UK006', 'BK'),
	(17987, 312, 'UK007', 'BK'),
	(17988, 312, 'UK008', 'K'),
	(17989, 312, 'UK009', 'K'),
	(17990, 312, 'UK010', 'BK'),
	(17991, 312, 'UK011', 'K'),
	(17992, 312, 'UK012', 'BK'),
	(17993, 312, 'UK013', 'BK'),
	(17994, 312, 'UK014', 'BK'),
	(17995, 312, 'UK015', 'BK'),
	(17996, 312, 'UK016', 'BK'),
	(17997, 312, 'UK017', 'BK'),
	(17998, 312, 'UK018', 'BK'),
	(17999, 312, 'UK019', 'K'),
	(18000, 312, 'UK020', 'BK'),
	(18001, 312, 'UK021', 'K'),
	(18002, 312, 'UK022', 'BK'),
	(18003, 312, 'UK023', 'BK'),
	(18004, 312, 'UK024', 'BK'),
	(18005, 312, 'UK025', 'K'),
	(18006, 312, 'UK026', 'BK'),
	(18007, 312, 'UK027', 'BK'),
	(18008, 312, 'UK028', 'BK'),
	(18009, 312, 'UK029', 'BK'),
	(18010, 312, 'UK030', 'BK'),
	(18011, 312, 'UK031', 'BK'),
	(18012, 312, 'UK032', 'BK'),
	(18013, 312, 'UK033', 'K'),
	(18014, 312, 'UK034', 'BK'),
	(18015, 312, 'UK035', 'K'),
	(18016, 312, 'UK036', 'K'),
	(18017, 312, 'UK037', 'K'),
	(18018, 312, 'UK038', 'K'),
	(18019, 312, 'UK039', 'BK'),
	(18020, 312, 'UK040', 'K'),
	(18021, 312, 'UK041', 'BK'),
	(18022, 312, 'UK042', 'BK'),
	(18023, 312, 'UK043', 'K'),
	(18024, 312, 'UK044', 'BK'),
	(18025, 312, 'UK045', 'BK'),
	(18026, 312, 'UK046', 'K'),
	(18027, 312, 'UK047', 'BK'),
	(18028, 312, 'UK048', 'BK'),
	(18029, 312, 'UK049', 'BK'),
	(18030, 312, 'UK050', 'BK'),
	(18031, 312, 'UK051', 'BK'),
	(18032, 312, 'UK052', 'BK'),
	(18033, 312, 'UK053', 'BK'),
	(18034, 312, 'UK054', 'BK'),
	(18035, 312, 'UK055', 'BK'),
	(18036, 312, 'UK056', 'BK'),
	(18037, 312, 'UK057', 'BK'),
	(18038, 312, 'UK058', 'BK'),
	(18039, 313, 'UK001', 'BK'),
	(18040, 313, 'UK002', 'BK'),
	(18041, 313, 'UK003', 'BK'),
	(18042, 313, 'UK004', 'BK'),
	(18043, 313, 'UK005', 'BK'),
	(18044, 313, 'UK006', 'BK'),
	(18045, 313, 'UK007', 'BK'),
	(18046, 313, 'UK008', 'K'),
	(18047, 313, 'UK009', 'BK'),
	(18048, 313, 'UK010', 'BK'),
	(18049, 313, 'UK011', 'BK'),
	(18050, 313, 'UK012', 'K'),
	(18051, 313, 'UK013', 'BK'),
	(18052, 313, 'UK014', 'BK'),
	(18053, 313, 'UK015', 'BK'),
	(18054, 313, 'UK016', 'BK'),
	(18055, 313, 'UK017', 'BK'),
	(18056, 313, 'UK018', 'BK'),
	(18057, 313, 'UK019', 'K'),
	(18058, 313, 'UK020', 'BK'),
	(18059, 313, 'UK021', 'K'),
	(18060, 313, 'UK022', 'BK'),
	(18061, 313, 'UK023', 'BK'),
	(18062, 313, 'UK024', 'BK'),
	(18063, 313, 'UK025', 'K'),
	(18064, 313, 'UK026', 'BK'),
	(18065, 313, 'UK027', 'BK'),
	(18066, 313, 'UK028', 'BK'),
	(18067, 313, 'UK029', 'BK'),
	(18068, 313, 'UK030', 'BK'),
	(18069, 313, 'UK031', 'BK'),
	(18070, 313, 'UK032', 'BK'),
	(18071, 313, 'UK033', 'BK'),
	(18072, 313, 'UK034', 'K'),
	(18073, 313, 'UK035', 'BK'),
	(18074, 313, 'UK036', 'K'),
	(18075, 313, 'UK037', 'K'),
	(18076, 313, 'UK038', 'BK'),
	(18077, 313, 'UK039', 'BK'),
	(18078, 313, 'UK040', 'BK'),
	(18079, 313, 'UK041', 'BK'),
	(18080, 313, 'UK042', 'BK'),
	(18081, 313, 'UK043', 'BK'),
	(18082, 313, 'UK044', 'BK'),
	(18083, 313, 'UK045', 'K'),
	(18084, 313, 'UK046', 'K'),
	(18085, 313, 'UK047', 'BK'),
	(18086, 313, 'UK048', 'BK'),
	(18087, 313, 'UK049', 'K'),
	(18088, 313, 'UK050', 'BK'),
	(18089, 313, 'UK051', 'BK'),
	(18090, 313, 'UK052', 'BK'),
	(18091, 313, 'UK053', 'BK'),
	(18092, 313, 'UK054', 'BK'),
	(18093, 313, 'UK055', 'BK'),
	(18094, 313, 'UK056', 'BK'),
	(18095, 313, 'UK057', 'BK'),
	(18096, 313, 'UK058', 'BK'),
	(18097, 314, 'UK001', 'K'),
	(18098, 314, 'UK002', 'K'),
	(18099, 314, 'UK003', 'BK'),
	(18100, 314, 'UK004', 'BK'),
	(18101, 314, 'UK005', 'K'),
	(18102, 314, 'UK006', 'K'),
	(18103, 314, 'UK007', 'K'),
	(18104, 314, 'UK008', 'K'),
	(18105, 314, 'UK009', 'BK'),
	(18106, 314, 'UK010', 'BK'),
	(18107, 314, 'UK011', 'BK'),
	(18108, 314, 'UK012', 'K'),
	(18109, 314, 'UK013', 'BK'),
	(18110, 314, 'UK014', 'BK'),
	(18111, 314, 'UK015', 'BK'),
	(18112, 314, 'UK016', 'BK'),
	(18113, 314, 'UK017', 'BK'),
	(18114, 314, 'UK018', 'BK'),
	(18115, 314, 'UK019', 'K'),
	(18116, 314, 'UK020', 'BK'),
	(18117, 314, 'UK021', 'BK'),
	(18118, 314, 'UK022', 'BK'),
	(18119, 314, 'UK023', 'BK'),
	(18120, 314, 'UK024', 'BK'),
	(18121, 314, 'UK025', 'K'),
	(18122, 314, 'UK026', 'BK'),
	(18123, 314, 'UK027', 'K'),
	(18124, 314, 'UK028', 'BK'),
	(18125, 314, 'UK029', 'BK'),
	(18126, 314, 'UK030', 'BK'),
	(18127, 314, 'UK031', 'BK'),
	(18128, 314, 'UK032', 'BK'),
	(18129, 314, 'UK033', 'K'),
	(18130, 314, 'UK034', 'K'),
	(18131, 314, 'UK035', 'K'),
	(18132, 314, 'UK036', 'K'),
	(18133, 314, 'UK037', 'K'),
	(18134, 314, 'UK038', 'K'),
	(18135, 314, 'UK039', 'BK'),
	(18136, 314, 'UK040', 'K'),
	(18137, 314, 'UK041', 'BK'),
	(18138, 314, 'UK042', 'BK'),
	(18139, 314, 'UK043', 'BK'),
	(18140, 314, 'UK044', 'K'),
	(18141, 314, 'UK045', 'BK'),
	(18142, 314, 'UK046', 'BK'),
	(18143, 314, 'UK047', 'BK'),
	(18144, 314, 'UK048', 'K'),
	(18145, 314, 'UK049', 'BK'),
	(18146, 314, 'UK050', 'BK'),
	(18147, 314, 'UK051', 'BK'),
	(18148, 314, 'UK052', 'BK'),
	(18149, 314, 'UK053', 'BK'),
	(18150, 314, 'UK054', 'BK'),
	(18151, 314, 'UK055', 'BK'),
	(18152, 314, 'UK056', 'BK'),
	(18153, 314, 'UK057', 'BK'),
	(18154, 314, 'UK058', 'BK'),
	(18155, 315, 'UK001', 'BK'),
	(18156, 315, 'UK002', 'BK'),
	(18157, 315, 'UK003', 'BK'),
	(18158, 315, 'UK004', 'BK'),
	(18159, 315, 'UK005', 'K'),
	(18160, 315, 'UK006', 'BK'),
	(18161, 315, 'UK007', 'K'),
	(18162, 315, 'UK008', 'K'),
	(18163, 315, 'UK009', 'BK'),
	(18164, 315, 'UK010', 'BK'),
	(18165, 315, 'UK011', 'BK'),
	(18166, 315, 'UK012', 'K'),
	(18167, 315, 'UK013', 'K'),
	(18168, 315, 'UK014', 'BK'),
	(18169, 315, 'UK015', 'K'),
	(18170, 315, 'UK016', 'K'),
	(18171, 315, 'UK017', 'BK'),
	(18172, 315, 'UK018', 'BK'),
	(18173, 315, 'UK019', 'K'),
	(18174, 315, 'UK020', 'BK'),
	(18175, 315, 'UK021', 'K'),
	(18176, 315, 'UK022', 'BK'),
	(18177, 315, 'UK023', 'BK'),
	(18178, 315, 'UK024', 'BK'),
	(18179, 315, 'UK025', 'K'),
	(18180, 315, 'UK026', 'BK'),
	(18181, 315, 'UK027', 'BK'),
	(18182, 315, 'UK028', 'K'),
	(18183, 315, 'UK029', 'BK'),
	(18184, 315, 'UK030', 'BK'),
	(18185, 315, 'UK031', 'BK'),
	(18186, 315, 'UK032', 'BK'),
	(18187, 315, 'UK033', 'BK'),
	(18188, 315, 'UK034', 'K'),
	(18189, 315, 'UK035', 'K'),
	(18190, 315, 'UK036', 'BK'),
	(18191, 315, 'UK037', 'K'),
	(18192, 315, 'UK038', 'BK'),
	(18193, 315, 'UK039', 'BK'),
	(18194, 315, 'UK040', 'BK'),
	(18195, 315, 'UK041', 'BK'),
	(18196, 315, 'UK042', 'K'),
	(18197, 315, 'UK043', 'K'),
	(18198, 315, 'UK044', 'BK'),
	(18199, 315, 'UK045', 'BK'),
	(18200, 315, 'UK046', 'BK'),
	(18201, 315, 'UK047', 'BK'),
	(18202, 315, 'UK048', 'BK'),
	(18203, 315, 'UK049', 'K'),
	(18204, 315, 'UK050', 'BK'),
	(18205, 315, 'UK051', 'BK'),
	(18206, 315, 'UK052', 'BK'),
	(18207, 315, 'UK053', 'BK'),
	(18208, 315, 'UK054', 'BK'),
	(18209, 315, 'UK055', 'BK'),
	(18210, 315, 'UK056', 'BK'),
	(18211, 315, 'UK057', 'BK'),
	(18212, 315, 'UK058', 'K'),
	(18213, 316, 'UK001', 'K'),
	(18214, 316, 'UK002', 'BK'),
	(18215, 316, 'UK003', 'BK'),
	(18216, 316, 'UK004', 'BK'),
	(18217, 316, 'UK005', 'BK'),
	(18218, 316, 'UK006', 'BK'),
	(18219, 316, 'UK007', 'BK'),
	(18220, 316, 'UK008', 'K'),
	(18221, 316, 'UK009', 'K'),
	(18222, 316, 'UK010', 'BK'),
	(18223, 316, 'UK011', 'BK'),
	(18224, 316, 'UK012', 'BK'),
	(18225, 316, 'UK013', 'BK'),
	(18226, 316, 'UK014', 'BK'),
	(18227, 316, 'UK015', 'BK'),
	(18228, 316, 'UK016', 'BK'),
	(18229, 316, 'UK017', 'BK'),
	(18230, 316, 'UK018', 'BK'),
	(18231, 316, 'UK019', 'BK'),
	(18232, 316, 'UK020', 'BK'),
	(18233, 316, 'UK021', 'K'),
	(18234, 316, 'UK022', 'K'),
	(18235, 316, 'UK023', 'BK'),
	(18236, 316, 'UK024', 'BK'),
	(18237, 316, 'UK025', 'K'),
	(18238, 316, 'UK026', 'BK'),
	(18239, 316, 'UK027', 'BK'),
	(18240, 316, 'UK028', 'K'),
	(18241, 316, 'UK029', 'BK'),
	(18242, 316, 'UK030', 'BK'),
	(18243, 316, 'UK031', 'BK'),
	(18244, 316, 'UK032', 'BK'),
	(18245, 316, 'UK033', 'BK'),
	(18246, 316, 'UK034', 'K'),
	(18247, 316, 'UK035', 'K'),
	(18248, 316, 'UK036', 'BK'),
	(18249, 316, 'UK037', 'K'),
	(18250, 316, 'UK038', 'BK'),
	(18251, 316, 'UK039', 'BK'),
	(18252, 316, 'UK040', 'BK'),
	(18253, 316, 'UK041', 'BK'),
	(18254, 316, 'UK042', 'BK'),
	(18255, 316, 'UK043', 'BK'),
	(18256, 316, 'UK044', 'BK'),
	(18257, 316, 'UK045', 'BK'),
	(18258, 316, 'UK046', 'BK'),
	(18259, 316, 'UK047', 'BK'),
	(18260, 316, 'UK048', 'BK'),
	(18261, 316, 'UK049', 'BK'),
	(18262, 316, 'UK050', 'BK'),
	(18263, 316, 'UK051', 'BK'),
	(18264, 316, 'UK052', 'BK'),
	(18265, 316, 'UK053', 'BK'),
	(18266, 316, 'UK054', 'BK'),
	(18267, 316, 'UK055', 'BK'),
	(18268, 316, 'UK056', 'BK'),
	(18269, 316, 'UK057', 'BK'),
	(18270, 316, 'UK058', 'BK'),
	(18271, 317, 'UK001', 'BK'),
	(18272, 317, 'UK002', 'BK'),
	(18273, 317, 'UK003', 'BK'),
	(18274, 317, 'UK004', 'BK'),
	(18275, 317, 'UK005', 'BK'),
	(18276, 317, 'UK006', 'BK'),
	(18277, 317, 'UK007', 'BK'),
	(18278, 317, 'UK008', 'K'),
	(18279, 317, 'UK009', 'BK'),
	(18280, 317, 'UK010', 'BK'),
	(18281, 317, 'UK011', 'BK'),
	(18282, 317, 'UK012', 'BK'),
	(18283, 317, 'UK013', 'BK'),
	(18284, 317, 'UK014', 'BK'),
	(18285, 317, 'UK015', 'K'),
	(18286, 317, 'UK016', 'BK'),
	(18287, 317, 'UK017', 'BK'),
	(18288, 317, 'UK018', 'BK'),
	(18289, 317, 'UK019', 'K'),
	(18290, 317, 'UK020', 'BK'),
	(18291, 317, 'UK021', 'BK'),
	(18292, 317, 'UK022', 'BK'),
	(18293, 317, 'UK023', 'BK'),
	(18294, 317, 'UK024', 'BK'),
	(18295, 317, 'UK025', 'BK'),
	(18296, 317, 'UK026', 'BK'),
	(18297, 317, 'UK027', 'BK'),
	(18298, 317, 'UK028', 'BK'),
	(18299, 317, 'UK029', 'BK'),
	(18300, 317, 'UK030', 'BK'),
	(18301, 317, 'UK031', 'BK'),
	(18302, 317, 'UK032', 'BK'),
	(18303, 317, 'UK033', 'BK'),
	(18304, 317, 'UK034', 'K'),
	(18305, 317, 'UK035', 'K'),
	(18306, 317, 'UK036', 'BK'),
	(18307, 317, 'UK037', 'K'),
	(18308, 317, 'UK038', 'K'),
	(18309, 317, 'UK039', 'K'),
	(18310, 317, 'UK040', 'BK'),
	(18311, 317, 'UK041', 'BK'),
	(18312, 317, 'UK042', 'BK'),
	(18313, 317, 'UK043', 'K'),
	(18314, 317, 'UK044', 'BK'),
	(18315, 317, 'UK045', 'BK'),
	(18316, 317, 'UK046', 'BK'),
	(18317, 317, 'UK047', 'BK'),
	(18318, 317, 'UK048', 'BK'),
	(18319, 317, 'UK049', 'BK'),
	(18320, 317, 'UK050', 'BK'),
	(18321, 317, 'UK051', 'K'),
	(18322, 317, 'UK052', 'BK'),
	(18323, 317, 'UK053', 'BK'),
	(18324, 317, 'UK054', 'K'),
	(18325, 317, 'UK055', 'BK'),
	(18326, 317, 'UK056', 'BK'),
	(18327, 317, 'UK057', 'BK'),
	(18328, 317, 'UK058', 'BK'),
	(18329, 318, 'UK001', 'BK'),
	(18330, 318, 'UK002', 'BK'),
	(18331, 318, 'UK003', 'BK'),
	(18332, 318, 'UK004', 'BK'),
	(18333, 318, 'UK005', 'BK'),
	(18334, 318, 'UK006', 'K'),
	(18335, 318, 'UK007', 'K'),
	(18336, 318, 'UK008', 'K'),
	(18337, 318, 'UK009', 'BK'),
	(18338, 318, 'UK010', 'BK'),
	(18339, 318, 'UK011', 'K'),
	(18340, 318, 'UK012', 'BK'),
	(18341, 318, 'UK013', 'BK'),
	(18342, 318, 'UK014', 'K'),
	(18343, 318, 'UK015', 'BK'),
	(18344, 318, 'UK016', 'BK'),
	(18345, 318, 'UK017', 'BK'),
	(18346, 318, 'UK018', 'BK'),
	(18347, 318, 'UK019', 'BK'),
	(18348, 318, 'UK020', 'BK'),
	(18349, 318, 'UK021', 'BK'),
	(18350, 318, 'UK022', 'BK'),
	(18351, 318, 'UK023', 'K'),
	(18352, 318, 'UK024', 'BK'),
	(18353, 318, 'UK025', 'K'),
	(18354, 318, 'UK026', 'BK'),
	(18355, 318, 'UK027', 'BK'),
	(18356, 318, 'UK028', 'BK'),
	(18357, 318, 'UK029', 'BK'),
	(18358, 318, 'UK030', 'BK'),
	(18359, 318, 'UK031', 'K'),
	(18360, 318, 'UK032', 'BK'),
	(18361, 318, 'UK033', 'BK'),
	(18362, 318, 'UK034', 'K'),
	(18363, 318, 'UK035', 'K'),
	(18364, 318, 'UK036', 'K'),
	(18365, 318, 'UK037', 'K'),
	(18366, 318, 'UK038', 'BK'),
	(18367, 318, 'UK039', 'BK'),
	(18368, 318, 'UK040', 'BK'),
	(18369, 318, 'UK041', 'BK'),
	(18370, 318, 'UK042', 'BK'),
	(18371, 318, 'UK043', 'K'),
	(18372, 318, 'UK044', 'BK'),
	(18373, 318, 'UK045', 'BK'),
	(18374, 318, 'UK046', 'BK'),
	(18375, 318, 'UK047', 'BK'),
	(18376, 318, 'UK048', 'K'),
	(18377, 318, 'UK049', 'K'),
	(18378, 318, 'UK050', 'BK'),
	(18379, 318, 'UK051', 'BK'),
	(18380, 318, 'UK052', 'BK'),
	(18381, 318, 'UK053', 'BK'),
	(18382, 318, 'UK054', 'BK'),
	(18383, 318, 'UK055', 'K'),
	(18384, 318, 'UK056', 'K'),
	(18385, 318, 'UK057', 'BK'),
	(18386, 318, 'UK058', 'BK'),
	(18387, 319, 'UK001', 'BK'),
	(18388, 319, 'UK002', 'BK'),
	(18389, 319, 'UK003', 'BK'),
	(18390, 319, 'UK004', 'BK'),
	(18391, 319, 'UK005', 'BK'),
	(18392, 319, 'UK006', 'K'),
	(18393, 319, 'UK007', 'BK'),
	(18394, 319, 'UK008', 'BK'),
	(18395, 319, 'UK009', 'BK'),
	(18396, 319, 'UK010', 'BK'),
	(18397, 319, 'UK011', 'K'),
	(18398, 319, 'UK012', 'BK'),
	(18399, 319, 'UK013', 'BK'),
	(18400, 319, 'UK014', 'BK'),
	(18401, 319, 'UK015', 'BK'),
	(18402, 319, 'UK016', 'BK'),
	(18403, 319, 'UK017', 'BK'),
	(18404, 319, 'UK018', 'BK'),
	(18405, 319, 'UK019', 'BK'),
	(18406, 319, 'UK020', 'K'),
	(18407, 319, 'UK021', 'K'),
	(18408, 319, 'UK022', 'BK'),
	(18409, 319, 'UK023', 'BK'),
	(18410, 319, 'UK024', 'BK'),
	(18411, 319, 'UK025', 'K'),
	(18412, 319, 'UK026', 'BK'),
	(18413, 319, 'UK027', 'BK'),
	(18414, 319, 'UK028', 'BK'),
	(18415, 319, 'UK029', 'K'),
	(18416, 319, 'UK030', 'BK'),
	(18417, 319, 'UK031', 'BK'),
	(18418, 319, 'UK032', 'BK'),
	(18419, 319, 'UK033', 'BK'),
	(18420, 319, 'UK034', 'BK'),
	(18421, 319, 'UK035', 'BK'),
	(18422, 319, 'UK036', 'BK'),
	(18423, 319, 'UK037', 'BK'),
	(18424, 319, 'UK038', 'BK'),
	(18425, 319, 'UK039', 'BK'),
	(18426, 319, 'UK040', 'K'),
	(18427, 319, 'UK041', 'BK'),
	(18428, 319, 'UK042', 'BK'),
	(18429, 319, 'UK043', 'BK'),
	(18430, 319, 'UK044', 'BK'),
	(18431, 319, 'UK045', 'K'),
	(18432, 319, 'UK046', 'K'),
	(18433, 319, 'UK047', 'K'),
	(18434, 319, 'UK048', 'BK'),
	(18435, 319, 'UK049', 'BK'),
	(18436, 319, 'UK050', 'BK'),
	(18437, 319, 'UK051', 'K'),
	(18438, 319, 'UK052', 'BK'),
	(18439, 319, 'UK053', 'K'),
	(18440, 319, 'UK054', 'BK'),
	(18441, 319, 'UK055', 'BK'),
	(18442, 319, 'UK056', 'BK'),
	(18443, 319, 'UK057', 'K'),
	(18444, 319, 'UK058', 'K'),
	(18445, 320, 'UK001', 'BK'),
	(18446, 320, 'UK002', 'BK'),
	(18447, 320, 'UK003', 'K'),
	(18448, 320, 'UK004', 'BK'),
	(18449, 320, 'UK005', 'BK'),
	(18450, 320, 'UK006', 'BK'),
	(18451, 320, 'UK007', 'BK'),
	(18452, 320, 'UK008', 'K'),
	(18453, 320, 'UK009', 'BK'),
	(18454, 320, 'UK010', 'BK'),
	(18455, 320, 'UK011', 'BK'),
	(18456, 320, 'UK012', 'BK'),
	(18457, 320, 'UK013', 'BK'),
	(18458, 320, 'UK014', 'BK'),
	(18459, 320, 'UK015', 'BK'),
	(18460, 320, 'UK016', 'BK'),
	(18461, 320, 'UK017', 'K'),
	(18462, 320, 'UK018', 'BK'),
	(18463, 320, 'UK019', 'BK'),
	(18464, 320, 'UK020', 'BK'),
	(18465, 320, 'UK021', 'BK'),
	(18466, 320, 'UK022', 'BK'),
	(18467, 320, 'UK023', 'BK'),
	(18468, 320, 'UK024', 'BK'),
	(18469, 320, 'UK025', 'BK'),
	(18470, 320, 'UK026', 'BK'),
	(18471, 320, 'UK027', 'BK'),
	(18472, 320, 'UK028', 'BK'),
	(18473, 320, 'UK029', 'BK'),
	(18474, 320, 'UK030', 'BK'),
	(18475, 320, 'UK031', 'BK'),
	(18476, 320, 'UK032', 'K'),
	(18477, 320, 'UK033', 'BK'),
	(18478, 320, 'UK034', 'BK'),
	(18479, 320, 'UK035', 'K'),
	(18480, 320, 'UK036', 'BK'),
	(18481, 320, 'UK037', 'BK'),
	(18482, 320, 'UK038', 'K'),
	(18483, 320, 'UK039', 'BK'),
	(18484, 320, 'UK040', 'K'),
	(18485, 320, 'UK041', 'BK'),
	(18486, 320, 'UK042', 'K'),
	(18487, 320, 'UK043', 'BK'),
	(18488, 320, 'UK044', 'BK'),
	(18489, 320, 'UK045', 'K'),
	(18490, 320, 'UK046', 'K'),
	(18491, 320, 'UK047', 'BK'),
	(18492, 320, 'UK048', 'BK'),
	(18493, 320, 'UK049', 'BK'),
	(18494, 320, 'UK050', 'BK'),
	(18495, 320, 'UK051', 'K'),
	(18496, 320, 'UK052', 'BK'),
	(18497, 320, 'UK053', 'BK'),
	(18498, 320, 'UK054', 'BK'),
	(18499, 320, 'UK055', 'K'),
	(18500, 320, 'UK056', 'BK'),
	(18501, 320, 'UK057', 'K'),
	(18502, 320, 'UK058', 'K'),
	(18503, 321, 'UK001', 'BK'),
	(18504, 321, 'UK002', 'BK'),
	(18505, 321, 'UK003', 'K'),
	(18506, 321, 'UK004', 'BK'),
	(18507, 321, 'UK005', 'K'),
	(18508, 321, 'UK006', 'BK'),
	(18509, 321, 'UK007', 'K'),
	(18510, 321, 'UK008', 'K'),
	(18511, 321, 'UK009', 'BK'),
	(18512, 321, 'UK010', 'BK'),
	(18513, 321, 'UK011', 'BK'),
	(18514, 321, 'UK012', 'BK'),
	(18515, 321, 'UK013', 'BK'),
	(18516, 321, 'UK014', 'BK'),
	(18517, 321, 'UK015', 'BK'),
	(18518, 321, 'UK016', 'BK'),
	(18519, 321, 'UK017', 'BK'),
	(18520, 321, 'UK018', 'BK'),
	(18521, 321, 'UK019', 'K'),
	(18522, 321, 'UK020', 'BK'),
	(18523, 321, 'UK021', 'BK'),
	(18524, 321, 'UK022', 'BK'),
	(18525, 321, 'UK023', 'BK'),
	(18526, 321, 'UK024', 'BK'),
	(18527, 321, 'UK025', 'BK'),
	(18528, 321, 'UK026', 'K'),
	(18529, 321, 'UK027', 'BK'),
	(18530, 321, 'UK028', 'BK'),
	(18531, 321, 'UK029', 'BK'),
	(18532, 321, 'UK030', 'K'),
	(18533, 321, 'UK031', 'BK'),
	(18534, 321, 'UK032', 'BK'),
	(18535, 321, 'UK033', 'BK'),
	(18536, 321, 'UK034', 'BK'),
	(18537, 321, 'UK035', 'K'),
	(18538, 321, 'UK036', 'BK'),
	(18539, 321, 'UK037', 'BK'),
	(18540, 321, 'UK038', 'BK'),
	(18541, 321, 'UK039', 'BK'),
	(18542, 321, 'UK040', 'BK'),
	(18543, 321, 'UK041', 'BK'),
	(18544, 321, 'UK042', 'K'),
	(18545, 321, 'UK043', 'BK'),
	(18546, 321, 'UK044', 'BK'),
	(18547, 321, 'UK045', 'K'),
	(18548, 321, 'UK046', 'BK'),
	(18549, 321, 'UK047', 'K'),
	(18550, 321, 'UK048', 'BK'),
	(18551, 321, 'UK049', 'BK'),
	(18552, 321, 'UK050', 'BK'),
	(18553, 321, 'UK051', 'BK'),
	(18554, 321, 'UK052', 'K'),
	(18555, 321, 'UK053', 'BK'),
	(18556, 321, 'UK054', 'BK'),
	(18557, 321, 'UK055', 'BK'),
	(18558, 321, 'UK056', 'BK'),
	(18559, 321, 'UK057', 'K'),
	(18560, 321, 'UK058', 'K'),
	(18561, 322, 'UK001', 'BK'),
	(18562, 322, 'UK002', 'BK'),
	(18563, 322, 'UK003', 'BK'),
	(18564, 322, 'UK004', 'BK'),
	(18565, 322, 'UK005', 'BK'),
	(18566, 322, 'UK006', 'BK'),
	(18567, 322, 'UK007', 'K'),
	(18568, 322, 'UK008', 'BK'),
	(18569, 322, 'UK009', 'BK'),
	(18570, 322, 'UK010', 'BK'),
	(18571, 322, 'UK011', 'BK'),
	(18572, 322, 'UK012', 'BK'),
	(18573, 322, 'UK013', 'BK'),
	(18574, 322, 'UK014', 'BK'),
	(18575, 322, 'UK015', 'BK'),
	(18576, 322, 'UK016', 'BK'),
	(18577, 322, 'UK017', 'BK'),
	(18578, 322, 'UK018', 'BK'),
	(18579, 322, 'UK019', 'BK'),
	(18580, 322, 'UK020', 'K'),
	(18581, 322, 'UK021', 'BK'),
	(18582, 322, 'UK022', 'BK'),
	(18583, 322, 'UK023', 'BK'),
	(18584, 322, 'UK024', 'BK'),
	(18585, 322, 'UK025', 'BK'),
	(18586, 322, 'UK026', 'K'),
	(18587, 322, 'UK027', 'BK'),
	(18588, 322, 'UK028', 'BK'),
	(18589, 322, 'UK029', 'BK'),
	(18590, 322, 'UK030', 'BK'),
	(18591, 322, 'UK031', 'BK'),
	(18592, 322, 'UK032', 'K'),
	(18593, 322, 'UK033', 'BK'),
	(18594, 322, 'UK034', 'BK'),
	(18595, 322, 'UK035', 'BK'),
	(18596, 322, 'UK036', 'BK'),
	(18597, 322, 'UK037', 'K'),
	(18598, 322, 'UK038', 'K'),
	(18599, 322, 'UK039', 'BK'),
	(18600, 322, 'UK040', 'K'),
	(18601, 322, 'UK041', 'BK'),
	(18602, 322, 'UK042', 'K'),
	(18603, 322, 'UK043', 'BK'),
	(18604, 322, 'UK044', 'BK'),
	(18605, 322, 'UK045', 'K'),
	(18606, 322, 'UK046', 'K'),
	(18607, 322, 'UK047', 'K'),
	(18608, 322, 'UK048', 'BK'),
	(18609, 322, 'UK049', 'BK'),
	(18610, 322, 'UK050', 'BK'),
	(18611, 322, 'UK051', 'BK'),
	(18612, 322, 'UK052', 'BK'),
	(18613, 322, 'UK053', 'K'),
	(18614, 322, 'UK054', 'BK'),
	(18615, 322, 'UK055', 'BK'),
	(18616, 322, 'UK056', 'BK'),
	(18617, 322, 'UK057', 'K'),
	(18618, 322, 'UK058', 'K'),
	(18619, 323, 'UK001', 'BK'),
	(18620, 323, 'UK002', 'BK'),
	(18621, 323, 'UK003', 'BK'),
	(18622, 323, 'UK004', 'BK'),
	(18623, 323, 'UK005', 'BK'),
	(18624, 323, 'UK006', 'BK'),
	(18625, 323, 'UK007', 'BK'),
	(18626, 323, 'UK008', 'K'),
	(18627, 323, 'UK009', 'K'),
	(18628, 323, 'UK010', 'BK'),
	(18629, 323, 'UK011', 'BK'),
	(18630, 323, 'UK012', 'BK'),
	(18631, 323, 'UK013', 'K'),
	(18632, 323, 'UK014', 'BK'),
	(18633, 323, 'UK015', 'BK'),
	(18634, 323, 'UK016', 'BK'),
	(18635, 323, 'UK017', 'BK'),
	(18636, 323, 'UK018', 'BK'),
	(18637, 323, 'UK019', 'BK'),
	(18638, 323, 'UK020', 'K'),
	(18639, 323, 'UK021', 'K'),
	(18640, 323, 'UK022', 'BK'),
	(18641, 323, 'UK023', 'BK'),
	(18642, 323, 'UK024', 'BK'),
	(18643, 323, 'UK025', 'BK'),
	(18644, 323, 'UK026', 'BK'),
	(18645, 323, 'UK027', 'BK'),
	(18646, 323, 'UK028', 'BK'),
	(18647, 323, 'UK029', 'BK'),
	(18648, 323, 'UK030', 'K'),
	(18649, 323, 'UK031', 'BK'),
	(18650, 323, 'UK032', 'BK'),
	(18651, 323, 'UK033', 'BK'),
	(18652, 323, 'UK034', 'BK'),
	(18653, 323, 'UK035', 'BK'),
	(18654, 323, 'UK036', 'BK'),
	(18655, 323, 'UK037', 'BK'),
	(18656, 323, 'UK038', 'BK'),
	(18657, 323, 'UK039', 'BK'),
	(18658, 323, 'UK040', 'K'),
	(18659, 323, 'UK041', 'K'),
	(18660, 323, 'UK042', 'K'),
	(18661, 323, 'UK043', 'BK'),
	(18662, 323, 'UK044', 'BK'),
	(18663, 323, 'UK045', 'K'),
	(18664, 323, 'UK046', 'K'),
	(18665, 323, 'UK047', 'K'),
	(18666, 323, 'UK048', 'K'),
	(18667, 323, 'UK049', 'K'),
	(18668, 323, 'UK050', 'BK'),
	(18669, 323, 'UK051', 'BK'),
	(18670, 323, 'UK052', 'BK'),
	(18671, 323, 'UK053', 'BK'),
	(18672, 323, 'UK054', 'BK'),
	(18673, 323, 'UK055', 'BK'),
	(18674, 323, 'UK056', 'BK'),
	(18675, 323, 'UK057', 'K'),
	(18676, 323, 'UK058', 'K'),
	(18677, 324, 'UK001', 'BK'),
	(18678, 324, 'UK002', 'K'),
	(18679, 324, 'UK003', 'BK'),
	(18680, 324, 'UK004', 'BK'),
	(18681, 324, 'UK005', 'BK'),
	(18682, 324, 'UK006', 'BK'),
	(18683, 324, 'UK007', 'K'),
	(18684, 324, 'UK008', 'K'),
	(18685, 324, 'UK009', 'BK'),
	(18686, 324, 'UK010', 'BK'),
	(18687, 324, 'UK011', 'K'),
	(18688, 324, 'UK012', 'BK'),
	(18689, 324, 'UK013', 'BK'),
	(18690, 324, 'UK014', 'BK'),
	(18691, 324, 'UK015', 'K'),
	(18692, 324, 'UK016', 'BK'),
	(18693, 324, 'UK017', 'BK'),
	(18694, 324, 'UK018', 'BK'),
	(18695, 324, 'UK019', 'BK'),
	(18696, 324, 'UK020', 'BK'),
	(18697, 324, 'UK021', 'BK'),
	(18698, 324, 'UK022', 'BK'),
	(18699, 324, 'UK023', 'BK'),
	(18700, 324, 'UK024', 'BK'),
	(18701, 324, 'UK025', 'BK'),
	(18702, 324, 'UK026', 'K'),
	(18703, 324, 'UK027', 'BK'),
	(18704, 324, 'UK028', 'BK'),
	(18705, 324, 'UK029', 'BK'),
	(18706, 324, 'UK030', 'BK'),
	(18707, 324, 'UK031', 'BK'),
	(18708, 324, 'UK032', 'BK'),
	(18709, 324, 'UK033', 'BK'),
	(18710, 324, 'UK034', 'BK'),
	(18711, 324, 'UK035', 'BK'),
	(18712, 324, 'UK036', 'BK'),
	(18713, 324, 'UK037', 'BK'),
	(18714, 324, 'UK038', 'BK'),
	(18715, 324, 'UK039', 'K'),
	(18716, 324, 'UK040', 'K'),
	(18717, 324, 'UK041', 'BK'),
	(18718, 324, 'UK042', 'K'),
	(18719, 324, 'UK043', 'K'),
	(18720, 324, 'UK044', 'BK'),
	(18721, 324, 'UK045', 'K'),
	(18722, 324, 'UK046', 'K'),
	(18723, 324, 'UK047', 'BK'),
	(18724, 324, 'UK048', 'BK'),
	(18725, 324, 'UK049', 'K'),
	(18726, 324, 'UK050', 'K'),
	(18727, 324, 'UK051', 'BK'),
	(18728, 324, 'UK052', 'BK'),
	(18729, 324, 'UK053', 'BK'),
	(18730, 324, 'UK054', 'BK'),
	(18731, 324, 'UK055', 'BK'),
	(18732, 324, 'UK056', 'BK'),
	(18733, 324, 'UK057', 'K'),
	(18734, 324, 'UK058', 'K'),
	(18735, 325, 'UK001', 'BK'),
	(18736, 325, 'UK002', 'K'),
	(18737, 325, 'UK003', 'K'),
	(18738, 325, 'UK004', 'BK'),
	(18739, 325, 'UK005', 'K'),
	(18740, 325, 'UK006', 'K'),
	(18741, 325, 'UK007', 'K'),
	(18742, 325, 'UK008', 'K'),
	(18743, 325, 'UK009', 'BK'),
	(18744, 325, 'UK010', 'BK'),
	(18745, 325, 'UK011', 'BK'),
	(18746, 325, 'UK012', 'BK'),
	(18747, 325, 'UK013', 'BK'),
	(18748, 325, 'UK014', 'BK'),
	(18749, 325, 'UK015', 'BK'),
	(18750, 325, 'UK016', 'K'),
	(18751, 325, 'UK017', 'BK'),
	(18752, 325, 'UK018', 'K'),
	(18753, 325, 'UK019', 'BK'),
	(18754, 325, 'UK020', 'BK'),
	(18755, 325, 'UK021', 'BK'),
	(18756, 325, 'UK022', 'K'),
	(18757, 325, 'UK023', 'K'),
	(18758, 325, 'UK024', 'K'),
	(18759, 325, 'UK025', 'BK'),
	(18760, 325, 'UK026', 'BK'),
	(18761, 325, 'UK027', 'K'),
	(18762, 325, 'UK028', 'K'),
	(18763, 325, 'UK029', 'BK'),
	(18764, 325, 'UK030', 'K'),
	(18765, 325, 'UK031', 'BK'),
	(18766, 325, 'UK032', 'K'),
	(18767, 325, 'UK033', 'BK'),
	(18768, 325, 'UK034', 'BK'),
	(18769, 325, 'UK035', 'BK'),
	(18770, 325, 'UK036', 'BK'),
	(18771, 325, 'UK037', 'BK'),
	(18772, 325, 'UK038', 'K'),
	(18773, 325, 'UK039', 'BK'),
	(18774, 325, 'UK040', 'BK'),
	(18775, 325, 'UK041', 'BK'),
	(18776, 325, 'UK042', 'BK'),
	(18777, 325, 'UK043', 'BK'),
	(18778, 325, 'UK044', 'BK'),
	(18779, 325, 'UK045', 'BK'),
	(18780, 325, 'UK046', 'BK'),
	(18781, 325, 'UK047', 'BK'),
	(18782, 325, 'UK048', 'BK'),
	(18783, 325, 'UK049', 'BK'),
	(18784, 325, 'UK050', 'BK'),
	(18785, 325, 'UK051', 'K'),
	(18786, 325, 'UK052', 'K'),
	(18787, 325, 'UK053', 'BK'),
	(18788, 325, 'UK054', 'BK'),
	(18789, 325, 'UK055', 'K'),
	(18790, 325, 'UK056', 'BK'),
	(18791, 325, 'UK057', 'BK'),
	(18792, 325, 'UK058', 'K'),
	(18793, 326, 'UK001', 'BK'),
	(18794, 326, 'UK002', 'K'),
	(18795, 326, 'UK003', 'K'),
	(18796, 326, 'UK004', 'K'),
	(18797, 326, 'UK005', 'K'),
	(18798, 326, 'UK006', 'K'),
	(18799, 326, 'UK007', 'K'),
	(18800, 326, 'UK008', 'K'),
	(18801, 326, 'UK009', 'BK'),
	(18802, 326, 'UK010', 'BK'),
	(18803, 326, 'UK011', 'K'),
	(18804, 326, 'UK012', 'BK'),
	(18805, 326, 'UK013', 'BK'),
	(18806, 326, 'UK014', 'BK'),
	(18807, 326, 'UK015', 'BK'),
	(18808, 326, 'UK016', 'BK'),
	(18809, 326, 'UK017', 'BK'),
	(18810, 326, 'UK018', 'K'),
	(18811, 326, 'UK019', 'K'),
	(18812, 326, 'UK020', 'K'),
	(18813, 326, 'UK021', 'BK'),
	(18814, 326, 'UK022', 'K'),
	(18815, 326, 'UK023', 'K'),
	(18816, 326, 'UK024', 'BK'),
	(18817, 326, 'UK025', 'BK'),
	(18818, 326, 'UK026', 'BK'),
	(18819, 326, 'UK027', 'K'),
	(18820, 326, 'UK028', 'K'),
	(18821, 326, 'UK029', 'BK'),
	(18822, 326, 'UK030', 'BK'),
	(18823, 326, 'UK031', 'BK'),
	(18824, 326, 'UK032', 'K'),
	(18825, 326, 'UK033', 'BK'),
	(18826, 326, 'UK034', 'BK'),
	(18827, 326, 'UK035', 'BK'),
	(18828, 326, 'UK036', 'BK'),
	(18829, 326, 'UK037', 'K'),
	(18830, 326, 'UK038', 'BK'),
	(18831, 326, 'UK039', 'BK'),
	(18832, 326, 'UK040', 'BK'),
	(18833, 326, 'UK041', 'BK'),
	(18834, 326, 'UK042', 'BK'),
	(18835, 326, 'UK043', 'BK'),
	(18836, 326, 'UK044', 'BK'),
	(18837, 326, 'UK045', 'BK'),
	(18838, 326, 'UK046', 'BK'),
	(18839, 326, 'UK047', 'K'),
	(18840, 326, 'UK048', 'K'),
	(18841, 326, 'UK049', 'K'),
	(18842, 326, 'UK050', 'BK'),
	(18843, 326, 'UK051', 'K'),
	(18844, 326, 'UK052', 'K'),
	(18845, 326, 'UK053', 'BK'),
	(18846, 326, 'UK054', 'BK'),
	(18847, 326, 'UK055', 'BK'),
	(18848, 326, 'UK056', 'BK'),
	(18849, 326, 'UK057', 'BK'),
	(18850, 326, 'UK058', 'BK'),
	(18851, 327, 'UK001', 'K'),
	(18852, 327, 'UK002', 'BK'),
	(18853, 327, 'UK003', 'K'),
	(18854, 327, 'UK004', 'BK'),
	(18855, 327, 'UK005', 'BK'),
	(18856, 327, 'UK006', 'K'),
	(18857, 327, 'UK007', 'BK'),
	(18858, 327, 'UK008', 'K'),
	(18859, 327, 'UK009', 'BK'),
	(18860, 327, 'UK010', 'K'),
	(18861, 327, 'UK011', 'BK'),
	(18862, 327, 'UK012', 'BK'),
	(18863, 327, 'UK013', 'BK'),
	(18864, 327, 'UK014', 'K'),
	(18865, 327, 'UK015', 'BK'),
	(18866, 327, 'UK016', 'BK'),
	(18867, 327, 'UK017', 'BK'),
	(18868, 327, 'UK018', 'BK'),
	(18869, 327, 'UK019', 'BK'),
	(18870, 327, 'UK020', 'K'),
	(18871, 327, 'UK021', 'K'),
	(18872, 327, 'UK022', 'BK'),
	(18873, 327, 'UK023', 'BK'),
	(18874, 327, 'UK024', 'K'),
	(18875, 327, 'UK025', 'K'),
	(18876, 327, 'UK026', 'BK'),
	(18877, 327, 'UK027', 'BK'),
	(18878, 327, 'UK028', 'BK'),
	(18879, 327, 'UK029', 'K'),
	(18880, 327, 'UK030', 'K'),
	(18881, 327, 'UK031', 'BK'),
	(18882, 327, 'UK032', 'K'),
	(18883, 327, 'UK033', 'BK'),
	(18884, 327, 'UK034', 'BK'),
	(18885, 327, 'UK035', 'K'),
	(18886, 327, 'UK036', 'K'),
	(18887, 327, 'UK037', 'BK'),
	(18888, 327, 'UK038', 'K'),
	(18889, 327, 'UK039', 'BK'),
	(18890, 327, 'UK040', 'BK'),
	(18891, 327, 'UK041', 'BK'),
	(18892, 327, 'UK042', 'K'),
	(18893, 327, 'UK043', 'BK'),
	(18894, 327, 'UK044', 'BK'),
	(18895, 327, 'UK045', 'BK'),
	(18896, 327, 'UK046', 'BK'),
	(18897, 327, 'UK047', 'K'),
	(18898, 327, 'UK048', 'BK'),
	(18899, 327, 'UK049', 'BK'),
	(18900, 327, 'UK050', 'K'),
	(18901, 327, 'UK051', 'BK'),
	(18902, 327, 'UK052', 'K'),
	(18903, 327, 'UK053', 'K'),
	(18904, 327, 'UK054', 'BK'),
	(18905, 327, 'UK055', 'BK'),
	(18906, 327, 'UK056', 'K'),
	(18907, 327, 'UK057', 'BK'),
	(18908, 327, 'UK058', 'K'),
	(18909, 328, 'UK001', 'K'),
	(18910, 328, 'UK002', 'BK'),
	(18911, 328, 'UK003', 'K'),
	(18912, 328, 'UK004', 'BK'),
	(18913, 328, 'UK005', 'BK'),
	(18914, 328, 'UK006', 'BK'),
	(18915, 328, 'UK007', 'K'),
	(18916, 328, 'UK008', 'K'),
	(18917, 328, 'UK009', 'BK'),
	(18918, 328, 'UK010', 'BK'),
	(18919, 328, 'UK011', 'BK'),
	(18920, 328, 'UK012', 'BK'),
	(18921, 328, 'UK013', 'K'),
	(18922, 328, 'UK014', 'BK'),
	(18923, 328, 'UK015', 'BK'),
	(18924, 328, 'UK016', 'BK'),
	(18925, 328, 'UK017', 'BK'),
	(18926, 328, 'UK018', 'K'),
	(18927, 328, 'UK019', 'BK'),
	(18928, 328, 'UK020', 'K'),
	(18929, 328, 'UK021', 'K'),
	(18930, 328, 'UK022', 'BK'),
	(18931, 328, 'UK023', 'BK'),
	(18932, 328, 'UK024', 'K'),
	(18933, 328, 'UK025', 'BK'),
	(18934, 328, 'UK026', 'K'),
	(18935, 328, 'UK027', 'BK'),
	(18936, 328, 'UK028', 'BK'),
	(18937, 328, 'UK029', 'K'),
	(18938, 328, 'UK030', 'K'),
	(18939, 328, 'UK031', 'K'),
	(18940, 328, 'UK032', 'BK'),
	(18941, 328, 'UK033', 'BK'),
	(18942, 328, 'UK034', 'K'),
	(18943, 328, 'UK035', 'K'),
	(18944, 328, 'UK036', 'BK'),
	(18945, 328, 'UK037', 'BK'),
	(18946, 328, 'UK038', 'BK'),
	(18947, 328, 'UK039', 'BK'),
	(18948, 328, 'UK040', 'BK'),
	(18949, 328, 'UK041', 'BK'),
	(18950, 328, 'UK042', 'BK'),
	(18951, 328, 'UK043', 'K'),
	(18952, 328, 'UK044', 'BK'),
	(18953, 328, 'UK045', 'BK'),
	(18954, 328, 'UK046', 'BK'),
	(18955, 328, 'UK047', 'BK'),
	(18956, 328, 'UK048', 'K'),
	(18957, 328, 'UK049', 'BK'),
	(18958, 328, 'UK050', 'K'),
	(18959, 328, 'UK051', 'BK'),
	(18960, 328, 'UK052', 'BK'),
	(18961, 328, 'UK053', 'K'),
	(18962, 328, 'UK054', 'K'),
	(18963, 328, 'UK055', 'K'),
	(18964, 328, 'UK056', 'K'),
	(18965, 328, 'UK057', 'K'),
	(18966, 328, 'UK058', 'BK'),
	(18967, 329, 'UK040', 'BK'),
	(18968, 329, 'UK041', 'BK'),
	(18969, 329, 'UK042', 'BK'),
	(18970, 329, 'UK043', 'K'),
	(18971, 329, 'UK044', 'K'),
	(18972, 329, 'UK045', 'BK'),
	(18973, 329, 'UK046', 'K'),
	(18974, 329, 'UK047', 'K'),
	(18975, 329, 'UK048', 'K'),
	(18976, 329, 'UK057', 'K'),
	(18977, 329, 'UK058', 'BK'),
	(18978, 329, 'UK001', 'K'),
	(18979, 329, 'UK002', 'K'),
	(18980, 329, 'UK003', 'K'),
	(18981, 329, 'UK019', 'BK'),
	(18982, 329, 'UK034', 'BK'),
	(18983, 329, 'UK004', 'BK'),
	(18984, 329, 'UK027', 'K'),
	(18985, 329, 'UK005', 'BK'),
	(18986, 329, 'UK028', 'K'),
	(18987, 329, 'UK020', 'K'),
	(18988, 329, 'UK035', 'K'),
	(18989, 329, 'UK029', 'BK'),
	(18990, 329, 'UK052', 'BK'),
	(18991, 329, 'UK006', 'BK'),
	(18992, 329, 'UK007', 'BK'),
	(18993, 329, 'UK036', 'BK'),
	(18994, 329, 'UK021', 'K'),
	(18995, 329, 'UK030', 'BK'),
	(18996, 329, 'UK008', 'BK'),
	(18997, 329, 'UK022', 'K'),
	(18998, 329, 'UK023', 'BK'),
	(18999, 329, 'UK024', 'K'),
	(19000, 329, 'UK037', 'BK'),
	(19001, 329, 'UK009', 'K'),
	(19002, 329, 'UK025', 'K'),
	(19003, 329, 'UK010', 'K'),
	(19004, 329, 'UK049', 'BK'),
	(19005, 329, 'UK050', 'K'),
	(19006, 329, 'UK051', 'K'),
	(19007, 329, 'UK011', 'K'),
	(19008, 329, 'UK038', 'BK'),
	(19009, 329, 'UK026', 'BK'),
	(19010, 329, 'UK012', 'BK'),
	(19011, 329, 'UK013', 'K'),
	(19012, 329, 'UK014', 'K'),
	(19013, 329, 'UK039', 'BK'),
	(19014, 329, 'UK031', 'K'),
	(19015, 329, 'UK015', 'BK'),
	(19016, 329, 'UK016', 'K'),
	(19017, 329, 'UK017', 'BK'),
	(19018, 329, 'UK018', 'BK'),
	(19019, 329, 'UK032', 'K'),
	(19020, 329, 'UK033', 'BK'),
	(19021, 329, 'UK053', 'K'),
	(19022, 329, 'UK054', 'BK'),
	(19023, 329, 'UK055', 'K'),
	(19024, 329, 'UK056', 'K'),
	(19025, 330, 'UK040', 'K'),
	(19026, 330, 'UK041', 'BK'),
	(19027, 330, 'UK042', 'BK'),
	(19028, 330, 'UK043', 'BK'),
	(19029, 330, 'UK044', 'BK'),
	(19030, 330, 'UK045', 'BK'),
	(19031, 330, 'UK046', 'BK'),
	(19032, 330, 'UK047', 'BK'),
	(19033, 330, 'UK048', 'BK'),
	(19034, 330, 'UK057', 'BK'),
	(19035, 330, 'UK058', 'BK'),
	(19036, 330, 'UK001', 'BK'),
	(19037, 330, 'UK002', 'BK'),
	(19038, 330, 'UK003', 'K'),
	(19039, 330, 'UK019', 'K'),
	(19040, 330, 'UK034', 'K'),
	(19041, 330, 'UK004', 'BK'),
	(19042, 330, 'UK027', 'K'),
	(19043, 330, 'UK005', 'K'),
	(19044, 330, 'UK028', 'K'),
	(19045, 330, 'UK020', 'BK'),
	(19046, 330, 'UK035', 'K'),
	(19047, 330, 'UK029', 'K'),
	(19048, 330, 'UK052', 'K'),
	(19049, 330, 'UK006', 'K'),
	(19050, 330, 'UK007', 'K'),
	(19051, 330, 'UK036', 'K'),
	(19052, 330, 'UK021', 'K'),
	(19053, 330, 'UK030', 'K'),
	(19054, 330, 'UK008', 'K'),
	(19055, 330, 'UK022', 'K'),
	(19056, 330, 'UK023', 'K'),
	(19057, 330, 'UK024', 'K'),
	(19058, 330, 'UK037', 'K'),
	(19059, 330, 'UK009', 'K'),
	(19060, 330, 'UK025', 'K'),
	(19061, 330, 'UK010', 'K'),
	(19062, 330, 'UK049', 'K'),
	(19063, 330, 'UK050', 'K'),
	(19064, 330, 'UK051', 'BK'),
	(19065, 330, 'UK011', 'BK'),
	(19066, 330, 'UK038', 'K'),
	(19067, 330, 'UK026', 'K'),
	(19068, 330, 'UK012', 'K'),
	(19069, 330, 'UK013', 'BK'),
	(19070, 330, 'UK014', 'BK'),
	(19071, 330, 'UK039', 'K'),
	(19072, 330, 'UK031', 'K'),
	(19073, 330, 'UK015', 'K'),
	(19074, 330, 'UK016', 'K'),
	(19075, 330, 'UK017', 'K'),
	(19076, 330, 'UK018', 'BK'),
	(19077, 330, 'UK032', 'K'),
	(19078, 330, 'UK033', 'BK'),
	(19079, 330, 'UK053', 'BK'),
	(19080, 330, 'UK054', 'BK'),
	(19081, 330, 'UK055', 'BK'),
	(19082, 330, 'UK056', 'BK'),
	(19083, 331, 'UK040', 'K'),
	(19084, 331, 'UK041', 'BK'),
	(19085, 331, 'UK042', 'K'),
	(19086, 331, 'UK043', 'BK'),
	(19087, 331, 'UK044', 'K'),
	(19088, 331, 'UK045', 'BK'),
	(19089, 331, 'UK046', 'BK'),
	(19090, 331, 'UK047', 'BK'),
	(19091, 331, 'UK048', 'K'),
	(19092, 331, 'UK057', 'BK'),
	(19093, 331, 'UK058', 'BK'),
	(19094, 331, 'UK001', 'K'),
	(19095, 331, 'UK002', 'K'),
	(19096, 331, 'UK003', 'BK'),
	(19097, 331, 'UK019', 'K'),
	(19098, 331, 'UK034', 'BK'),
	(19099, 331, 'UK004', 'BK'),
	(19100, 331, 'UK027', 'BK'),
	(19101, 331, 'UK005', 'K'),
	(19102, 331, 'UK028', 'K'),
	(19103, 331, 'UK020', 'BK'),
	(19104, 331, 'UK035', 'K'),
	(19105, 331, 'UK029', 'K'),
	(19106, 331, 'UK052', 'BK'),
	(19107, 331, 'UK006', 'K'),
	(19108, 331, 'UK007', 'BK'),
	(19109, 331, 'UK036', 'K'),
	(19110, 331, 'UK021', 'K'),
	(19111, 331, 'UK030', 'K'),
	(19112, 331, 'UK008', 'BK'),
	(19113, 331, 'UK022', 'BK'),
	(19114, 331, 'UK023', 'BK'),
	(19115, 331, 'UK024', 'BK'),
	(19116, 331, 'UK037', 'BK'),
	(19117, 331, 'UK009', 'BK'),
	(19118, 331, 'UK025', 'BK'),
	(19119, 331, 'UK010', 'BK'),
	(19120, 331, 'UK049', 'BK'),
	(19121, 331, 'UK050', 'BK'),
	(19122, 331, 'UK051', 'BK'),
	(19123, 331, 'UK011', 'BK'),
	(19124, 331, 'UK038', 'BK'),
	(19125, 331, 'UK026', 'K'),
	(19126, 331, 'UK012', 'BK'),
	(19127, 331, 'UK013', 'K'),
	(19128, 331, 'UK014', 'K'),
	(19129, 331, 'UK039', 'BK'),
	(19130, 331, 'UK031', 'BK'),
	(19131, 331, 'UK015', 'BK'),
	(19132, 331, 'UK016', 'K'),
	(19133, 331, 'UK017', 'BK'),
	(19134, 331, 'UK018', 'BK'),
	(19135, 331, 'UK032', 'K'),
	(19136, 331, 'UK033', 'BK'),
	(19137, 331, 'UK053', 'K'),
	(19138, 331, 'UK054', 'K'),
	(19139, 331, 'UK055', 'K'),
	(19140, 331, 'UK056', 'BK'),
	(19141, 332, 'UK040', 'BK'),
	(19142, 332, 'UK041', 'BK'),
	(19143, 332, 'UK042', 'BK'),
	(19144, 332, 'UK043', 'BK'),
	(19145, 332, 'UK044', 'BK'),
	(19146, 332, 'UK045', 'BK'),
	(19147, 332, 'UK046', 'BK'),
	(19148, 332, 'UK047', 'BK'),
	(19149, 332, 'UK048', 'BK'),
	(19150, 332, 'UK057', 'BK'),
	(19151, 332, 'UK058', 'BK'),
	(19152, 332, 'UK001', 'BK'),
	(19153, 332, 'UK002', 'BK'),
	(19154, 332, 'UK003', 'BK'),
	(19155, 332, 'UK019', 'BK'),
	(19156, 332, 'UK034', 'BK'),
	(19157, 332, 'UK004', 'BK'),
	(19158, 332, 'UK027', 'BK'),
	(19159, 332, 'UK005', 'BK'),
	(19160, 332, 'UK028', 'BK'),
	(19161, 332, 'UK020', 'BK'),
	(19162, 332, 'UK035', 'BK'),
	(19163, 332, 'UK029', 'BK'),
	(19164, 332, 'UK052', 'BK'),
	(19165, 332, 'UK006', 'BK'),
	(19166, 332, 'UK007', 'BK'),
	(19167, 332, 'UK036', 'BK'),
	(19168, 332, 'UK021', 'BK'),
	(19169, 332, 'UK030', 'BK'),
	(19170, 332, 'UK008', 'BK'),
	(19171, 332, 'UK022', 'BK'),
	(19172, 332, 'UK023', 'BK'),
	(19173, 332, 'UK024', 'BK'),
	(19174, 332, 'UK037', 'BK'),
	(19175, 332, 'UK009', 'BK'),
	(19176, 332, 'UK025', 'BK'),
	(19177, 332, 'UK010', 'BK'),
	(19178, 332, 'UK049', 'BK'),
	(19179, 332, 'UK050', 'BK'),
	(19180, 332, 'UK051', 'BK'),
	(19181, 332, 'UK011', 'BK'),
	(19182, 332, 'UK038', 'BK'),
	(19183, 332, 'UK026', 'BK'),
	(19184, 332, 'UK012', 'BK'),
	(19185, 332, 'UK013', 'BK'),
	(19186, 332, 'UK014', 'BK'),
	(19187, 332, 'UK039', 'BK'),
	(19188, 332, 'UK031', 'BK'),
	(19189, 332, 'UK015', 'BK'),
	(19190, 332, 'UK016', 'BK'),
	(19191, 332, 'UK017', 'BK'),
	(19192, 332, 'UK018', 'BK'),
	(19193, 332, 'UK032', 'BK'),
	(19194, 332, 'UK033', 'BK'),
	(19195, 332, 'UK053', 'BK'),
	(19196, 332, 'UK054', 'BK'),
	(19197, 332, 'UK055', 'BK'),
	(19198, 332, 'UK056', 'BK'),
	(19199, 333, 'UK040', 'K'),
	(19200, 333, 'UK041', 'K'),
	(19201, 333, 'UK042', 'K'),
	(19202, 333, 'UK043', 'K'),
	(19203, 333, 'UK044', 'K'),
	(19204, 333, 'UK045', 'K'),
	(19205, 333, 'UK046', 'K'),
	(19206, 333, 'UK047', 'K'),
	(19207, 333, 'UK048', 'K'),
	(19208, 333, 'UK057', 'K'),
	(19209, 333, 'UK058', 'BK'),
	(19210, 333, 'UK001', 'BK'),
	(19211, 333, 'UK002', 'BK'),
	(19212, 333, 'UK003', 'BK'),
	(19213, 333, 'UK019', 'BK'),
	(19214, 333, 'UK034', 'BK'),
	(19215, 333, 'UK004', 'BK'),
	(19216, 333, 'UK027', 'BK'),
	(19217, 333, 'UK005', 'BK'),
	(19218, 333, 'UK028', 'BK'),
	(19219, 333, 'UK020', 'BK'),
	(19220, 333, 'UK035', 'BK'),
	(19221, 333, 'UK029', 'BK'),
	(19222, 333, 'UK052', 'BK'),
	(19223, 333, 'UK006', 'BK'),
	(19224, 333, 'UK007', 'BK'),
	(19225, 333, 'UK036', 'BK'),
	(19226, 333, 'UK021', 'BK'),
	(19227, 333, 'UK030', 'BK'),
	(19228, 333, 'UK008', 'BK'),
	(19229, 333, 'UK022', 'BK'),
	(19230, 333, 'UK023', 'BK'),
	(19231, 333, 'UK024', 'BK'),
	(19232, 333, 'UK037', 'BK'),
	(19233, 333, 'UK009', 'BK'),
	(19234, 333, 'UK025', 'BK'),
	(19235, 333, 'UK010', 'BK'),
	(19236, 333, 'UK049', 'BK'),
	(19237, 333, 'UK050', 'BK'),
	(19238, 333, 'UK051', 'BK'),
	(19239, 333, 'UK011', 'BK'),
	(19240, 333, 'UK038', 'BK'),
	(19241, 333, 'UK026', 'BK'),
	(19242, 333, 'UK012', 'BK'),
	(19243, 333, 'UK013', 'BK'),
	(19244, 333, 'UK014', 'BK'),
	(19245, 333, 'UK039', 'BK'),
	(19246, 333, 'UK031', 'BK'),
	(19247, 333, 'UK015', 'BK'),
	(19248, 333, 'UK016', 'BK'),
	(19249, 333, 'UK017', 'BK'),
	(19250, 333, 'UK018', 'BK'),
	(19251, 333, 'UK032', 'BK'),
	(19252, 333, 'UK033', 'BK'),
	(19253, 333, 'UK053', 'BK'),
	(19254, 333, 'UK054', 'BK'),
	(19255, 333, 'UK055', 'BK'),
	(19256, 333, 'UK056', 'BK'),
	(19257, 334, 'UK040', 'BK'),
	(19258, 334, 'UK041', 'BK'),
	(19259, 334, 'UK042', 'BK'),
	(19260, 334, 'UK043', 'BK'),
	(19261, 334, 'UK044', 'BK'),
	(19262, 334, 'UK045', 'BK'),
	(19263, 334, 'UK046', 'BK'),
	(19264, 334, 'UK047', 'BK'),
	(19265, 334, 'UK048', 'BK'),
	(19266, 334, 'UK057', 'BK'),
	(19267, 334, 'UK058', 'BK'),
	(19268, 334, 'UK001', 'K'),
	(19269, 334, 'UK002', 'K'),
	(19270, 334, 'UK003', 'K'),
	(19271, 334, 'UK019', 'K'),
	(19272, 334, 'UK034', 'K'),
	(19273, 334, 'UK004', 'BK'),
	(19274, 334, 'UK027', 'BK'),
	(19275, 334, 'UK005', 'BK'),
	(19276, 334, 'UK028', 'BK'),
	(19277, 334, 'UK020', 'BK'),
	(19278, 334, 'UK035', 'K'),
	(19279, 334, 'UK029', 'K'),
	(19280, 334, 'UK052', 'BK'),
	(19281, 334, 'UK006', 'BK'),
	(19282, 334, 'UK007', 'BK'),
	(19283, 334, 'UK036', 'K'),
	(19284, 334, 'UK021', 'K'),
	(19285, 334, 'UK030', 'K'),
	(19286, 334, 'UK008', 'K'),
	(19287, 334, 'UK022', 'K'),
	(19288, 334, 'UK023', 'K'),
	(19289, 334, 'UK024', 'K'),
	(19290, 334, 'UK037', 'K'),
	(19291, 334, 'UK009', 'K'),
	(19292, 334, 'UK025', 'K'),
	(19293, 334, 'UK010', 'BK'),
	(19294, 334, 'UK049', 'BK'),
	(19295, 334, 'UK050', 'BK'),
	(19296, 334, 'UK051', 'BK'),
	(19297, 334, 'UK011', 'BK'),
	(19298, 334, 'UK038', 'K'),
	(19299, 334, 'UK026', 'K'),
	(19300, 334, 'UK012', 'BK'),
	(19301, 334, 'UK013', 'BK'),
	(19302, 334, 'UK014', 'K'),
	(19303, 334, 'UK039', 'BK'),
	(19304, 334, 'UK031', 'BK'),
	(19305, 334, 'UK015', 'BK'),
	(19306, 334, 'UK016', 'BK'),
	(19307, 334, 'UK017', 'BK'),
	(19308, 334, 'UK018', 'K'),
	(19309, 334, 'UK032', 'BK'),
	(19310, 334, 'UK033', 'K'),
	(19311, 334, 'UK053', 'BK'),
	(19312, 334, 'UK054', 'BK'),
	(19313, 334, 'UK055', 'BK'),
	(19314, 334, 'UK056', 'BK'),
	(19315, 335, 'UK040', 'BK'),
	(19316, 335, 'UK041', 'BK'),
	(19317, 335, 'UK042', 'BK'),
	(19318, 335, 'UK043', 'BK'),
	(19319, 335, 'UK044', 'BK'),
	(19320, 335, 'UK045', 'BK'),
	(19321, 335, 'UK046', 'BK'),
	(19322, 335, 'UK047', 'BK'),
	(19323, 335, 'UK048', 'BK'),
	(19324, 335, 'UK057', 'BK'),
	(19325, 335, 'UK058', 'BK'),
	(19326, 335, 'UK001', 'K'),
	(19327, 335, 'UK002', 'BK'),
	(19328, 335, 'UK003', 'BK'),
	(19329, 335, 'UK019', 'K'),
	(19330, 335, 'UK034', 'BK'),
	(19331, 335, 'UK004', 'K'),
	(19332, 335, 'UK027', 'K'),
	(19333, 335, 'UK005', 'K'),
	(19334, 335, 'UK028', 'BK'),
	(19335, 335, 'UK020', 'BK'),
	(19336, 335, 'UK035', 'BK'),
	(19337, 335, 'UK029', 'BK'),
	(19338, 335, 'UK052', 'BK'),
	(19339, 335, 'UK006', 'K'),
	(19340, 335, 'UK007', 'K'),
	(19341, 335, 'UK036', 'BK'),
	(19342, 335, 'UK021', 'BK'),
	(19343, 335, 'UK030', 'K'),
	(19344, 335, 'UK008', 'BK'),
	(19345, 335, 'UK022', 'K'),
	(19346, 335, 'UK023', 'K'),
	(19347, 335, 'UK024', 'K'),
	(19348, 335, 'UK037', 'BK'),
	(19349, 335, 'UK009', 'K'),
	(19350, 335, 'UK025', 'BK'),
	(19351, 335, 'UK010', 'K'),
	(19352, 335, 'UK049', 'BK'),
	(19353, 335, 'UK050', 'K'),
	(19354, 335, 'UK051', 'BK'),
	(19355, 335, 'UK011', 'BK'),
	(19356, 335, 'UK038', 'BK'),
	(19357, 335, 'UK026', 'K'),
	(19358, 335, 'UK012', 'K'),
	(19359, 335, 'UK013', 'K'),
	(19360, 335, 'UK014', 'K'),
	(19361, 335, 'UK039', 'K'),
	(19362, 335, 'UK031', 'BK'),
	(19363, 335, 'UK015', 'K'),
	(19364, 335, 'UK016', 'BK'),
	(19365, 335, 'UK017', 'BK'),
	(19366, 335, 'UK018', 'K'),
	(19367, 335, 'UK032', 'K'),
	(19368, 335, 'UK033', 'K'),
	(19369, 335, 'UK053', 'BK'),
	(19370, 335, 'UK054', 'BK'),
	(19371, 335, 'UK055', 'BK'),
	(19372, 335, 'UK056', 'BK');
/*!40000 ALTER TABLE `skkni_dataset` ENABLE KEYS */;

-- Dumping structure for table sppkti.skkni_skema
CREATE TABLE IF NOT EXISTS `skkni_skema` (
  `id_skema` varchar(5) NOT NULL,
  `nama_skema` varchar(50) NOT NULL,
  `foto` text NOT NULL,
  `deskripsi` text NOT NULL,
  `chart` varchar(1) DEFAULT NULL,
  `ranking` tinyint(4) DEFAULT NULL,
  PRIMARY KEY (`id_skema`)
) ENGINE=InnoDB DEFAULT CHARSET=latin1;

-- Dumping data for table sppkti.skkni_skema: ~11 rows (approximately)
/*!40000 ALTER TABLE `skkni_skema` DISABLE KEYS */;
INSERT INTO `skkni_skema` (`id_skema`, `nama_skema`, `foto`, `deskripsi`, `chart`, `ranking`) VALUES
	('SK01', 'Analyst Programmer', '441956790.jpg', '<table class="table table-bordered">\r\n <tbody>\r\n  <tr>\r\n   <th colspan="2"><strong>Harus memiliki Pengetahuan Dasar</strong></th>\r\n  </tr>\r\n  <tr>\r\n   <td>1.</td>\r\n   <td>Algoritma Pemrograman</td>\r\n  </tr>\r\n  <tr>\r\n   <td>2.</td>\r\n   <td>Testing Software</td>\r\n  </tr>\r\n  <tr>\r\n   <td>3.</td>\r\n   <td>Perancangan Database (DBMS)</td>\r\n  </tr>\r\n  <tr>\r\n   <td>4.</td>\r\n   <td>Project Management</td>\r\n  </tr>\r\n  <tr>\r\n   <td>5.</td>\r\n   <td>Konsep Keamanan Database</td>\r\n  </tr>\r\n  <tr>\r\n   <td>6.</td>\r\n   <td>Perancangan Sistem Informasi</td>\r\n  </tr>\r\n  <tr>\r\n   <td>7.</td>\r\n   <td>Pemrograman Terstruktur</td>\r\n  </tr>\r\n  <tr>\r\n   <td>8.</td>\r\n   <td>Pemrograman OOP</td>\r\n  </tr>\r\n  <tr>\r\n   <th colspan="2"><strong>Harus memiliki Keterampilan Dasar</strong></th>\r\n  </tr>\r\n  <tr>\r\n   <td>1.</td>\r\n   <td>Melakukan instalasi dan konfigurasi software sistem operasi</td>\r\n  </tr>\r\n  <tr>\r\n   <td>2.</td>\r\n   <td>Melakukan instalasi, konfigurasi dan menggunakansoftware alat bantu pengembangan program</td>\r\n  </tr>\r\n  <tr>\r\n   <td>3.</td>\r\n   <td>Melakukan instalasi, konfigurasi dan menggunakansoftware alat bantuDesain System</td>\r\n  </tr>\r\n  <tr>\r\n   <td>4.</td>\r\n   <td>Melakukan instalasi, konfigurasi dan menggunakan software alat bantupemantauan kesalahan (bug)</td>\r\n  </tr>\r\n  <tr>\r\n   <td>5.</td>\r\n   <td>Membaca dan membuatdokumen spesifikasi teknis</td>\r\n  </tr>\r\n  <tr>\r\n   <td>6.</td>\r\n   <td>Berkoordinasi dengan anggota tim yang lain dalam proyek</td>\r\n  </tr>\r\n </tbody>\r\n</table>\r\n', 'a', 1),
	('SK02', 'Junior Programmer', '1023082479.jpg', '<table class="huruf table table-bordered">\r\n <tbody>\r\n  <tr>\r\n   <th colspan="2"><strong>Harus memiliki Pengetahuan Dasar</strong></th>\r\n  </tr>\r\n  <tr>\r\n   <td>1.</td>\r\n   <td>AlgoritmaPemrograman</td>\r\n  </tr>\r\n  <tr>\r\n   <td>2.</td>\r\n   <td>Bahasa Pemrograman</td>\r\n  </tr>\r\n  <tr>\r\n   <td>3.</td>\r\n   <td>Konsep Database</td>\r\n  </tr>\r\n  <tr>\r\n   <td>4.</td>\r\n   <td>PemrogramanTerstruktur</td>\r\n  </tr>\r\n  <tr>\r\n   <td>5.</td>\r\n   <td>Pemrograman OOP</td>\r\n  </tr>\r\n  <tr>\r\n   <th colspan="2"><strong>Harus memiliki Keterampilan Dasar</strong></th>\r\n  </tr>\r\n  <tr>\r\n   <td>1.</td>\r\n   <td>Melakukan instalasi, konfigurasi dan menggunakansoftware alat bantu pengembangan program</td>\r\n  </tr>\r\n  <tr>\r\n   <td>2.</td>\r\n   <td>Berkoordinasi dengan anggota tim yang lain dalam proyek</td>\r\n  </tr>\r\n  <tr>\r\n   <td>3.</td>\r\n   <td>Melakukan pengukuran atas effort yang dibutuhkan dalam membuat suatu modul</td>\r\n  </tr>\r\n  <tr>\r\n   <td>4.</td>\r\n   <td>Melakukan instalasi dan konfigurasi software alat bantuemulator mobile</td>\r\n  </tr>\r\n </tbody>\r\n</table>', 'b', 8),
	('SK03', 'Programmer', '1180357062.jpg', '<table class="table table-bordered">\r\n <tbody>\r\n  <tr>\r\n   <th colspan="2"><strong>Harus memiliki Pengetahuan Dasar</strong></th>\r\n  </tr>\r\n  <tr>\r\n   <td>1.</td>\r\n   <td>Algoritma Pemrograman</td>\r\n  </tr>\r\n  <tr>\r\n   <td>2.</td>\r\n   <td>Scripting dan Programming</td>\r\n  </tr>\r\n  <tr>\r\n   <td>3.</td>\r\n   <td>Konsep Database</td>\r\n  </tr>\r\n  <tr>\r\n   <td>4.</td>\r\n   <td>Pemrograman Terstruktur</td>\r\n  </tr>\r\n  <tr>\r\n   <td>5.</td>\r\n   <td>Pemrograman OOP</td>\r\n  </tr>\r\n  <tr>\r\n   <td>6.</td>\r\n   <td>Testing Software</td>\r\n  </tr>\r\n  <tr>\r\n   <td>7.</td>\r\n   <td>Pemrograman basis data (SQL)</td>\r\n  </tr>\r\n  <tr>\r\n   <td>8.</td>\r\n   <td>Konsep Keamanan Database</td>\r\n  </tr>\r\n  <tr>\r\n   <td>9.</td>\r\n   <td>DasarTeknologi Informasi</td>\r\n  </tr>\r\n  <tr>\r\n   <td>10.</td>\r\n   <td>Pengembangan Aplikasi Web</td>\r\n  </tr>\r\n  <tr>\r\n   <td>11.</td>\r\n   <td>Jaringan dan Keamanan</td>\r\n  </tr>\r\n  <tr>\r\n   <td>12.</td>\r\n   <td>Sistem Operasi</td>\r\n  </tr>\r\n  <tr>\r\n   <td>13.</td>\r\n   <td>Manajemen Data</td>\r\n  </tr>\r\n  <tr>\r\n   <td>14.</td>\r\n   <td>Pengembangan Software</td>\r\n  </tr>\r\n  <tr>\r\n   <th colspan="2"><strong>Harus memiliki Keterampilan Dasar</strong></th>\r\n  </tr>\r\n  <tr>\r\n   <td>1.</td>\r\n   <td>Melakukan instalasi dan konfigurasi software sistem operasi</td>\r\n  </tr>\r\n  <tr>\r\n   <td>2.</td>\r\n   <td>Melakukan instalasi, konfigurasi dan menggunakansoftware alat bantu pengembangan program</td>\r\n  </tr>\r\n  <tr>\r\n   <td>3.</td>\r\n   <td>Melakukan instalasi, konfigurasi dan menggunakansoftware alat bantu pengembangan mobile data</td>\r\n  </tr>\r\n  <tr>\r\n   <td>4.</td>\r\n   <td>Melakukan instalasi, konfigurasi dan menggunakan software alat bantu pembuatan mobile interface</td>\r\n  </tr>\r\n  <tr>\r\n   <td>5.</td>\r\n   <td>Melakukan instalasi, konfigurasi dan menggunakan software alat bantupemantauan kesalahan (bug)</td>\r\n  </tr>\r\n  <tr>\r\n   <td>6.</td>\r\n   <td>Membaca dokumen spesifikasi teknis</td>\r\n   <td></td>\r\n  </tr>\r\n  <tr>\r\n   <td>7.</td>\r\n   <td>Berkoordinasi dengan anggota tim yang lain dalam proyek</td>\r\n  </tr>\r\n  <tr>\r\n   <td>8.</td>\r\n   <td>Melakukan pengukuran atas effort yang dibutuhkan dalammembuat suatu modul</td>\r\n  </tr>\r\n  <tr>\r\n   <td>9.</td>\r\n   <td>Melakukan instalasi dan konfigurasi library, komponen& framework yang diperlukan</td>\r\n  </tr>\r\n  <tr>\r\n   <td>10.</td>\r\n   <td>Melakukan pengamanan software melalui mekanisme pemrograman yang aman / secure</td>\r\n  </tr>\r\n </tbody>\r\n</table>\r\n', 'a', 4),
	('SK04', 'Junior Database Programmer', '860057115.jpg', '<table class="huruf table table-bordered">\r\n <tbody>\r\n  <tr>\r\n   <th colspan="2"><strong>Harus memiliki Pengetahuan Dasar</strong></th>\r\n  </tr>\r\n  <tr>\r\n   <td>1.</td>\r\n   <td>Algoritma Pemrograman</td>\r\n  </tr>\r\n  <tr>\r\n   <td>2.</td>\r\n   <td>Bahasa Pemrograman</td>\r\n  </tr>\r\n  <tr>\r\n   <td>3.</td>\r\n   <td>Konsep Database</td>\r\n  </tr>\r\n  <tr>\r\n   <td>4.</td>\r\n   <td>Pemrograman Terstruktur</td>\r\n  </tr>\r\n  <tr>\r\n   <td>5.</td>\r\n   <td>Pemrograman OOP</td>\r\n  </tr>\r\n  <tr>\r\n   <td>6.</td>\r\n   <td>Pemrograman basis data (SQL) dasar</td>\r\n  </tr>\r\n  <tr>\r\n   <th colspan="2"><strong>Harus memiliki Keterampilan Dasar</strong></th>\r\n  </tr>\r\n  <tr>\r\n   <td>1.</td>\r\n   <td>Menggunakan software alat bantu pengembangan program</td>\r\n  </tr>\r\n  <tr>\r\n   <td>2.</td>\r\n   <td>Menggunakan software alat bantu pengembangan mobile data</td>\r\n  </tr>\r\n  <tr>\r\n   <td>3.</td>\r\n   <td>Menggunakan software alat bantu pembuatan mobile interface</td>\r\n  </tr>\r\n  <tr>\r\n   <td>4.</td>\r\n   <td>Menggunakan software alat bantu pemantauan kesalahan (bug)</td>\r\n  </tr>\r\n  <tr>\r\n   <td>5.</td>\r\n   <td>Membaca dokumen spesifikasi teknis</td>\r\n  </tr>\r\n  <tr>\r\n   <td>6.</td>\r\n   <td>Berkoordinasi dengan anggota tim yang lain dalam proyek</td>\r\n  </tr>\r\n </tbody>\r\n</table>', 'b', 9),
	('SK05', 'Database Programmer', '325457099.jpg', '<table class="huruf table table-bordered">\r\n <tbody>\r\n  <tr>\r\n   <th colspan="2"><strong>Harus memiliki Pengetahuan Dasar</strong></th>\r\n  </tr>\r\n  <tr>\r\n   <td>1.</td>\r\n   <td>Algoritma Pemrograman</td>\r\n  </tr>\r\n  <tr>\r\n   <td>2.</td>\r\n   <td>Bahasa Pemrograman</td>\r\n  </tr>\r\n  <tr>\r\n   <td>3.</td>\r\n   <td>Konsep Database</td>\r\n  </tr>\r\n  <tr>\r\n   <td>4.</td>\r\n   <td>Pemrograman Terstruktur</td>\r\n  </tr>\r\n  <tr>\r\n   <td>5.</td>\r\n   <td>Pemrograman OOP</td>\r\n  </tr>\r\n  <tr>\r\n   <td>6.</td>\r\n   <td>Testing Software</td>\r\n  </tr>\r\n  <tr>\r\n   <td>7.</td>\r\n   <td>Pemrograman basis data (SQL)</td>\r\n  </tr>\r\n  <tr>\r\n   <td>8.</td>\r\n   <td>Project Management</td>\r\n  </tr>\r\n  <tr>\r\n   <td>9.</td>\r\n   <td>Konsep keamanan software</td>\r\n  </tr>\r\n  <tr>\r\n   <th colspan="2"><strong>Harus memiliki Keterampilan Dasar</strong></th>\r\n  </tr>\r\n  <tr>\r\n   <td>1.</td>\r\n   <td>Melakukan instalasi dan konfigurasi software sistem operasi</td>\r\n  </tr>\r\n  <tr>\r\n   <td>2.</td>\r\n   <td>Melakukan instalasi, konfigurasi dan menggunakansoftware alat bantu pengembangan program</td>\r\n  </tr>\r\n  <tr>\r\n   <td>3.</td>\r\n   <td>Melakukan instalasi, konfigurasi dan menggunakansoftware alat bantu pengembangan mobile data</td>\r\n  </tr>\r\n  <tr>\r\n   <td>4.</td>\r\n   <td>Melakukan instalasi, konfigurasi dan menggunakan software alat bantu pembuatan mobile interface</td>\r\n  </tr>\r\n  <tr>\r\n   <td>5.</td>\r\n   <td>Melakukan instalasi, konfigurasi dan menggunakan software alat bantupemantauan kesalahan (bug)</td>\r\n  </tr>\r\n  <tr>\r\n   <td>6.</td>\r\n   <td>Membaca dokumen spesifikasi teknis</td>\r\n  </tr>\r\n  <tr>\r\n   <td>7.</td>\r\n   <td>Berkoordinasi dengan anggota tim yang lain dalam proyek</td>\r\n  </tr>\r\n  <tr>\r\n   <td>8.</td>\r\n   <td>Melakukan pengukuran atas effort yang dibutuhkan dalam membuat suatu modul</td>\r\n  </tr>\r\n  <tr>\r\n   <td>9.</td>\r\n   <td>Melakukan instalasi dan konfigurasi library, komponen & framework yang diperlukan</td>\r\n  </tr>\r\n  <tr>\r\n   <td>10.</td>\r\n   <td>Melakukan pengamanan software melalui mekanisme pemrograman yang aman / secure</td>\r\n  </tr>\r\n  <tr>\r\n   <td>11.</td>\r\n   <td>Melakukan efsiensi pemorgraman</td>\r\n  </tr>\r\n </tbody>\r\n</table>', 'a', 5),
	('SK06', 'Junior Web Programmer', '1009503216.jpg', '<table class="huruf table table-bordered">\r\n <tbody>\r\n  <tr>\r\n   <th colspan="2"><strong>Harus memiliki Pengetahuan Dasar</strong></th>\r\n  </tr>\r\n  <tr>\r\n   <td>1.</td>\r\n   <td>Konsep relational database</td>\r\n  </tr>\r\n  <tr>\r\n   <td>2.</td>\r\n   <td>Konsep security dasar</td>\r\n  </tr>\r\n  <tr>\r\n   <td>3.</td>\r\n   <td>Konsep client server programming</td>\r\n  </tr>\r\n  <tr>\r\n   <th colspan="2">\r\n   <h3><strong>Harus memeiliki Keterampilan Dasar</strong></h3>\r\n   </th>\r\n  </tr>\r\n  <tr>\r\n   <td>1.</td>\r\n   <td>Keterampilan dasar pemrograman web HTML</td>\r\n  </tr>\r\n  <tr>\r\n   <td>2.</td>\r\n   <td>Keterampilan menggunakan DBMS</td>\r\n  </tr>\r\n  <tr>\r\n   <td>3.</td>\r\n   <td>Kemampuan Query Dasar</td>\r\n  </tr>\r\n  <tr>\r\n   <td>4.</td>\r\n   <td>Keterampilan membuat pemrograman terstruktur</td>\r\n  </tr>\r\n </tbody>\r\n</table>', 'b', 10),
	('SK07', 'Web Programmer', '340557536.jpg', '<table class="huruf table table-bordered">\r\n <tbody>\r\n  <tr>\r\n   <th colspan="2"><strong>Harus memiliki Pengetahuan Dasar</strong></th>\r\n  </tr>\r\n  <tr>\r\n   <td>1.</td>\r\n   <td>Algoritma Pemrograman</td>\r\n  </tr>\r\n  <tr>\r\n   <td>2.</td>\r\n   <td>Bahasa Pemrograman</td>\r\n  </tr>\r\n  <tr>\r\n   <td>3.</td>\r\n   <td>Konsep Database</td>\r\n  </tr>\r\n  <tr>\r\n   <td>4.</td>\r\n   <td>Pemrograman Terstruktur</td>\r\n  </tr>\r\n  <tr>\r\n   <td>5.</td>\r\n   <td>Pemrograman OOP</td>\r\n  </tr>\r\n  <tr>\r\n   <td>6.</td>\r\n   <td>Testing Software</td>\r\n  </tr>\r\n  <tr>\r\n   <td>7.</td>\r\n   <td>Pemrograman basis data (SQL)</td>\r\n  </tr>\r\n  <tr>\r\n   <td>8.</td>\r\n   <td>Project Management</td>\r\n  </tr>\r\n  <tr>\r\n   <td>9.</td>\r\n   <td>Konsep keamanan software</td>\r\n  </tr>\r\n  <tr>\r\n   <th colspan="2"><strong>Harus memiliki Keterampilan Dasar</strong></th>\r\n  </tr>\r\n  <tr>\r\n   <td>1.</td>\r\n   <td>Melakukan instalasi dan konfigurasi software sistem operasi</td>\r\n  </tr>\r\n  <tr>\r\n   <td>2.</td>\r\n   <td>Melakukan instalasi, konfigurasi dan menggunakan software alat bantu pengembangan program</td>\r\n  </tr>\r\n  <tr>\r\n   <td>3.</td>\r\n   <td>Melakukan instalasi, konfigurasi dan menggunakansoftware alat bantu pengembangan mobile data</td>\r\n  </tr>\r\n  <tr>\r\n   <td>4.</td>\r\n   <td>Melakukan instalasi, konfigurasi dan menggunakan software alat bantu pembuatan mobile interface</td>\r\n  </tr>\r\n  <tr>\r\n   <td>5.</td>\r\n   <td>Melakukan instalasi, konfigurasi dan menggunakan software alat bantupemantauan kesalahan (bug)</td>\r\n  </tr>\r\n  <tr>\r\n   <td>6.</td>\r\n   <td>Membaca dokumen spesifikasi teknis</td>\r\n  </tr>\r\n  <tr>\r\n   <td>7.</td>\r\n   <td>Berkoordinasi dengan anggota tim yang lain dalam proyek</td>\r\n  </tr>\r\n  <tr>\r\n   <td>8.</td>\r\n   <td>Melakukan pengukuran atas effort yang dibutuhkan dalam membuat suatu modul</td>\r\n  </tr>\r\n  <tr>\r\n   <td>9.</td>\r\n   <td>Melakukan instalasi dan konfigurasi library, komponen & framework yang diperlukan</td>\r\n  </tr>\r\n  <tr>\r\n   <td>10.</td>\r\n   <td>Melakukan pengamanan software melalui mekanisme pemrograman yang aman / secure</td>\r\n  </tr>\r\n  <tr>\r\n   <td>11.</td>\r\n   <td>Melakukan efsiensi pemorgraman</td>\r\n  </tr>\r\n </tbody>\r\n</table>', 'a', 6),
	('SK08', 'Junior Mobile Programmer', '468744299.jpg', '<table class="huruf table table-bordered">\r\n <tbody>\r\n  <tr>\r\n   <th colspan="2"><strong>Harus memiliki Pengetahuan Dasar</strong></th>\r\n  </tr>\r\n  <tr>\r\n   <td>1.</td>\r\n   <td>Pengetahuan tentang etika pemograman</td>\r\n  </tr>\r\n  <tr>\r\n   <td>2.</td>\r\n   <td>Konsep basisdata</td>\r\n  </tr>\r\n  <tr>\r\n   <td>3.</td>\r\n   <td>Konsep DBMS</td>\r\n  </tr>\r\n  <tr>\r\n   <td>4.</td>\r\n   <td>Protocol secure sockets layer</td>\r\n  </tr>\r\n  <tr>\r\n   <th colspan="2"><strong>Harus memiliki Keterampilan Dasar</strong></th>\r\n  </tr>\r\n  <tr>\r\n   <td>1.</td>\r\n   <td>Membuat algoritma pemograman</td>\r\n  </tr>\r\n  <tr>\r\n   <td>2.</td>\r\n   <td>Membuat program dengan bahasa terstruktur</td>\r\n  </tr>\r\n  <tr>\r\n   <td>3.</td>\r\n   <td>Mengidentifikasi struktur data</td>\r\n  </tr>\r\n  <tr>\r\n   <td>4.</td>\r\n   <td>Mengoperaikan bahasa pemograman mobile computing</td>\r\n  </tr>\r\n  <tr>\r\n   <td>5.</td>\r\n   <td>Mengoperasikan sistem computer</td>\r\n  </tr>\r\n  <tr>\r\n   <td>6.</td>\r\n   <td>Mengoperasikan sistem software aplikasi basis data</td>\r\n  </tr>\r\n  <tr>\r\n   <td>7.</td>\r\n   <td>Mengidentifikasi mobile security</td>\r\n  </tr>\r\n </tbody>\r\n</table>', 'b', 11),
	('SK09', 'Mobile Programmer', '1143626268.jpg', '<table class="huruf table table-bordered">\r\n <tbody>\r\n  <tr>\r\n   <th colspan="2"><strong>Harus memiliki Pengetahuan Dasar</strong></th>\r\n  </tr>\r\n  <tr>\r\n   <td>1.</td>\r\n   <td>Algoritma Pemrograman</td>\r\n  </tr>\r\n  <tr>\r\n   <td>2.</td>\r\n   <td>Bahasa Pemrograman</td>\r\n  </tr>\r\n  <tr>\r\n   <td>3.</td>\r\n   <td>Konsep Database & Mobile Database</td>\r\n  </tr>\r\n  <tr>\r\n   <td>4.</td>\r\n   <td>Pemrograman Terstruktur</td>\r\n  </tr>\r\n  <tr>\r\n   <td>5.</td>\r\n   <td>Pemrograman OOP</td>\r\n  </tr>\r\n  <tr>\r\n   <td>6.</td>\r\n   <td>Testing Software</td>\r\n  </tr>\r\n  <tr>\r\n   <td>7.</td>\r\n   <td>Pemrograman basis data (SQL)</td>\r\n  </tr>\r\n  <tr>\r\n   <td>8.</td>\r\n   <td>Project Management</td>\r\n  </tr>\r\n  <tr>\r\n   <th colspan="2">\r\n   <h3><strong>Harus memeiliki Keterampilan Dasar</strong></h3>\r\n   </th>\r\n  </tr>\r\n  <tr>\r\n   <td>1.</td>\r\n   <td>Melakukan instalasi dan konfigurasi software sistem operasi</td>\r\n  </tr>\r\n  <tr>\r\n   <td>2.</td>\r\n   <td>Melakukan instalasi, konfigurasi dan menggunakansoftware alat bantu pengembangan program</td>\r\n  </tr>\r\n  <tr>\r\n   <td>3.</td>\r\n   <td>Melakukan instalasi, konfigurasi dan menggunakan software alat bantu pengembangan mobile data</td>\r\n  </tr>\r\n  <tr>\r\n   <td>4.</td>\r\n   <td>Melakukan instalasi, konfigurasi dan menggunakan software alat bantu pembuatan mobile interface</td>\r\n  </tr>\r\n  <tr>\r\n   <td>5.</td>\r\n   <td>Melakukan instalasi, konfigurasi dan menggunakan software alat bantu pemantauan kesalahan (bug)</td>\r\n  </tr>\r\n  <tr>\r\n   <td>6.</td>\r\n   <td>Berkoordinasi dengan anggota tim yang lain dalam proyek</td>\r\n  </tr>\r\n  <tr>\r\n   <td>7.</td>\r\n   <td>Melakukan pengukuran atas effort yang dibutuhkan dalam membuat suatu modul</td>\r\n  </tr>\r\n  <tr>\r\n   <td>8.</td>\r\n   <td>Memahami berbagai tipe ponsel beserta fitur yang dimiliki</td>\r\n  </tr>\r\n  <tr>\r\n   <td>9.</td>\r\n   <td>Melakukan instalasi dan konfigurasi software alat bantu emulator mobile</td>\r\n  </tr>\r\n  <tr>\r\n   <td>10.</td>\r\n   <td>Menggunakan software alat bantu emulator mobile</td>\r\n  </tr>\r\n  <tr>\r\n   <td>11.</td>\r\n   <td>Melakukan instalasi dan konfigurasi library, komponen & framework yang diperlukan</td>\r\n  </tr>\r\n  <tr>\r\n   <td>12.</td>\r\n   <td>Membaca dokumen spesifikasi teknis</td>\r\n  </tr>\r\n  <tr>\r\n   <td>13.</td>\r\n   <td>Memahami berbagai macam fitur mobile seperti LBS, GPS, Dasar mobile security, variasi O/S mobile</td>\r\n  </tr>\r\n  <tr>\r\n   <td>14.</td>\r\n   <td>Melakukan interfacing ke berbagai Mobile API</td>\r\n  </tr>\r\n </tbody>\r\n</table>', 'a', 7),
	('SK10', 'Client Server Programmer', '86892444.jpg', '<table class="huruf table table-bordered">\r\n <tbody>\r\n  <tr>\r\n   <th colspan="2"><strong>Harus memiliki Pengetahuan Dasar</strong></th>\r\n  </tr>\r\n  <tr>\r\n   <td>1.</td>\r\n   <td>Algoritma Pemrograman</td>\r\n  </tr>\r\n  <tr>\r\n   <td>2.</td>\r\n   <td>Bahasa Pemrograman</td>\r\n  </tr>\r\n  <tr>\r\n   <td>3.</td>\r\n   <td>Konsep Database & Mobile Database</td>\r\n  </tr>\r\n  <tr>\r\n   <td>4.</td>\r\n   <td>Pemrograman Terstruktur</td>\r\n  </tr>\r\n  <tr>\r\n   <td>5.</td>\r\n   <td>Pemrograman OOP</td>\r\n  </tr>\r\n  <tr>\r\n   <td>6.</td>\r\n   <td>Testing Software</td>\r\n  </tr>\r\n  <tr>\r\n   <td>7.</td>\r\n   <td>Pemrograman basis data (SQL)</td>\r\n  </tr>\r\n  <tr>\r\n   <td>8.</td>\r\n   <td>Project Management</td>\r\n  </tr>\r\n  <tr>\r\n   <th colspan="2"><strong>Harus memiliki Keterampilan Dasar</strong></th>\r\n  </tr>\r\n  <tr>\r\n   <td>1.</td>\r\n   <td>Melakukan instalasi dan konfigurasi software sistem operasi</td>\r\n  </tr>\r\n  <tr>\r\n   <td>2.</td>\r\n   <td>Melakukan instalasi, konfigurasi dan menggunakansoftware alat bantu pengembangan program</td>\r\n  </tr>\r\n  <tr>\r\n   <td>3.</td>\r\n   <td>Melakukan instalasi, konfigurasi dan menggunakansoftware alat bantu pengembangan mobile data</td>\r\n  </tr>\r\n  <tr>\r\n   <td>4.</td>\r\n   <td>Melakukan instalasi, konfigurasi dan menggunakan software alat bantu pembuatan mobile interface</td>\r\n  </tr>\r\n  <tr>\r\n   <td>5.</td>\r\n   <td>Melakukan instalasi, konfigurasi dan menggunakan software alat bantupemantauan kesalahan (bug)</td>\r\n  </tr>\r\n  <tr>\r\n   <td>6.</td>\r\n   <td>Berkoordinasi dengan anggota tim yang lain dalam proyek</td>\r\n  </tr>\r\n  <tr>\r\n   <td>7.</td>\r\n   <td>Melakukan pengukuran atas effort yang dibutuhkan dalam membuat suatu modul</td>\r\n  </tr>\r\n  <tr>\r\n   <td>8.</td>\r\n   <td>Memahami berbagai tipe ponsel beserta fitur yang dimiliki</td>\r\n  </tr>\r\n  <tr>\r\n   <td>9.</td>\r\n   <td>Melakukan instalasi dan konfigurasi software alat bantu emulator mobile</td>\r\n  </tr>\r\n  <tr>\r\n   <td>10.</td>\r\n   <td>Menggunakan software alat bantu emulator mobile</td>\r\n  </tr>\r\n  <tr>\r\n   <td>11.</td>\r\n   <td>Melakukan instalasi dan konfigurasi library, komponen & framework yang diperlukan</td>\r\n  </tr>\r\n  <tr>\r\n   <td>12.</td>\r\n   <td>Membaca dokumen spesifikasi teknis</td>\r\n  </tr>\r\n  <tr>\r\n   <td>13.</td>\r\n   <td>Memahami berbagai macam fitur mobile seperti LBS, GPS, Dasar mobile security, variasi O/S mobile</td>\r\n  </tr>\r\n  <tr>\r\n   <td>14.</td>\r\n   <td>Melakukan interfacing ke berbagai Mobile API</td>\r\n  </tr>\r\n </tbody>\r\n</table>', 'a', 2),
	('SK11', 'Cloud Programmer', '485143300.jpg', '<table class="huruf table table-bordered">\r\n <tbody>\r\n  <tr>\r\n   <th colspan="2"><strong>Harus memiliki Pengetahuan Dasar</strong></th>\r\n  </tr>\r\n  <tr>\r\n   <td>1</td>\r\n   <td>Algoritma Pemrograman</td>\r\n  </tr>\r\n  <tr>\r\n   <td>2</td>\r\n   <td>Bahasa Pemrograman</td>\r\n  </tr>\r\n  <tr>\r\n   <td>3</td>\r\n   <td>Konsep Database</td>\r\n  </tr>\r\n  <tr>\r\n   <td>4</td>\r\n   <td>Pemrograman Terstruktur</td>\r\n  </tr>\r\n  <tr>\r\n   <td>5</td>\r\n   <td>Pemrograman OOP</td>\r\n  </tr>\r\n  <tr>\r\n   <td>6</td>\r\n   <td>Testing Software</td>\r\n  </tr>\r\n  <tr>\r\n   <td>7</td>\r\n   <td>Pemrograman basis data (SQL)</td>\r\n  </tr>\r\n  <tr>\r\n   <td>8</td>\r\n   <td>Project Management</td>\r\n  </tr>\r\n  <tr>\r\n   <td>9</td>\r\n   <td>Keamanan Database</td>\r\n  </tr>\r\n  <tr>\r\n   <td>10</td>\r\n   <td>Jaringan dan Keamanan</td>\r\n  </tr>\r\n  <tr>\r\n   <td>11</td>\r\n   <td>Sistem Operasi</td>\r\n  </tr>\r\n  <tr>\r\n   <td>12</td>\r\n   <td>Cloud Computing</td>\r\n  </tr>\r\n  <tr>\r\n   <th colspan="2"><strong>Harus memiliki Keterampilan Dasar</strong></th>\r\n  </tr>\r\n  <tr>\r\n   <td>1</td>\r\n   <td>Melakukan instalasi dan konfigurasi software sistem operasi</td>\r\n  </tr>\r\n  <tr>\r\n   <td>2</td>\r\n   <td>Melakukan instalasi, konfigurasi dan menggunakansoftware alat bantu pengembangan program</td>\r\n  </tr>\r\n  <tr>\r\n   <td>3</td>\r\n   <td>Melakukan instalasi, konfigurasi dan menggunakansoftware alat bantu pendukung cloud</td>\r\n  </tr>\r\n  <tr>\r\n   <td>4</td>\r\n   <td>Melakukan instalasi, konfigurasi dan menggunakansoftware alat bantu pengembangan aplikasi cloud</td>\r\n  </tr>\r\n  <tr>\r\n   <td>5</td>\r\n   <td>Melakukan instalasi, konfigurasi dan menggunakan software alat bantupemantauan kesalahan (bug)</td>\r\n  </tr>\r\n  <tr>\r\n   <td>6</td>\r\n   <td>Membaca dokumen spesifikasi teknis</td>\r\n  </tr>\r\n  <tr>\r\n   <td>7</td>\r\n   <td>Berkoordinasi dengan anggota tim yang lain dalam proyek</td>\r\n  </tr>\r\n  <tr>\r\n   <td>8</td>\r\n   <td>Melakukan pengukuran atas effort yang dibutuhkan dalam membuat suatu modul</td>\r\n  </tr>\r\n  <tr>\r\n   <td>9</td>\r\n   <td>Melakukan instalasi dan konfigurasi library, komponen & framework yang diperlukan</td>\r\n  </tr>\r\n  <tr>\r\n   <td>10</td>\r\n   <td>Melakukan pengamanan software melalui mekanisme pemrograman yang aman / secure</td>\r\n  </tr>\r\n  <tr>\r\n   <td>11</td>\r\n   <td>Melakukan efsiensi pemorgraman</td>\r\n  </tr>\r\n  <tr>\r\n   <td>12</td>\r\n   <td>Melakukan setting dan konfigurasi keamanan atas sistem dan aplikasi yang digunakan</td>\r\n  </tr>\r\n  <tr>\r\n   <td>13</td>\r\n   <td>Melakukan pengembangan aplikasi Saas (Software as a service) berbasis multi-tenant</td>\r\n  </tr>\r\n </tbody>\r\n</table>', 'a', 3);
/*!40000 ALTER TABLE `skkni_skema` ENABLE KEYS */;

-- Dumping structure for table sppkti.skkni_unit
CREATE TABLE IF NOT EXISTS `skkni_unit` (
  `id_unit` varchar(5) NOT NULL,
  `kode_unit` varchar(50) NOT NULL,
  `nama_unit` text NOT NULL,
  `deskripsi` text,
  PRIMARY KEY (`id_unit`)
) ENGINE=InnoDB DEFAULT CHARSET=latin1;

-- Dumping data for table sppkti.skkni_unit: ~58 rows (approximately)
/*!40000 ALTER TABLE `skkni_unit` DISABLE KEYS */;
INSERT INTO `skkni_unit` (`id_unit`, `kode_unit`, `nama_unit`, `deskripsi`) VALUES
	('UK001', 'J.620100.001.01', 'Menganalisis tools', 'Unit ini menentukan kompetensi, pengetahuan dan sikap kerja yang diperlukan untuk menganalisis tools yang diperlukan untuk mengembangkan perangkat lunak aplikasi sesuai dengan kebutuhan.'),
	('UK002', 'J.620100.002.01', 'Menganalisis skalabilitas perangkat lunak', 'Unit kompetensi ini berhubungan dengan sikap, pengetahuan, dan keterampilan yang dibutuhkan dalam menganalisis skalabilitas perangkat lunak untuk tujuan implementasi.'),
	('UK003', 'J.620100.003.01', 'Melakukan Identifikasi Library, Komponen atau Framework yang diperlukan', 'Unit ini menentukan kompetensi, pengetahuan dan Sikap kerja yang diperlukan untuk pencarian, pengembangan proof of concept, dan penentuan library, komponen atau framework dari open source hingga proprietary untuk dapat dimanfaatkan pada pekerjaan pembangunan perangkat lunak.'),
	('UK004', 'J.620100.006.01', 'Merancang User Experience', 'Unit ini menentukan kompetensi yang diperlukan untuk membuat rancangan user experience untuk aplikasi yang dikembangkan.'),
	('UK005', 'J.620100.008.01', 'Merancang Arsitektur aplikasi', 'Unit ini menentukan kompetensi yang diperlukan untuk membuat rancangan arsitektur dari aplikasi yang dikembangkan.'),
	('UK006', 'J.620100.014.01', 'Menerapkan metode dan praktik penggunaan kembali (reusable) subrutin-subrutin', 'Unit ini mengukur kemampuan programmer dalam merancang, mengimplementasikan, dan menggunakan kembali subrutin (fungsi/prosedur/modul) untuk membuat program.'),
	('UK007', 'J.620100.015.01', 'Menyusun fungsi, file atau sumber daya pemrograman yang lain dalam organisasi yang rapi', 'Unit kompetensi ini berhubungan dengan sikap, pengetahuan, dan keterampilan yang dibutuhkan dalam mengorganisasikan sumber daya hasil pemrogramannya seperti source code, file referensi, dokumentasi, dll dalam organisasi yang rapi sehingga memudahkan diri sendiri maupun orang lain dalam mengakses dan menggunakan sumber daya tersebut.'),
	('UK008', 'J.620100.019.02', 'Menggunakan library atau komponen pre-existing', 'Unit kompetensi ini berhubungan dengan sikap, pengetahuan, dan keterampilan yang diperlukan untuk menggunakan komponen-komponen reuse (yang dapat dipergunakan secara berulang) untuk mendukung pengembangan aplikasi yang efisien.'),
	('UK009', 'J.620100.024.02', 'Melakukan migrasi ke teknologi baru', 'Unit kompetensi ini berhubungan dengan sikap, pengetahuan, dan keterampilan yang dibutuhkan dalam meningkatkan kinerja organisasi dengan menggunakan teknologi pemrograman terkini.'),
	('UK010', 'J.620100.026.01', 'Menerapkan Source code Versioning', 'Unit kompetensi ini berhubungan dengan sikap, pengetahuan, dan keterampilan yang diperlukan dalam menerapkan metode dan tools untuk mencatat versi dari setiap program sumber.'),
	('UK011', 'J.620100.031.01', 'Melakukan Profiling Program', 'Unit kompetensi ini berhubungan dengan sikap, pengetahuan, dan keterampilan yang dibutuhkan dalam upaya investigasi performa, waktu eksekusi dari suatu program dalam upaya melakukan optimasi program.'),
	('UK012', 'J.620100.034.02', 'Melaksanakan pengujian Integrasi program', 'Unit kompetensi ini mendeskripsikan sikap, kemampuan dan pengetahuan untuk melakukan pengujian integrasi dari setiap modul program yang telah dibuat.'),
	('UK013', 'J.620100.035.02', 'Melaksanakan pengujian Program Sistem', 'Unit kompetensi ini berhubungan dengan sikap, pengetahuan, dan keterampilan yang dibutuhkan dalam melaksanakan pengujian sistem dari seluruh arsitektur program yang telah dibuat.'),
	('UK014', 'J.620100.037.01', 'Melaksanakan Stress Test', 'Unit kompetensi ini berhubungan dengan melaksanakan stress test untuk menguji aplikasi dengan karakteristik load sedekat mungkin dengan load sewaktu production.'),
	('UK015', 'J.620100.041.01', 'Melaksanakan Cutover aplikasi', 'Unit kompetensi ini berhubungan dengan sikap, pengetahuan, dan keterampilan yang dibutuhkan untuk melaksanakan perpindahan dari penggunaan aplikasi  lama ke aplikasi baru (cutover aplikasi) dengan menggunakan mekanisme yang paling sesuai dengan situasi dan kondisi.'),
	('UK016', 'J.620100.042.01', 'Melaksanakan Konfigurasi Perangkat Lunak Sesuai Environment (Development, Staging, Production)', 'Unit kompetensi ini berhubungan dengan sikap, pengetahuan, dan keterampilan yang dibutuhkan untuk melakukan konfigurasi perangkat lunak sesuai environment.'),
	('UK017', 'J.620100.043.01', 'Menganalisis dampak perubahan terhadap aplikasi', 'Unit ini berkaitan dengan analisis dampak development effort yang muncul dari adanya permintaan perubahan aplikasi dari stakeholder.'),
	('UK018', 'J.620100.045.01', 'Melakukan pemantauan resource yang digunakan aplikasi', 'Unit kompetensi ini berhubungan dengan sikap, pengetahuan, dan keterampilan yang berkaitan dengan pemantauan resource yang digunakan aplikasi.'),
	('UK019', 'J.620100.004.02', 'Menggunakan struktur data', 'Unit ini menentukan kompetensi, pengetahuan dan sikap kerja  yang diperlukan dalam mempelajari dan membuat struktur data yang akan diterapkan pada pemrograman, tanpa tergantung bahasa pemrograman yang akan dipakai.'),
	('UK020', 'J.620100.010.01', 'Menerapkan perintah eksekusi bahasa pemrograman berbasis text, grafik, dan multimedia', 'Unit kompetensi ini berhubungan dengan sikap, pengetahuan, dan keterampilan yang dibutuhkan untuk dapat menjalankan code yang dibuat pada lingkungan tools pemrograman tertentu.'),
	('UK021', 'J.620100.017.02', 'Mengimplementasikan pemrograman terstruktur', 'Unit kompetensi ini berhubungan dengan sikap, pengetahuan, dan keterampilan yang dibutuhkan untuk membuat program  terstruktur atau prosedural.'),
	('UK022', 'J.620100.020.02', 'Menggunakan SQL', 'Unit kompetensi ini berhubungan dengan sikap, pengetahuan, dan keterampilan yang dibutuhkan untuk menggunakan perangkat aplikasi berbasis data deskripsi atau SQL (Structured Query Language) pada aspek DML-Data Manipulation Language.'),
	('UK023', 'J.620100.021.02', 'Menerapkan akses basis data', 'Unit kompetensi ini berhubungan dengan sikap, pengetahuan, dan keterampilan yang dibutuhkan untuk membuat program yang mengakses basis data suatu sistem manajemen basis data.'),
	('UK024', 'J.620100.022.02', 'Mengimplementasikan algoritma pemrograman', 'Unit kompetensi ini berhubungan dengan sikap, pengetahuan, dan keterampilan yang dibutuhkan dalam menerapkan algoritma pada setiap pemrograman, tanpa tergantung bahasa pemrograman yang akan dipakai.'),
	('UK025', 'J.620100.025.02', 'Melakukan debugging', 'Unit kompetensi ini berhubungan dengan sikap, pengetahuan, dan keterampilan yang dibutuhkan dalam memeriksa kode program dari kesalahan (bug).'),
	('UK026', 'J.620100.033.02', 'Melaksanakan pengujian unit program', 'Unit kompetensi ini berhubungan dengan sikap, pengetahuan, dan keterampilan yang dibutuhkan dalam melakukan uji coba unit program.'),
	('UK027', 'J.620100.007.01', 'Mengimplementasikan rancangan Entitas dan Keterkaitan antar Entitas', 'Unit ini menentukan kompetensi, pengetahuan dan Sikap kerja yang diperlukan untuk mengimplementasikan rancangan entitas dan keterkaitannya yang diperlukan sebagai dasar basis data yang dibuat.'),
	('UK028', 'J.620100.009.01', 'Menggunakan spesifikasi program', 'Unit kompetensi ini berhubungan dengan sikap, pengetahuan, dan keterampilan yang dibutuhkan untuk dapat memahami spesifikasi hasil perancangan program (termasuk Context Diagram (DCD), Data Flow Diagram (DFD), Entity Relationship Diagram (ERD), diagram objek, diagram komponen, class/modul program, properti class, tabel dan deskripsinya) dan menggunakannya.'),
	('UK029', 'J.620100.012.01', 'Melakukan pengaturan software tools pemrograman', 'Unit ini mengukur kemampuan programmer dalam melakukan setting lingkungan pemrograman yang akan digunakan dalam pekerjaan membuat program.'),
	('UK030', 'J.620100.018.02', 'Mengimplementasikan pemrograman berorientasi objek', 'Unit kompetensi ini berhubungan dengan sikap, pengetahuan, dan keterampilan yang dibutuhkan dalam membuat perangkat lunak aplikasi dalam bahasa pemrograman berorientasi objek.'),
	('UK031', 'J.620100.040.01', 'Membuat paket Instalasi perangkat lunak', 'Unit kompetensi ini berhubungan dengan sikap, pengetahuan, dan keterampilan yang dibutuhkan dalam melakukan instalasi perangkat lunak sesuai dengan alat atau mesinnya tanpa memerlukan kode sumber asalnya.'),
	('UK032', 'J.620100.046.01', 'Mengimplementasikan fitur logging aplikasi', 'Unit kompetensi ini berhubungan dengan sikap, pengetahuan, dan keterampilan yang dibutuhkan dalam penerapan pengelolaan log aplikasi.'),
	('UK033', 'J.620100.047.01', 'Melakukan pembaharuan perangkat lunak', 'Unit kompetensi ini berhubungan dengan sikap, pengetahuan, dan keterampilan yang dibutuhkan dalam kaitan dengan pembaharuan perangkat lunak.'),
	('UK034', 'J.620100.005.02', 'Mengimplementasikan User Interface', 'Unit ini menentukan kompetensi, pengetahuan dan Sikap kerja yang diperlukan dalam membuat rancangan antar muka program.'),
	('UK035', 'J.620100.011.01', 'Melakukan instalasi software tools pemrograman', 'Unit ini mengukur kemampuan programmer dalam melakukan instalasi lingkungan pemrograman yang akan digunakan dalam pekerjaan membuat program.'),
	('UK036', 'J.620100.016.01', 'Menulis kode dengan prinsip sesuai guidelines dan best practices', 'Unit ini menentukan kompetensi, pengetahuan dan Sikap kerja yang diperlukan dalam menerapkan prinsip penulisan kode yang baik agar kode tersebut dapat dirawat (maintainability).'),
	('UK037', 'J.620100.023.02', 'Membuat dokumen kode program', 'Unit kompetensi ini berhubungan dengan sikap, pengetahuan, dan keterampilan yang yang diperlukan untuk membuat dokumentasi dari kode program yang telah ditulis secara hardcopy termasuk  identifikasi penjelas dari dokumen tersebut.'),
	('UK038', 'J.620100.032.01', 'Menerapkan Code Review', 'Unit kompetensi ini berhubungan dengan sikap, pengetahuan, dan keterampilan yang dibutuhkan untuk melakukan code review dalam rangka menganalisis kesesuaian kode dengan coding guidelines dan best-practices.'),
	('UK039', 'J.620100.038.01', 'Melaksanakan Pengujian Oleh Pengguna (UAT)', 'Unit kompetensi ini berhubungan dengan sikap, pengetahuan, dan keterampilan yang dibutuhkan dalam melaksanakan pengujian oleh pengguna, biasa disebut dengan istilah User Acceptance Test (UAT) untuk mengetahui kelayakan dan kesesuaian aplikasi.'),
	('UK040', 'J.612000.001.01', 'Menunjukkan Platform Operating System dan Bahasa Pemrograman di dalam Perangkat Lunak', 'Unit ini berhubungan dengan pengetahuan, keterampilan dan sikap kerja yang dibutuhkan dalam menunjukkan sistem operasi dan bahasa pemrograman berdasarkan platform dan device yang digunakan oleh user.'),
	('UK041', 'J.612000.002.01', 'Merancang Mobile Network Programming', 'Unit ini berhubungan dengan pengetahuan, keterampilan dan sikap kerja yang dibutuhkan dalam mengukur keterampilan programming khususnya untuk memenuhi kebutuhan mobile network programming.'),
	('UK042', 'J.612000.003.01', 'Merancang Database dan Data Persistence pada Mobile Data', 'Unit ini berhubungan dengan pengetahuan, keterampilan dan sikap kerja yang dibutuhkan dalam penyimpanan data pada aplikasi mobile dengan menggunakan internal atau eksternal storage dan sqlite database serta penyimpanan data pada layer terpisah dari perangkat mobile.'),
	('UK043', 'J.612000.004.01', 'Membuat Multimedia Messaging Application pada Mobile Computing', 'Unit ini berhubungan dengan pengetahuan, keterampilan dan sikap kerja yang dibutuhkan dalam membuat dan mengirimkan multimedia message dilihat dari sudut pandang konten, aplikasi dan layanan telekomunikasi.'),
	('UK044', 'J.612000.005.01', 'Merancang Pemrograman pada Mobile Network Element', 'Unit ini berhubungan dengan pengetahuan, keterampilan dan sikap kerja yang dibutuhkan dalam melakukan pemrograman dalam pengembangan aplikasi client  server yang dapat diaplikasikan pada mobile technology.'),
	('UK045', 'J.612000.006.01', 'Menyusun Mobile Location Based Service, GPS dan Mobile Navigation.', 'Unit ini berhubungan dengan pengetahuan, keterampilan dan sikap kerja yang dibutuhkan dalam menyusun rencana prosedur penggunaan LBS, GPS dan navigasi pada perangkat bergerak.'),
	('UK046', 'J.612000.007.01', 'Merancang Mobile Interface', 'Unit ini berhubungan dengan pengetahuan, keterampilan dan sikap kerja yang dibutuhkan dalam merancang Interface yang menarik sehingga aplikasi berbasis mobile dapat digunakan dengan baik, serta dapat mengidentifikasi ketertarikan user terhadap aplikasi berbasis mobile yang dikembangkan.'),
	('UK047', 'J.612000.008.01', 'Menjelaskan Dasar-dasar Mobile Security', 'Unit ini berhubungan dengan pengetahuan, keterampilan dan sikap kerja yang dibutuhkan dalam mengukur pemahaman mengenai dasar-dasar Mobile Communication Security.'),
	('UK048', 'J.612000.018.01', 'Merancang Penggunaan dan Pengembangan Mobile API', 'Unit ini berhubungan dengan pengetahuan, keterampilan dan sikap kerja yang dibutuhkan dalam merancang penggunaan Mobile API dan pengembangannya sesuai kebutuhan user.'),
	('UK049', 'J.620100.027.01', 'Mengimplementasikan network programming', 'Unit kompetensi ini berhubungan dengan sikap, pengetahuan, dan keterampilan yang dibutuhkan dalam mengimplementasikan network programming sebagai mekanisme komunikasi antar proses.'),
	('UK050', 'J.620100.028.02', 'Menerapkan pemrograman Real Time', 'Unit kompetensi ini berhubungan dengan sikap, pengetahuan, dan keterampilan yang dibutuhkan dalam membuat pemahaman teknik pemrograman real time.'),
	('UK051', 'J.620100.029.02', 'Menerapkan pemrograman Paralel', 'Unit ini menentukan kompetensi, pengetahuan dan sikap kerja yang berhubungan dengan teknik pemrograman paralel yang berisikan banyak task/job untuk menyelesaikan pekerjaan tersebut.'),
	('UK052', 'J.620100.013.01', 'Menerapkan pemecahan permasalahan menjadi subrutin', 'Unit kompetensi ini berhubungan dengan sikap, pengetahuan, dan keterampilan yang dibutuhkan dalam memecah permasalahan menjadi permasalahanpermasalahan yang lebih kecil dan menyelesaikan permasalahan lebih kecil tersebut berupa fungsi, prosedur, library, atau representasi yang lain sesuai paradigma bahasa pemrograman yang digunakan.'),
	('UK053', 'J.631120.001.01', 'Mendefinisikan Terminologi dan Konsep Cloud Computing', 'Unit kompetensi ini berhubungan dengan kemampuan untuk mendefinisikan terminologi dan konsep cloud computing, karakteriktik cloud computing, model pengantaran layanan cloud computing, model cloud computing deployment. Selain itu juga mendefinisikan biaya dan manfaat cloud computing, SLA (Service Level Agreement) cloud computing dan menguraikan topologi jaringan komputer untuk sistem cloud computing.'),
	('UK054', 'J.631120.010.01', 'Melakukan Adaptasi untuk Deployment di Environment Cloud', 'Unit kompetensi ini berhubungan dengan kemampuan mengidentifikasi fitur layanan dan jenis pengguna untuk memberikan kemudahan beradaptasi dalam deployment di sistem Cloud.'),
	('UK055', 'J.631120.011.01', 'Mengembangkan Perangkat Lunak Sesuai dengan Deployment Environment', 'Unit kompetensi ini berhubungan dengan pengetahuan dan keterampilan dalam membangun perangkat lunak sesuai dengan fitur layanan dan jenis pengguna hingga menjadi perangkat lunak yang sempurna, menguji perangkat lunak yang dikembangkan serta mendokumentasikan pengembangan perangkat lunak.'),
	('UK056', 'J.631120.012.01', 'Memetakan Kebutuhan Aplikasi dari User ke Solusi Cloud', 'Unit kompetensi ini berhubungan dengan kemampuan dalam mendeskripsikan variasi aplikasi yang bisa menjadi solusi untuk user, menyusun solusi aplikasi, serta mendokumentasikan peta kebutuhan aplikasi dari user terhadap solusi aplikasi cloud.'),
	('UK057', 'J.612000.022.01', 'Menjelaskan mobile sensor dan spesifikasi teknisnya untuk mobile computing', 'Unit kompetensi ini berhubungan dengan pengetahuan, keterampilan dan sikap kerja dalam menunjukkan sensor-sensor yang terdapat pada mobile computing.'),
	('UK058', 'J.612000.025.01', 'Menentukan mobile seluler network', 'Unit ini berhubungan dengan pengetahuan, keterampilan dan sikap kerja yang dibutuhkan dalam mengidentifikasikan mobile celular network untuk melakukan data komunikasi bagi mobile user.');
/*!40000 ALTER TABLE `skkni_unit` ENABLE KEYS */;

-- Dumping structure for table sppkti.tokens
CREATE TABLE IF NOT EXISTS `tokens` (
  `id` int(11) NOT NULL AUTO_INCREMENT,
  `token` varchar(255) NOT NULL,
  `user_id` int(11) NOT NULL,
  `created` date NOT NULL,
  PRIMARY KEY (`id`),
  KEY `user_id` (`user_id`),
  CONSTRAINT `FK_tokens_users` FOREIGN KEY (`user_id`) REFERENCES `users` (`id`)
) ENGINE=InnoDB DEFAULT CHARSET=latin1;

-- Dumping data for table sppkti.tokens: ~0 rows (approximately)
/*!40000 ALTER TABLE `tokens` DISABLE KEYS */;
/*!40000 ALTER TABLE `tokens` ENABLE KEYS */;

-- Dumping structure for table sppkti.users
CREATE TABLE IF NOT EXISTS `users` (
  `id` int(11) NOT NULL AUTO_INCREMENT,
  `username` varchar(100) NOT NULL,
  `password` varchar(100) NOT NULL,
  `email` varchar(100) NOT NULL,
  `first_name` varchar(100) NOT NULL,
  `last_name` varchar(100) NOT NULL,
  `gid` varchar(5) NOT NULL,
  `su` int(1) DEFAULT '0',
  `prop` int(1) DEFAULT '1',
  `date_created` datetime DEFAULT NULL,
  `last_login` datetime DEFAULT NULL,
  PRIMARY KEY (`id`),
  KEY `idj` (`gid`),
  CONSTRAINT `FK_users_jurusan` FOREIGN KEY (`gid`) REFERENCES `user_group` (`gid`)
) ENGINE=InnoDB AUTO_INCREMENT=23 DEFAULT CHARSET=latin1;

-- Dumping data for table sppkti.users: ~21 rows (approximately)
/*!40000 ALTER TABLE `users` DISABLE KEYS */;
INSERT INTO `users` (`id`, `username`, `password`, `email`, `first_name`, `last_name`, `gid`, `su`, `prop`, `date_created`, `last_login`) VALUES
	(1, 'superadmin', '21232f297a57a5a743894a0e4a801fc3', 'superadmin@sppkti.xyz', 'Adi', 'Guntoro', 'SPA', 1, 0, '2017-12-25 17:01:07', '2019-02-04 05:21:51'),
	(2, 'admin', '21232f297a57a5a743894a0e4a801fc3', 'admin@sppkti.xyz', 'ADMIN', 'SPPKTI', 'ADM', 1, 0, '2017-12-25 17:01:19', '2019-02-04 05:17:10'),
	(3, 'coba', 'c3ec0f7b054e729c5a716c8125839829', 'coba@lagi.com', 'coba', 'lagi', 'TI', 0, 1, '2017-12-25 17:01:19', '2017-12-25 17:01:25'),
	(4, 'pakar1', '87b7cf2448de01f22b0c016b272f2ec0', 'pakar1@gmail.com', 'PAKAR', 'SKKNI', 'ADM', 2, 0, '2017-12-25 17:01:19', '2017-12-25 17:01:25'),
	(5, 'pakar2', '87b7cf2448de01f22b0c016b272f2ec0', 'pakar2@gmail.com', 'PAKAR', 'MBTI', 'ADM', 3, 0, '2017-12-25 17:01:19', '2017-12-25 17:01:25'),
	(6, 'user1', '24c9e15e52afc47c225b757e7bee1f9d', 'yunihanda10@gmail.com', 'Yuni', 'Handa', 'SI', 0, 2, '2017-12-25 17:01:19', '2018-06-16 21:16:27'),
	(7, 'user', '202cb962ac59075b964b07152d234b70', 'adiguntoro@ymail.com', 'user', 'user', 'TI', 0, 1, '2017-12-25 17:01:19', '2018-06-21 00:02:55'),
	(8, 'ireneaadler', '202cb962ac59075b964b07152d234b70', 'diralova@gmail.com', 'Irene', 'Adler', 'SI', 0, 2, '2017-12-25 17:01:19', '2017-12-25 17:01:25'),
	(9, 'dira', '202cb962ac59075b964b07152d234b70', 'dira@gmail.com', 'Nadhira', 'Aisya', 'SPA', 1, 0, '2017-12-25 17:01:19', '2017-12-26 15:01:23'),
	(10, 'faisal', '202cb962ac59075b964b07152d234b70', 'faisal@mail.com', 'faisal', 'fachrozi', 'SI', 0, 2, '2017-12-25 17:01:19', '2019-02-04 06:05:46'),
	(11, 'baru', '202cb962ac59075b964b07152d234b70', 'addfs@sdf.com', 'Baru', 'Nih', 'TI', 0, 1, '2017-12-25 17:01:19', '2017-12-25 17:01:25'),
	(12, 'qq', '202cb962ac59075b964b07152d234b70', 'q@q.com', 'Qq', 'Qw', 'TI', 0, 2, '2017-12-25 17:01:19', '2017-12-25 17:01:25'),
	(13, 'tesprop', '28b662d883b6d76fd96e4ddc5e9ba780', 'asd@sadf.com', 'tes', 'prop', 'SI', 0, 1, '2017-12-25 17:01:19', '2017-12-25 17:01:25'),
	(14, 'ffff', 'ece926d8c0356205276a45266d361161', 'ffff@fff.fff', 'Ffff', 'Ffff', 'SI', 0, 1, '2017-12-25 17:01:19', '2017-12-25 17:01:25'),
	(15, 'user2', 'ee11cbb19052e40b07aac0ca060c23ee', 'adiguntoro2@ymail.com', 'user', 'user', 'TI', 0, 1, '2017-12-25 17:01:19', '2017-12-25 17:01:25'),
	(16, 'nandaarfb', '161ebd7d45089b3446ee4e0d86dbcf92', 'nandaarief28@gmail.com', 'Nanda Arief', 'Bachtiar', 'SI', 0, 1, '2017-12-25 17:01:19', '2017-12-25 17:01:25'),
	(18, 'okeoke', '3c6ff13b2a3cad695783dbf94128f2aa', 'oke@mail.com', 'Oke', 'Oke', 'SI', 0, 1, NULL, NULL),
	(19, 'user3', '827ccb0eea8a706c4c34a16891f84e7b', 'user3@gmail.com', 'User3', 'User3', 'IK', 0, 1, '2017-12-27 08:00:09', '2017-12-27 08:00:19'),
	(20, 'fariz', '202cb962ac59075b964b07152d234b70', 'fariz.hendriansyah@edi-indonesia.co.id', 'Fariz', 'Hendriansyah', 'TI', 0, 2, '2018-05-25 06:11:13', '2018-05-25 06:11:24'),
	(21, 'adi30', '202cb962ac59075b964b07152d234b70', 'aoi.soichiro@gmail.com', 'Adi', 'Guntoro', 'TIK', 0, 1, '2018-06-21 00:53:14', '2018-06-21 05:44:11'),
	(22, 'imam', '263aeb2085a018d0c446d7af39e089d1', 'diraaja@emailya.com', 'Imam', 'Arif', 'IK', 0, 1, '2019-01-12 14:53:42', '2019-02-05 12:08:23');
/*!40000 ALTER TABLE `users` ENABLE KEYS */;

-- Dumping structure for table sppkti.user_group
CREATE TABLE IF NOT EXISTS `user_group` (
  `gid` varchar(5) NOT NULL,
  `group_name` varchar(200) NOT NULL,
  PRIMARY KEY (`gid`)
) ENGINE=InnoDB DEFAULT CHARSET=latin1;

-- Dumping data for table sppkti.user_group: ~12 rows (approximately)
/*!40000 ALTER TABLE `user_group` DISABLE KEYS */;
INSERT INTO `user_group` (`gid`, `group_name`) VALUES
	('ADM', 'Administrator'),
	('IK', 'Ilmu Komputer'),
	('MI', 'Manajemen Informatika'),
	('MM', 'Multimedia'),
	('RPL', 'Rekayasa Perangkat Lunak'),
	('SI', 'Sistem Informasi'),
	('SK', 'Sistem Komputer'),
	('SPA', 'Super Administrator'),
	('TE', 'Teknik Elektro'),
	('TI', 'Teknologi Informasi'),
	('TIK', 'Teknik Informatika'),
	('TK', 'Teknik Komputer');
/*!40000 ALTER TABLE `user_group` ENABLE KEYS */;

/*!40101 SET SQL_MODE=IFNULL(@OLD_SQL_MODE, '') */;
/*!40014 SET FOREIGN_KEY_CHECKS=IF(@OLD_FOREIGN_KEY_CHECKS IS NULL, 1, @OLD_FOREIGN_KEY_CHECKS) */;
/*!40101 SET CHARACTER_SET_CLIENT=@OLD_CHARACTER_SET_CLIENT */;
